{"assets": ["BTC/USDT", "ETH/USDT"], "config_hash": "ff29c1b971903f24acc84ff9b38e458e8f8b14018d14f0bde67c8cb2da064702", "event": "process_startup", "exchange": "Binance public", "feature_version": "features-v2-62dcdaf26bc1", "feeds": ["aggTrade", "bookTicker", "depth@100ms", "premiumIndex", "openInterest"], "git_commit": "78c4cdc3eb7177dd0ba82daaf7b6f8e97766e094", "level": "INFO", "package_version": "0.1.0", "process_id": 2863, "python_version": "3.12.14", "shadow_id": "shadow-v2-6ab25b17-2bfe-4b52-a7ca-452bf2e82199", "start_timestamp": "2026-09-22T11:52:03.415623+00:00", "timestamp": "2026-09-22T11:52:03.457690+00:00"}
{"assets": ["BTC/USDT", "ETH/USDT"], "event": "subscription", "level": "INFO", "streams": ["aggTrade", "bookTicker", "depth@100ms"], "timestamp": "2026-09-22T11:52:03.457905+00:00"}
{"asset": "BTC/USDT", "event": "rest_reconciliation", "level": "INFO", "timestamp": "2026-09-22T11:52:03.457987+00:00"}
{"asset": "BTC/USDT", "event": "book_resync", "level": "INFO", "sequence": 100494320580, "timestamp": "2026-09-22T11:52:03.872079+00:00"}
{"asset": "ETH/USDT", "event": "rest_reconciliation", "level": "INFO", "timestamp": "2026-09-22T11:52:03.872208+00:00"}
{"asset": "ETH/USDT", "event": "book_resync", "level": "INFO", "sequence": 81325771512, "timestamp": "2026-09-22T11:52:04.167145+00:00"}
{"event": "feed_connected", "exchange": "binance", "level": "INFO", "timestamp": "2026-09-22T11:52:04.167234+00:00"}
{"current": "DEGRADED", "event": "health_transition", "level": "WARNING", "previous": "HEALTHY", "reason": "sequence_gap", "timestamp": "2026-09-22T11:52:05.032759+00:00"}
{"asset": "BTC/USDT", "event": "sequence_gap", "first": 100494320707, "last": 100494320716, "level": "WARNING", "timestamp": "2026-09-22T11:52:05.032849+00:00"}
{"asset": "BTC/USDT", "event": "book_invalidation", "level": "WARNING", "timestamp": "2026-09-22T11:52:05.032906+00:00"}
{"current": "HEALTHY", "event": "health_transition", "level": "INFO", "previous": "DEGRADED", "reason": "book_resync", "timestamp": "2026-09-22T11:52:05.390549+00:00"}
{"asset": "BTC/USDT", "event": "book_resync", "level": "INFO", "sequence": 100494320759, "timestamp": "2026-09-22T11:52:05.390882+00:00"}
{"current": "DEGRADED", "event": "health_transition", "level": "WARNING", "previous": "HEALTHY", "reason": "sequence_gap", "timestamp": "2026-09-22T11:52:05.392883+00:00"}
{"asset": "ETH/USDT", "event": "sequence_gap", "first": 81325771676, "last": 81325771712, "level": "WARNING", "timestamp": "2026-09-22T11:52:05.393028+00:00"}
{"asset": "ETH/USDT", "event": "book_invalidation", "level": "WARNING", "timestamp": "2026-09-22T11:52:05.393086+00:00"}
{"current": "HEALTHY", "event": "health_transition", "level": "INFO", "previous": "DEGRADED", "reason": "book_resync", "timestamp": "2026-09-22T11:52:05.677625+00:00"}
{"asset": "ETH/USDT", "event": "book_resync", "level": "INFO", "sequence": 81325771806, "timestamp": "2026-09-22T11:52:05.677778+00:00"}
{"asset": "BTC/USDT", "event": "stale_feed", "level": "WARNING", "stale_ratio": 0.25, "timestamp": "2026-09-22T11:52:08.115965+00:00"}
{"asset": "ETH/USDT", "event": "stale_feed", "level": "WARNING", "stale_ratio": 0.25, "timestamp": "2026-09-22T11:52:09.115152+00:00"}
{"asset": "ETH/USDT", "event": "stale_feed", "level": "WARNING", "stale_ratio": 0.25, "timestamp": "2026-09-22T11:52:10.127082+00:00"}
{"asset": "ETH/USDT", "event": "stale_feed", "level": "WARNING", "stale_ratio": 0.25, "timestamp": "2026-09-22T11:52:11.128857+00:00"}
{"asset": "ETH/USDT", "event": "stale_feed", "level": "WARNING", "stale_ratio": 0.25, "timestamp": "2026-09-22T11:52:12.129462+00:00"}
{"asset": "ETH/USDT", "event": "stale_feed", "level": "WARNING", "stale_ratio": 0.25, "timestamp": "2026-09-22T11:52:13.139125+00:00"}
{"asset": "BTC/USDT", "event": "stale_feed", "level": "WARNING", "stale_ratio": 0.25, "timestamp": "2026-09-22T11:52:14.231844+00:00"}
{"asset": "BTC/USDT", "event": "stale_feed", "level": "WARNING", "stale_ratio": 0.25, "timestamp": "2026-09-22T11:52:15.229144+00:00"}
{"asset": "ETH/USDT", "event": "stale_feed", "level": "WARNING", "stale_ratio": 0.25, "timestamp": "2026-09-22T11:52:16.228031+00:00"}
{"asset": "ETH/USDT", "event": "stale_feed", "level": "WARNING", "stale_ratio": 0.25, "timestamp": "2026-09-22T11:52:17.231556+00:00"}
{"asset": "BTC/USDT", "event": "stale_feed", "level": "WARNING", "stale_ratio": 0.25, "timestamp": "2026-09-22T11:52:18.239970+00:00"}
{"asset": "ETH/USDT", "event": "stale_feed", "level": "WARNING", "stale_ratio": 0.25, "timestamp": "2026-09-22T11:52:19.282543+00:00"}
{"asset": "ETH/USDT", "event": "stale_feed", "level": "WARNING", "stale_ratio": 0.25, "timestamp": "2026-09-22T11:52:20.332962+00:00"}
{"asset": "BTC/USDT", "event": "stale_feed", "level": "WARNING", "stale_ratio": 0.25, "timestamp": "2026-09-22T11:52:21.379930+00:00"}
{"asset": "BTC/USDT", "event": "stale_feed", "level": "WARNING", "stale_ratio": 0.25, "timestamp": "2026-09-22T11:52:22.433551+00:00"}
{"asset": "BTC/USDT", "event": "stale_feed", "level": "WARNING", "stale_ratio": 0.25, "timestamp": "2026-09-22T11:52:23.481120+00:00"}
{"asset": "BTC/USDT", "event": "stale_feed", "level": "WARNING", "stale_ratio": 0.25, "timestamp": "2026-09-22T11:52:24.528751+00:00"}
{"asset": "BTC/USDT", "event": "stale_feed", "level": "WARNING", "stale_ratio": 0.25, "timestamp": "2026-09-22T11:52:25.573694+00:00"}
{"asset": "BTC/USDT", "event": "stale_feed", "level": "WARNING", "stale_ratio": 0.25, "timestamp": "2026-09-22T11:52:26.636651+00:00"}
{"asset": "BTC/USDT", "event": "stale_feed", "level": "WARNING", "stale_ratio": 0.25, "timestamp": "2026-09-22T11:52:27.679075+00:00"}
{"asset": "BTC/USDT", "event": "stale_feed", "level": "WARNING", "stale_ratio": 0.25, "timestamp": "2026-09-22T11:52:28.726425+00:00"}
{"asset": "BTC/USDT", "event": "stale_feed", "level": "WARNING", "stale_ratio": 0.25, "timestamp": "2026-09-22T11:52:29.776075+00:00"}
{"asset": "BTC/USDT", "event": "stale_feed", "level": "WARNING", "stale_ratio": 0.25, "timestamp": "2026-09-22T11:52:30.772463+00:00"}
{"asset": "BTC/USDT", "event": "stale_feed", "level": "WARNING", "stale_ratio": 0.25, "timestamp": "2026-09-22T11:52:31.874557+00:00"}
{"asset": "BTC/USDT", "event": "stale_feed", "level": "WARNING", "stale_ratio": 0.25, "timestamp": "2026-09-22T11:52:32.918896+00:00"}
{"asset": "ETH/USDT", "event": "stale_feed", "level": "WARNING", "stale_ratio": 0.25, "timestamp": "2026-09-22T11:52:33.962516+00:00"}
{"asset": "BTC/USDT", "event": "stale_feed", "level": "WARNING", "stale_ratio": 0.25, "timestamp": "2026-09-22T11:52:35.014217+00:00"}
{"asset": "BTC/USDT", "event": "stale_feed", "level": "WARNING", "stale_ratio": 0.25, "timestamp": "2026-09-22T11:52:36.067129+00:00"}
{"asset": "BTC/USDT", "event": "stale_feed", "level": "WARNING", "stale_ratio": 0.25, "timestamp": "2026-09-22T11:52:37.109873+00:00"}
{"asset": "BTC/USDT", "event": "stale_feed", "level": "WARNING", "stale_ratio": 0.25, "timestamp": "2026-09-22T11:52:38.170455+00:00"}
{"asset": "BTC/USDT", "event": "stale_feed", "level": "WARNING", "stale_ratio": 0.25, "timestamp": "2026-09-22T11:52:39.213916+00:00"}
{"asset": "BTC/USDT", "event": "stale_feed", "level": "WARNING", "stale_ratio": 0.25, "timestamp": "2026-09-22T11:52:40.259821+00:00"}
{"asset": "BTC/USDT", "event": "stale_feed", "level": "WARNING", "stale_ratio": 0.25, "timestamp": "2026-09-22T11:52:41.318776+00:00"}
{"asset": "ETH/USDT", "event": "stale_feed", "level": "WARNING", "stale_ratio": 0.25, "timestamp": "2026-09-22T11:52:42.354735+00:00"}
{"asset": "BTC/USDT", "event": "stale_feed", "level": "WARNING", "stale_ratio": 0.25, "timestamp": "2026-09-22T11:52:43.407746+00:00"}
{"asset": "BTC/USDT", "event": "stale_feed", "level": "WARNING", "stale_ratio": 0.25, "timestamp": "2026-09-22T11:52:44.462498+00:00"}
{"asset": "BTC/USDT", "event": "stale_feed", "level": "WARNING", "stale_ratio": 0.25, "timestamp": "2026-09-22T11:52:45.504657+00:00"}
{"asset": "BTC/USDT", "event": "stale_feed", "level": "WARNING", "stale_ratio": 0.25, "timestamp": "2026-09-22T11:52:46.557597+00:00"}
{"asset": "BTC/USDT", "event": "stale_feed", "level": "WARNING", "stale_ratio": 0.25, "timestamp": "2026-09-22T11:52:47.621058+00:00"}
{"asset": "ETH/USDT", "event": "stale_feed", "level": "WARNING", "stale_ratio": 0.25, "timestamp": "2026-09-22T11:52:48.648692+00:00"}
{"asset": "BTC/USDT", "event": "stale_feed", "level": "WARNING", "stale_ratio": 0.25, "timestamp": "2026-09-22T11:52:49.696821+00:00"}
{"asset": "BTC/USDT", "event": "stale_feed", "level": "WARNING", "stale_ratio": 0.25, "timestamp": "2026-09-22T11:52:50.751161+00:00"}
{"asset": "BTC/USDT", "event": "stale_feed", "level": "WARNING", "stale_ratio": 0.25, "timestamp": "2026-09-22T11:52:51.801552+00:00"}
{"asset": "BTC/USDT", "event": "stale_feed", "level": "WARNING", "stale_ratio": 0.25, "timestamp": "2026-09-22T11:52:52.791560+00:00"}
{"asset": "BTC/USDT", "event": "stale_feed", "level": "WARNING", "stale_ratio": 0.25, "timestamp": "2026-09-22T11:52:53.901979+00:00"}
{"asset": "BTC/USDT", "event": "stale_feed", "level": "WARNING", "stale_ratio": 0.25, "timestamp": "2026-09-22T11:52:55.168255+00:00"}
{"asset": "BTC/USDT", "event": "stale_feed", "level": "WARNING", "stale_ratio": 0.25, "timestamp": "2026-09-22T11:52:56.232228+00:00"}
{"asset": "BTC/USDT", "event": "stale_feed", "level": "WARNING", "stale_ratio": 0.25, "timestamp": "2026-09-22T11:52:57.230879+00:00"}
{"asset": "ETH/USDT", "event": "stale_feed", "level": "WARNING", "stale_ratio": 0.25, "timestamp": "2026-09-22T11:52:58.237054+00:00"}
{"asset": "ETH/USDT", "event": "stale_feed", "level": "WARNING", "stale_ratio": 0.25, "timestamp": "2026-09-22T11:52:59.242635+00:00"}
{"asset": "ETH/USDT", "event": "stale_feed", "level": "WARNING", "stale_ratio": 0.25, "timestamp": "2026-09-22T11:53:00.242105+00:00"}
{"asset": "ETH/USDT", "event": "stale_feed", "level": "WARNING", "stale_ratio": 0.25, "timestamp": "2026-09-22T11:53:01.245153+00:00"}
{"asset": "BTC/USDT", "event": "stale_feed", "level": "WARNING", "stale_ratio": 0.25, "timestamp": "2026-09-22T11:53:02.282997+00:00"}
{"asset": "BTC/USDT", "event": "stale_feed", "level": "WARNING", "stale_ratio": 0.25, "timestamp": "2026-09-22T11:53:03.328392+00:00"}
{"asset": "BTC/USDT", "event": "rest_reconciliation", "level": "INFO", "source": "derivatives", "timestamp": "2026-09-22T11:53:03.422832+00:00"}
{"asset": "ETH/USDT", "event": "rest_reconciliation", "level": "INFO", "source": "derivatives", "timestamp": "2026-09-22T11:53:03.763399+00:00"}
{"asset": "ETH/USDT", "event": "stale_feed", "level": "WARNING", "stale_ratio": 0.25, "timestamp": "2026-09-22T11:53:08.472249+00:00"}
{"asset": "BTC/USDT", "event": "stale_feed", "level": "WARNING", "stale_ratio": 0.25, "timestamp": "2026-09-22T11:53:09.476663+00:00"}
{"asset": "BTC/USDT", "event": "stale_feed", "level": "WARNING", "stale_ratio": 0.25, "timestamp": "2026-09-22T11:53:10.481598+00:00"}
{"asset": "BTC/USDT", "event": "stale_feed", "level": "WARNING", "stale_ratio": 0.25, "timestamp": "2026-09-22T11:53:11.518357+00:00"}
{"asset": "BTC/USDT", "event": "stale_feed", "level": "WARNING", "stale_ratio": 0.25, "timestamp": "2026-09-22T11:53:12.530664+00:00"}
{"asset": "ETH/USDT", "event": "stale_feed", "level": "WARNING", "stale_ratio": 0.25, "timestamp": "2026-09-22T11:53:13.534369+00:00"}
{"asset": "ETH/USDT", "event": "stale_feed", "level": "WARNING", "stale_ratio": 0.25, "timestamp": "2026-09-22T11:53:14.546702+00:00"}
{"asset": "BTC/USDT", "event": "stale_feed", "level": "WARNING", "stale_ratio": 0.25, "timestamp": "2026-09-22T11:53:15.596804+00:00"}
{"asset": "BTC/USDT", "event": "stale_feed", "level": "WARNING", "stale_ratio": 0.25, "timestamp": "2026-09-22T11:53:16.636513+00:00"}
{"asset": "BTC/USDT", "event": "stale_feed", "level": "WARNING", "stale_ratio": 0.25, "timestamp": "2026-09-22T11:53:17.635609+00:00"}
{"asset": "BTC/USDT", "event": "stale_feed", "level": "WARNING", "stale_ratio": 0.25, "timestamp": "2026-09-22T11:53:18.647786+00:00"}
{"asset": "BTC/USDT", "event": "stale_feed", "level": "WARNING", "stale_ratio": 0.25, "timestamp": "2026-09-22T11:53:19.737957+00:00"}
{"asset": "BTC/USDT", "event": "stale_feed", "level": "WARNING", "stale_ratio": 0.25, "timestamp": "2026-09-22T11:53:20.736508+00:00"}
{"asset": "ETH/USDT", "event": "stale_feed", "level": "WARNING", "stale_ratio": 0.25, "timestamp": "2026-09-22T11:53:21.743755+00:00"}
{"asset": "ETH/USDT", "event": "stale_feed", "level": "WARNING", "stale_ratio": 0.25, "timestamp": "2026-09-22T11:53:22.739813+00:00"}
{"asset": "BTC/USDT", "event": "stale_feed", "level": "WARNING", "stale_ratio": 0.25, "timestamp": "2026-09-22T11:53:23.740727+00:00"}
{"asset": "BTC/USDT", "event": "stale_feed", "level": "WARNING", "stale_ratio": 0.25, "timestamp": "2026-09-22T11:53:24.740498+00:00"}
{"asset": "BTC/USDT", "event": "stale_feed", "level": "WARNING", "stale_ratio": 0.25, "timestamp": "2026-09-22T11:53:25.749134+00:00"}
{"asset": "BTC/USDT", "event": "stale_feed", "level": "WARNING", "stale_ratio": 0.25, "timestamp": "2026-09-22T11:53:26.744071+00:00"}
{"asset": "BTC/USDT", "event": "stale_feed", "level": "WARNING", "stale_ratio": 0.25, "timestamp": "2026-09-22T11:53:27.745916+00:00"}
{"asset": "ETH/USDT", "event": "stale_feed", "level": "WARNING", "stale_ratio": 0.25, "timestamp": "2026-09-22T11:53:28.759845+00:00"}
{"asset": "BTC/USDT", "event": "stale_feed", "level": "WARNING", "stale_ratio": 0.25, "timestamp": "2026-09-22T11:53:29.754254+00:00"}
{"asset": "ETH/USDT", "event": "stale_feed", "level": "WARNING", "stale_ratio": 0.25, "timestamp": "2026-09-22T11:53:30.753396+00:00"}
{"asset": "ETH/USDT", "event": "stale_feed", "level": "WARNING", "stale_ratio": 0.25, "timestamp": "2026-09-22T11:53:31.758449+00:00"}
{"asset": "BTC/USDT", "event": "stale_feed", "level": "WARNING", "stale_ratio": 0.25, "timestamp": "2026-09-22T11:53:32.755973+00:00"}
{"asset": "ETH/USDT", "event": "stale_feed", "level": "WARNING", "stale_ratio": 0.25, "timestamp": "2026-09-22T11:53:33.755675+00:00"}
{"asset": "BTC/USDT", "event": "stale_feed", "level": "WARNING", "stale_ratio": 0.25, "timestamp": "2026-09-22T11:53:34.762420+00:00"}
{"asset": "BTC/USDT", "event": "stale_feed", "level": "WARNING", "stale_ratio": 0.25, "timestamp": "2026-09-22T11:53:35.761146+00:00"}
{"asset": "BTC/USDT", "event": "stale_feed", "level": "WARNING", "stale_ratio": 0.25, "timestamp": "2026-09-22T11:53:36.763014+00:00"}
{"asset": "BTC/USDT", "event": "stale_feed", "level": "WARNING", "stale_ratio": 0.25, "timestamp": "2026-09-22T11:53:37.763243+00:00"}
{"asset": "BTC/USDT", "event": "stale_feed", "level": "WARNING", "stale_ratio": 0.25, "timestamp": "2026-09-22T11:53:38.766401+00:00"}
{"asset": "ETH/USDT", "event": "stale_feed", "level": "WARNING", "stale_ratio": 0.25, "timestamp": "2026-09-22T11:53:39.768529+00:00"}
{"asset": "BTC/USDT", "event": "stale_feed", "level": "WARNING", "stale_ratio": 0.25, "timestamp": "2026-09-22T11:53:40.772045+00:00"}
{"asset": "BTC/USDT", "event": "stale_feed", "level": "WARNING", "stale_ratio": 0.25, "timestamp": "2026-09-22T11:53:41.773830+00:00"}
{"asset": "BTC/USDT", "event": "stale_feed", "level": "WARNING", "stale_ratio": 0.25, "timestamp": "2026-09-22T11:53:42.776455+00:00"}
{"asset": "BTC/USDT", "event": "stale_feed", "level": "WARNING", "stale_ratio": 0.25, "timestamp": "2026-09-22T11:53:43.849442+00:00"}
{"asset": "BTC/USDT", "event": "stale_feed", "level": "WARNING", "stale_ratio": 0.25, "timestamp": "2026-09-22T11:53:44.837074+00:00"}
{"asset": "ETH/USDT", "event": "stale_feed", "level": "WARNING", "stale_ratio": 0.25, "timestamp": "2026-09-22T11:53:45.840321+00:00"}
{"asset": "ETH/USDT", "event": "stale_feed", "level": "WARNING", "stale_ratio": 0.25, "timestamp": "2026-09-22T11:53:46.849283+00:00"}
{"asset": "BTC/USDT", "event": "stale_feed", "level": "WARNING", "stale_ratio": 0.25, "timestamp": "2026-09-22T11:53:47.913739+00:00"}
{"asset": "BTC/USDT", "event": "stale_feed", "level": "WARNING", "stale_ratio": 0.25, "timestamp": "2026-09-22T11:53:49.145143+00:00"}
{"asset": "ETH/USDT", "event": "stale_feed", "level": "WARNING", "stale_ratio": 0.25, "timestamp": "2026-09-22T11:53:50.124583+00:00"}
{"asset": "ETH/USDT", "event": "stale_feed", "level": "WARNING", "stale_ratio": 0.25, "timestamp": "2026-09-22T11:53:51.124336+00:00"}
{"asset": "BTC/USDT", "event": "stale_feed", "level": "WARNING", "stale_ratio": 0.25, "timestamp": "2026-09-22T11:53:52.137079+00:00"}
{"asset": "BTC/USDT", "event": "stale_feed", "level": "WARNING", "stale_ratio": 0.25, "timestamp": "2026-09-22T11:53:53.134933+00:00"}
{"asset": "BTC/USDT", "event": "stale_feed", "level": "WARNING", "stale_ratio": 0.25, "timestamp": "2026-09-22T11:53:54.133876+00:00"}
{"asset": "BTC/USDT", "event": "stale_feed", "level": "WARNING", "stale_ratio": 0.25, "timestamp": "2026-09-22T11:53:55.141425+00:00"}
{"asset": "BTC/USDT", "event": "stale_feed", "level": "WARNING", "stale_ratio": 0.25, "timestamp": "2026-09-22T11:53:56.142425+00:00"}
{"asset": "ETH/USDT", "event": "stale_feed", "level": "WARNING", "stale_ratio": 0.25, "timestamp": "2026-09-22T11:53:57.144747+00:00"}
{"asset": "BTC/USDT", "event": "stale_feed", "level": "WARNING", "stale_ratio": 0.25, "timestamp": "2026-09-22T11:53:58.209857+00:00"}
{"asset": "BTC/USDT", "event": "stale_feed", "level": "WARNING", "stale_ratio": 0.25, "timestamp": "2026-09-22T11:53:59.211441+00:00"}
{"asset": "BTC/USDT", "event": "stale_feed", "level": "WARNING", "stale_ratio": 0.25, "timestamp": "2026-09-22T11:54:00.222636+00:00"}
{"asset": "BTC/USDT", "event": "stale_feed", "level": "WARNING", "stale_ratio": 0.25, "timestamp": "2026-09-22T11:54:01.223229+00:00"}
{"event": "shutdown_requested", "level": "INFO", "shadow_id": "shadow-v2-6ab25b17-2bfe-4b52-a7ca-452bf2e82199", "timestamp": "2026-09-22T11:54:02.106676+00:00"}
{"event": "graceful_shutdown", "events": 17492, "health": "HEALTHY", "level": "INFO", "shadow_id": "shadow-v2-6ab25b17-2bfe-4b52-a7ca-452bf2e82199", "timestamp": "2026-09-22T11:54:11.825867+00:00"}
{"assets": ["BTC/USDT", "ETH/USDT"], "config_hash": "892b85a9e70d1dfc9c5a0eee52cb8af9e6f2999de02efe8192310c5c5e9d193b", "event": "process_startup", "exchange": "Binance public", "feature_version": "features-v2-62dcdaf26bc1", "feeds": ["aggTrade", "bookTicker", "depth@100ms", "premiumIndex", "openInterest"], "git_commit": "78c4cdc3eb7177dd0ba82daaf7b6f8e97766e094", "level": "INFO", "package_version": "0.1.0", "persistence": {"bbo_sample_seconds": 1, "book_checkpoint_levels": 20, "book_checkpoint_seconds": 60, "derived_snapshot_seconds": 1, "raw_retention_days": 7, "storage_degraded_mb_hour": 250.0, "storage_warning_mb_hour": 100.0, "suspend_raw_on_degraded": true, "trade_bucket_seconds": 1}, "process_id": 5089, "python_version": "3.12.14", "shadow_id": "shadow-v2-f6705327-520a-4377-a86d-ec94b3feeb8e", "start_timestamp": "2026-09-22T12:14:44.928195+00:00", "timestamp": "2026-09-22T12:14:44.942020+00:00"}
{"assets": ["BTC/USDT", "ETH/USDT"], "event": "subscription", "level": "INFO", "streams": ["aggTrade", "bookTicker", "depth@100ms"], "timestamp": "2026-09-22T12:14:44.942580+00:00"}
{"asset": "BTC/USDT", "event": "rest_reconciliation", "level": "INFO", "timestamp": "2026-09-22T12:14:44.942620+00:00"}
{"asset": "BTC/USDT", "event": "book_resync", "level": "INFO", "sequence": 100495031248, "timestamp": "2026-09-22T12:14:45.292007+00:00"}
{"asset": "ETH/USDT", "event": "rest_reconciliation", "level": "INFO", "timestamp": "2026-09-22T12:14:45.292124+00:00"}
{"asset": "ETH/USDT", "event": "book_resync", "level": "INFO", "sequence": 81326276501, "timestamp": "2026-09-22T12:14:45.836416+00:00"}
{"event": "feed_connected", "exchange": "binance", "level": "INFO", "timestamp": "2026-09-22T12:14:45.836545+00:00"}
{"current": "DEGRADED", "event": "health_transition", "level": "WARNING", "previous": "HEALTHY", "reason": "sequence_gap", "timestamp": "2026-09-22T12:14:46.830831+00:00"}
{"asset": "BTC/USDT", "event": "sequence_gap", "first": 100495031392, "last": 100495031400, "level": "WARNING", "timestamp": "2026-09-22T12:14:46.830931+00:00"}
{"asset": "BTC/USDT", "event": "book_invalidation", "level": "WARNING", "timestamp": "2026-09-22T12:14:46.830988+00:00"}
{"current": "HEALTHY", "event": "health_transition", "level": "INFO", "previous": "DEGRADED", "reason": "book_resync", "timestamp": "2026-09-22T12:14:47.112441+00:00"}
{"asset": "BTC/USDT", "event": "book_resync", "level": "INFO", "sequence": 100495031431, "timestamp": "2026-09-22T12:14:47.112557+00:00"}
{"current": "DEGRADED", "event": "health_transition", "level": "WARNING", "previous": "HEALTHY", "reason": "sequence_gap", "timestamp": "2026-09-22T12:14:47.113016+00:00"}
{"asset": "ETH/USDT", "event": "sequence_gap", "first": 81326276572, "last": 81326276576, "level": "WARNING", "timestamp": "2026-09-22T12:14:47.113076+00:00"}
{"asset": "ETH/USDT", "event": "book_invalidation", "level": "WARNING", "timestamp": "2026-09-22T12:14:47.113128+00:00"}
{"current": "HEALTHY", "event": "health_transition", "level": "INFO", "previous": "DEGRADED", "reason": "book_resync", "timestamp": "2026-09-22T12:14:47.395896+00:00"}
{"asset": "ETH/USDT", "event": "book_resync", "level": "INFO", "sequence": 81326276608, "timestamp": "2026-09-22T12:14:47.396018+00:00"}
{"asset": "BTC/USDT", "event": "stale_feed", "level": "WARNING", "stale_ratio": 0.25, "timestamp": "2026-09-22T12:14:50.946342+00:00"}
{"asset": "BTC/USDT", "event": "stale_feed", "level": "WARNING", "stale_ratio": 0.25, "timestamp": "2026-09-22T12:14:51.998522+00:00"}
{"asset": "BTC/USDT", "event": "stale_feed", "level": "WARNING", "stale_ratio": 0.25, "timestamp": "2026-09-22T12:14:53.041443+00:00"}
{"asset": "BTC/USDT", "event": "stale_feed", "level": "WARNING", "stale_ratio": 0.25, "timestamp": "2026-09-22T12:14:54.159835+00:00"}
{"asset": "ETH/USDT", "event": "stale_feed", "level": "WARNING", "stale_ratio": 0.25, "timestamp": "2026-09-22T12:14:55.157988+00:00"}
{"asset": "ETH/USDT", "event": "stale_feed", "level": "WARNING", "stale_ratio": 0.25, "timestamp": "2026-09-22T12:14:56.187013+00:00"}
{"asset": "BTC/USDT", "event": "stale_feed", "level": "WARNING", "stale_ratio": 0.25, "timestamp": "2026-09-22T12:14:57.239758+00:00"}
{"asset": "BTC/USDT", "event": "stale_feed", "level": "WARNING", "stale_ratio": 0.25, "timestamp": "2026-09-22T12:14:58.288018+00:00"}
{"asset": "BTC/USDT", "event": "stale_feed", "level": "WARNING", "stale_ratio": 0.25, "timestamp": "2026-09-22T12:14:59.593985+00:00"}
{"asset": "ETH/USDT", "event": "stale_feed", "level": "WARNING", "stale_ratio": 0.25, "timestamp": "2026-09-22T12:15:00.600664+00:00"}
{"asset": "ETH/USDT", "event": "stale_feed", "level": "WARNING", "stale_ratio": 0.25, "timestamp": "2026-09-22T12:15:01.607923+00:00"}
{"asset": "BTC/USDT", "event": "stale_feed", "level": "WARNING", "stale_ratio": 0.25, "timestamp": "2026-09-22T12:15:02.707777+00:00"}
{"asset": "BTC/USDT", "event": "stale_feed", "level": "WARNING", "stale_ratio": 0.25, "timestamp": "2026-09-22T12:15:03.733248+00:00"}
{"asset": "ETH/USDT", "event": "stale_feed", "level": "WARNING", "stale_ratio": 0.25, "timestamp": "2026-09-22T12:15:04.734582+00:00"}
{"asset": "BTC/USDT", "event": "stale_feed", "level": "WARNING", "stale_ratio": 0.25, "timestamp": "2026-09-22T12:15:05.739478+00:00"}
{"asset": "BTC/USDT", "event": "stale_feed", "level": "WARNING", "stale_ratio": 0.25, "timestamp": "2026-09-22T12:15:06.733287+00:00"}
{"asset": "ETH/USDT", "event": "stale_feed", "level": "WARNING", "stale_ratio": 0.25, "timestamp": "2026-09-22T12:15:07.736104+00:00"}
{"asset": "BTC/USDT", "event": "stale_feed", "level": "WARNING", "stale_ratio": 0.25, "timestamp": "2026-09-22T12:15:08.734897+00:00"}
{"asset": "BTC/USDT", "event": "stale_feed", "level": "WARNING", "stale_ratio": 0.25, "timestamp": "2026-09-22T12:15:09.828730+00:00"}
{"asset": "BTC/USDT", "event": "stale_feed", "level": "WARNING", "stale_ratio": 0.25, "timestamp": "2026-09-22T12:15:10.873141+00:00"}
{"asset": "BTC/USDT", "event": "stale_feed", "level": "WARNING", "stale_ratio": 0.25, "timestamp": "2026-09-22T12:15:11.921056+00:00"}
{"asset": "BTC/USDT", "event": "stale_feed", "level": "WARNING", "stale_ratio": 0.25, "timestamp": "2026-09-22T12:15:12.969656+00:00"}
{"asset": "BTC/USDT", "event": "stale_feed", "level": "WARNING", "stale_ratio": 0.25, "timestamp": "2026-09-22T12:15:14.045102+00:00"}
{"asset": "BTC/USDT", "event": "stale_feed", "level": "WARNING", "stale_ratio": 0.25, "timestamp": "2026-09-22T12:15:15.069423+00:00"}
{"asset": "BTC/USDT", "event": "stale_feed", "level": "WARNING", "stale_ratio": 0.25, "timestamp": "2026-09-22T12:15:16.110591+00:00"}
{"asset": "ETH/USDT", "event": "stale_feed", "level": "WARNING", "stale_ratio": 0.25, "timestamp": "2026-09-22T12:15:17.161969+00:00"}
{"asset": "BTC/USDT", "event": "stale_feed", "level": "WARNING", "stale_ratio": 0.25, "timestamp": "2026-09-22T12:15:18.219617+00:00"}
{"asset": "BTC/USDT", "event": "stale_feed", "level": "WARNING", "stale_ratio": 0.25, "timestamp": "2026-09-22T12:15:19.212171+00:00"}
{"asset": "BTC/USDT", "event": "stale_feed", "level": "WARNING", "stale_ratio": 0.25, "timestamp": "2026-09-22T12:15:20.212741+00:00"}
{"asset": "BTC/USDT", "event": "stale_feed", "level": "WARNING", "stale_ratio": 0.25, "timestamp": "2026-09-22T12:15:21.231658+00:00"}
{"asset": "BTC/USDT", "event": "stale_feed", "level": "WARNING", "stale_ratio": 0.25, "timestamp": "2026-09-22T12:15:22.274002+00:00"}
{"asset": "BTC/USDT", "event": "stale_feed", "level": "WARNING", "stale_ratio": 0.25, "timestamp": "2026-09-22T12:15:23.275964+00:00"}
{"asset": "BTC/USDT", "event": "stale_feed", "level": "WARNING", "stale_ratio": 0.25, "timestamp": "2026-09-22T12:15:24.275786+00:00"}
{"asset": "BTC/USDT", "event": "stale_feed", "level": "WARNING", "stale_ratio": 0.25, "timestamp": "2026-09-22T12:15:25.279438+00:00"}
{"asset": "BTC/USDT", "event": "stale_feed", "level": "WARNING", "stale_ratio": 0.25, "timestamp": "2026-09-22T12:15:26.292689+00:00"}
{"asset": "BTC/USDT", "event": "stale_feed", "level": "WARNING", "stale_ratio": 0.25, "timestamp": "2026-09-22T12:15:27.350212+00:00"}
{"asset": "BTC/USDT", "event": "stale_feed", "level": "WARNING", "stale_ratio": 0.25, "timestamp": "2026-09-22T12:15:28.378128+00:00"}
{"asset": "BTC/USDT", "event": "stale_feed", "level": "WARNING", "stale_ratio": 0.25, "timestamp": "2026-09-22T12:15:29.450837+00:00"}
{"asset": "BTC/USDT", "event": "stale_feed", "level": "WARNING", "stale_ratio": 0.25, "timestamp": "2026-09-22T12:15:30.440009+00:00"}
{"asset": "BTC/USDT", "event": "stale_feed", "level": "WARNING", "stale_ratio": 0.25, "timestamp": "2026-09-22T12:15:31.518197+00:00"}
{"asset": "ETH/USDT", "event": "stale_feed", "level": "WARNING", "stale_ratio": 0.25, "timestamp": "2026-09-22T12:15:32.514655+00:00"}
{"asset": "BTC/USDT", "event": "stale_feed", "level": "WARNING", "stale_ratio": 0.25, "timestamp": "2026-09-22T12:15:33.625035+00:00"}
{"asset": "ETH/USDT", "event": "stale_feed", "level": "WARNING", "stale_ratio": 0.25, "timestamp": "2026-09-22T12:15:34.717902+00:00"}
{"asset": "BTC/USDT", "event": "stale_feed", "level": "WARNING", "stale_ratio": 0.25, "timestamp": "2026-09-22T12:15:35.718063+00:00"}
{"asset": "BTC/USDT", "event": "stale_feed", "level": "WARNING", "stale_ratio": 0.25, "timestamp": "2026-09-22T12:15:36.781803+00:00"}
{"asset": "BTC/USDT", "event": "stale_feed", "level": "WARNING", "stale_ratio": 0.25, "timestamp": "2026-09-22T12:15:37.781404+00:00"}
{"asset": "BTC/USDT", "event": "stale_feed", "level": "WARNING", "stale_ratio": 0.25, "timestamp": "2026-09-22T12:15:38.782064+00:00"}
{"asset": "BTC/USDT", "event": "stale_feed", "level": "WARNING", "stale_ratio": 0.25, "timestamp": "2026-09-22T12:15:39.783580+00:00"}
{"asset": "BTC/USDT", "event": "stale_feed", "level": "WARNING", "stale_ratio": 0.25, "timestamp": "2026-09-22T12:15:40.789261+00:00"}
{"asset": "BTC/USDT", "event": "stale_feed", "level": "WARNING", "stale_ratio": 0.25, "timestamp": "2026-09-22T12:15:41.814039+00:00"}
{"asset": "BTC/USDT", "event": "stale_feed", "level": "WARNING", "stale_ratio": 0.25, "timestamp": "2026-09-22T12:15:42.873064+00:00"}
{"asset": "BTC/USDT", "event": "stale_feed", "level": "WARNING", "stale_ratio": 0.25, "timestamp": "2026-09-22T12:15:43.911722+00:00"}
{"asset": "ETH/USDT", "event": "stale_feed", "level": "WARNING", "stale_ratio": 0.25, "timestamp": "2026-09-22T12:15:44.906168+00:00"}
{"asset": "BTC/USDT", "event": "rest_reconciliation", "level": "INFO", "source": "derivatives", "timestamp": "2026-09-22T12:15:44.929810+00:00"}
{"asset": "ETH/USDT", "event": "rest_reconciliation", "level": "INFO", "source": "derivatives", "timestamp": "2026-09-22T12:15:45.260112+00:00"}
{"event": "storage_growth_warning", "level": "WARNING", "mb_per_hour": 150.0683949306633, "threshold": 100.0, "timestamp": "2026-09-22T12:15:45.909282+00:00"}
{"asset": "BTC/USDT", "event": "stale_feed", "level": "WARNING", "stale_ratio": 0.25, "timestamp": "2026-09-22T12:15:50.980496+00:00"}
{"asset": "BTC/USDT", "event": "stale_feed", "level": "WARNING", "stale_ratio": 0.25, "timestamp": "2026-09-22T12:15:52.078294+00:00"}
{"asset": "BTC/USDT", "event": "stale_feed", "level": "WARNING", "stale_ratio": 0.25, "timestamp": "2026-09-22T12:15:53.079135+00:00"}
{"asset": "ETH/USDT", "event": "stale_feed", "level": "WARNING", "stale_ratio": 0.25, "timestamp": "2026-09-22T12:15:54.079058+00:00"}
{"asset": "BTC/USDT", "event": "stale_feed", "level": "WARNING", "stale_ratio": 0.25, "timestamp": "2026-09-22T12:15:55.080353+00:00"}
{"asset": "ETH/USDT", "event": "stale_feed", "level": "WARNING", "stale_ratio": 0.25, "timestamp": "2026-09-22T12:15:56.080446+00:00"}
{"asset": "BTC/USDT", "event": "stale_feed", "level": "WARNING", "stale_ratio": 0.25, "timestamp": "2026-09-22T12:15:57.083881+00:00"}
{"asset": "BTC/USDT", "event": "stale_feed", "level": "WARNING", "stale_ratio": 0.25, "timestamp": "2026-09-22T12:15:58.101451+00:00"}
{"asset": "BTC/USDT", "event": "stale_feed", "level": "WARNING", "stale_ratio": 0.25, "timestamp": "2026-09-22T12:15:59.116300+00:00"}
{"asset": "BTC/USDT", "event": "stale_feed", "level": "WARNING", "stale_ratio": 0.25, "timestamp": "2026-09-22T12:16:00.180877+00:00"}
{"asset": "BTC/USDT", "event": "stale_feed", "level": "WARNING", "stale_ratio": 0.25, "timestamp": "2026-09-22T12:16:01.231912+00:00"}
{"asset": "BTC/USDT", "event": "stale_feed", "level": "WARNING", "stale_ratio": 0.25, "timestamp": "2026-09-22T12:16:02.279445+00:00"}
{"asset": "BTC/USDT", "event": "stale_feed", "level": "WARNING", "stale_ratio": 0.25, "timestamp": "2026-09-22T12:16:03.309815+00:00"}
{"asset": "ETH/USDT", "event": "stale_feed", "level": "WARNING", "stale_ratio": 0.25, "timestamp": "2026-09-22T12:16:04.306751+00:00"}
{"asset": "BTC/USDT", "event": "stale_feed", "level": "WARNING", "stale_ratio": 0.25, "timestamp": "2026-09-22T12:16:05.422322+00:00"}
{"asset": "BTC/USDT", "event": "stale_feed", "level": "WARNING", "stale_ratio": 0.25, "timestamp": "2026-09-22T12:16:06.423073+00:00"}
{"asset": "ETH/USDT", "event": "stale_feed", "level": "WARNING", "stale_ratio": 0.25, "timestamp": "2026-09-22T12:16:07.422220+00:00"}
{"asset": "BTC/USDT", "event": "stale_feed", "level": "WARNING", "stale_ratio": 0.25, "timestamp": "2026-09-22T12:16:08.424853+00:00"}
{"asset": "BTC/USDT", "event": "stale_feed", "level": "WARNING", "stale_ratio": 0.25, "timestamp": "2026-09-22T12:16:09.426056+00:00"}
{"asset": "BTC/USDT", "event": "stale_feed", "level": "WARNING", "stale_ratio": 0.25, "timestamp": "2026-09-22T12:16:10.427272+00:00"}
{"asset": "BTC/USDT", "event": "stale_feed", "level": "WARNING", "stale_ratio": 0.25, "timestamp": "2026-09-22T12:16:11.430081+00:00"}
{"asset": "BTC/USDT", "event": "stale_feed", "level": "WARNING", "stale_ratio": 0.25, "timestamp": "2026-09-22T12:16:12.430434+00:00"}
{"asset": "BTC/USDT", "event": "stale_feed", "level": "WARNING", "stale_ratio": 0.25, "timestamp": "2026-09-22T12:16:13.433657+00:00"}
{"asset": "BTC/USDT", "event": "stale_feed", "level": "WARNING", "stale_ratio": 0.25, "timestamp": "2026-09-22T12:16:14.485203+00:00"}
{"asset": "BTC/USDT", "event": "stale_feed", "level": "WARNING", "stale_ratio": 0.75, "timestamp": "2026-09-22T12:16:15.485257+00:00"}
{"asset": "ETH/USDT", "event": "stale_feed", "level": "WARNING", "stale_ratio": 0.75, "timestamp": "2026-09-22T12:16:16.484280+00:00"}
{"asset": "BTC/USDT", "event": "stale_feed", "level": "WARNING", "stale_ratio": 0.75, "timestamp": "2026-09-22T12:16:17.486278+00:00"}
{"asset": "BTC/USDT", "event": "stale_feed", "level": "WARNING", "stale_ratio": 0.75, "timestamp": "2026-09-22T12:16:18.588679+00:00"}
{"asset": "BTC/USDT", "event": "stale_feed", "level": "WARNING", "stale_ratio": 0.75, "timestamp": "2026-09-22T12:16:19.588161+00:00"}
{"asset": "ETH/USDT", "event": "stale_feed", "level": "WARNING", "stale_ratio": 0.75, "timestamp": "2026-09-22T12:16:20.586504+00:00"}
{"asset": "BTC/USDT", "event": "stale_feed", "level": "WARNING", "stale_ratio": 0.75, "timestamp": "2026-09-22T12:16:21.589938+00:00"}
{"asset": "BTC/USDT", "event": "stale_feed", "level": "WARNING", "stale_ratio": 0.75, "timestamp": "2026-09-22T12:16:22.591985+00:00"}
{"asset": "BTC/USDT", "event": "stale_feed", "level": "WARNING", "stale_ratio": 0.75, "timestamp": "2026-09-22T12:16:23.592293+00:00"}
{"asset": "BTC/USDT", "event": "stale_feed", "level": "WARNING", "stale_ratio": 0.75, "timestamp": "2026-09-22T12:16:24.726604+00:00"}
{"asset": "BTC/USDT", "event": "stale_feed", "level": "WARNING", "stale_ratio": 0.75, "timestamp": "2026-09-22T12:16:25.727846+00:00"}
{"asset": "BTC/USDT", "event": "stale_feed", "level": "WARNING", "stale_ratio": 0.75, "timestamp": "2026-09-22T12:16:26.728258+00:00"}
{"asset": "ETH/USDT", "event": "stale_feed", "level": "WARNING", "stale_ratio": 0.75, "timestamp": "2026-09-22T12:16:27.726695+00:00"}
{"asset": "BTC/USDT", "event": "stale_feed", "level": "WARNING", "stale_ratio": 0.75, "timestamp": "2026-09-22T12:16:28.728628+00:00"}
{"asset": "BTC/USDT", "event": "stale_feed", "level": "WARNING", "stale_ratio": 0.75, "timestamp": "2026-09-22T12:16:29.730442+00:00"}
{"asset": "ETH/USDT", "event": "stale_feed", "level": "WARNING", "stale_ratio": 0.75, "timestamp": "2026-09-22T12:16:30.730809+00:00"}
{"asset": "BTC/USDT", "event": "stale_feed", "level": "WARNING", "stale_ratio": 0.75, "timestamp": "2026-09-22T12:16:31.736221+00:00"}
{"asset": "ETH/USDT", "event": "stale_feed", "level": "WARNING", "stale_ratio": 0.75, "timestamp": "2026-09-22T12:16:32.735879+00:00"}
{"asset": "BTC/USDT", "event": "stale_feed", "level": "WARNING", "stale_ratio": 0.75, "timestamp": "2026-09-22T12:16:33.738333+00:00"}
{"asset": "BTC/USDT", "event": "stale_feed", "level": "WARNING", "stale_ratio": 0.75, "timestamp": "2026-09-22T12:16:34.739948+00:00"}
{"asset": "ETH/USDT", "event": "stale_feed", "level": "WARNING", "stale_ratio": 0.75, "timestamp": "2026-09-22T12:16:35.738693+00:00"}
{"asset": "BTC/USDT", "event": "stale_feed", "level": "WARNING", "stale_ratio": 0.75, "timestamp": "2026-09-22T12:16:36.742686+00:00"}
{"asset": "BTC/USDT", "event": "stale_feed", "level": "WARNING", "stale_ratio": 0.75, "timestamp": "2026-09-22T12:16:37.743531+00:00"}
{"asset": "BTC/USDT", "event": "stale_feed", "level": "WARNING", "stale_ratio": 0.75, "timestamp": "2026-09-22T12:16:38.745562+00:00"}
{"asset": "BTC/USDT", "event": "stale_feed", "level": "WARNING", "stale_ratio": 0.75, "timestamp": "2026-09-22T12:16:39.841282+00:00"}
{"asset": "BTC/USDT", "event": "stale_feed", "level": "WARNING", "stale_ratio": 0.75, "timestamp": "2026-09-22T12:16:40.848544+00:00"}
{"asset": "BTC/USDT", "event": "stale_feed", "level": "WARNING", "stale_ratio": 0.75, "timestamp": "2026-09-22T12:16:41.848719+00:00"}
{"asset": "BTC/USDT", "event": "stale_feed", "level": "WARNING", "stale_ratio": 0.75, "timestamp": "2026-09-22T12:16:42.850713+00:00"}
{"asset": "BTC/USDT", "event": "stale_feed", "level": "WARNING", "stale_ratio": 0.75, "timestamp": "2026-09-22T12:16:43.852797+00:00"}
{"asset": "BTC/USDT", "event": "stale_feed", "level": "WARNING", "stale_ratio": 0.75, "timestamp": "2026-09-22T12:16:44.852711+00:00"}
{"asset": "BTC/USDT", "event": "rest_reconciliation", "level": "INFO", "source": "derivatives", "timestamp": "2026-09-22T12:16:44.931101+00:00"}
{"asset": "ETH/USDT", "event": "rest_reconciliation", "level": "INFO", "source": "derivatives", "timestamp": "2026-09-22T12:16:45.317791+00:00"}
{"asset": "ETH/USDT", "event": "stale_feed", "level": "WARNING", "stale_ratio": 0.5, "timestamp": "2026-09-22T12:16:45.853484+00:00"}
{"asset": "ETH/USDT", "event": "stale_feed", "level": "WARNING", "stale_ratio": 0.5, "timestamp": "2026-09-22T12:16:46.854235+00:00"}
{"asset": "BTC/USDT", "event": "stale_feed", "level": "WARNING", "stale_ratio": 0.5, "timestamp": "2026-09-22T12:16:47.856070+00:00"}
{"asset": "BTC/USDT", "event": "stale_feed", "level": "WARNING", "stale_ratio": 0.5, "timestamp": "2026-09-22T12:16:48.859080+00:00"}
{"asset": "BTC/USDT", "event": "stale_feed", "level": "WARNING", "stale_ratio": 0.5, "timestamp": "2026-09-22T12:16:49.858764+00:00"}
{"asset": "ETH/USDT", "event": "stale_feed", "level": "WARNING", "stale_ratio": 0.75, "timestamp": "2026-09-22T12:16:50.857790+00:00"}
{"asset": "BTC/USDT", "event": "stale_feed", "level": "WARNING", "stale_ratio": 0.75, "timestamp": "2026-09-22T12:16:51.860772+00:00"}
{"asset": "BTC/USDT", "event": "stale_feed", "level": "WARNING", "stale_ratio": 0.75, "timestamp": "2026-09-22T12:16:52.863103+00:00"}
{"asset": "BTC/USDT", "event": "stale_feed", "level": "WARNING", "stale_ratio": 0.75, "timestamp": "2026-09-22T12:16:53.864117+00:00"}
{"asset": "BTC/USDT", "event": "stale_feed", "level": "WARNING", "stale_ratio": 0.75, "timestamp": "2026-09-22T12:16:54.866235+00:00"}
{"asset": "BTC/USDT", "event": "stale_feed", "level": "WARNING", "stale_ratio": 0.75, "timestamp": "2026-09-22T12:16:55.867774+00:00"}
{"asset": "BTC/USDT", "event": "stale_feed", "level": "WARNING", "stale_ratio": 0.75, "timestamp": "2026-09-22T12:16:56.869978+00:00"}
{"asset": "BTC/USDT", "event": "stale_feed", "level": "WARNING", "stale_ratio": 0.75, "timestamp": "2026-09-22T12:16:57.871977+00:00"}
{"asset": "ETH/USDT", "event": "stale_feed", "level": "WARNING", "stale_ratio": 0.75, "timestamp": "2026-09-22T12:16:59.003001+00:00"}
{"asset": "BTC/USDT", "event": "stale_feed", "level": "WARNING", "stale_ratio": 0.75, "timestamp": "2026-09-22T12:17:00.203905+00:00"}
{"asset": "BTC/USDT", "event": "stale_feed", "level": "WARNING", "stale_ratio": 0.75, "timestamp": "2026-09-22T12:17:01.202916+00:00"}
{"asset": "BTC/USDT", "event": "stale_feed", "level": "WARNING", "stale_ratio": 0.75, "timestamp": "2026-09-22T12:17:02.204074+00:00"}
{"asset": "BTC/USDT", "event": "stale_feed", "level": "WARNING", "stale_ratio": 0.75, "timestamp": "2026-09-22T12:17:03.205366+00:00"}
{"asset": "ETH/USDT", "event": "stale_feed", "level": "WARNING", "stale_ratio": 0.75, "timestamp": "2026-09-22T12:17:04.321813+00:00"}
{"asset": "ETH/USDT", "event": "stale_feed", "level": "WARNING", "stale_ratio": 0.75, "timestamp": "2026-09-22T12:17:05.323692+00:00"}
{"asset": "BTC/USDT", "event": "stale_feed", "level": "WARNING", "stale_ratio": 0.75, "timestamp": "2026-09-22T12:17:06.327557+00:00"}
{"asset": "BTC/USDT", "event": "stale_feed", "level": "WARNING", "stale_ratio": 0.75, "timestamp": "2026-09-22T12:17:07.329583+00:00"}
{"asset": "BTC/USDT", "event": "stale_feed", "level": "WARNING", "stale_ratio": 0.75, "timestamp": "2026-09-22T12:17:08.331313+00:00"}
{"asset": "BTC/USDT", "event": "stale_feed", "level": "WARNING", "stale_ratio": 0.75, "timestamp": "2026-09-22T12:17:09.335165+00:00"}
{"asset": "BTC/USDT", "event": "stale_feed", "level": "WARNING", "stale_ratio": 0.75, "timestamp": "2026-09-22T12:17:10.335959+00:00"}
{"asset": "ETH/USDT", "event": "stale_feed", "level": "WARNING", "stale_ratio": 0.75, "timestamp": "2026-09-22T12:17:11.339768+00:00"}
{"asset": "BTC/USDT", "event": "stale_feed", "level": "WARNING", "stale_ratio": 0.75, "timestamp": "2026-09-22T12:17:12.342679+00:00"}
{"asset": "ETH/USDT", "event": "stale_feed", "level": "WARNING", "stale_ratio": 0.75, "timestamp": "2026-09-22T12:17:13.343008+00:00"}
{"asset": "BTC/USDT", "event": "stale_feed", "level": "WARNING", "stale_ratio": 0.75, "timestamp": "2026-09-22T12:17:14.345009+00:00"}
{"asset": "BTC/USDT", "event": "stale_feed", "level": "WARNING", "stale_ratio": 0.75, "timestamp": "2026-09-22T12:17:15.345434+00:00"}
{"asset": "BTC/USDT", "event": "stale_feed", "level": "WARNING", "stale_ratio": 0.75, "timestamp": "2026-09-22T12:17:16.347790+00:00"}
{"asset": "ETH/USDT", "event": "stale_feed", "level": "WARNING", "stale_ratio": 0.75, "timestamp": "2026-09-22T12:17:17.349169+00:00"}
{"asset": "ETH/USDT", "event": "stale_feed", "level": "WARNING", "stale_ratio": 0.75, "timestamp": "2026-09-22T12:17:18.351478+00:00"}
{"asset": "BTC/USDT", "event": "stale_feed", "level": "WARNING", "stale_ratio": 0.75, "timestamp": "2026-09-22T12:17:19.354716+00:00"}
{"asset": "ETH/USDT", "event": "stale_feed", "level": "WARNING", "stale_ratio": 0.75, "timestamp": "2026-09-22T12:17:20.354831+00:00"}
{"asset": "ETH/USDT", "event": "stale_feed", "level": "WARNING", "stale_ratio": 0.75, "timestamp": "2026-09-22T12:17:21.355273+00:00"}
{"asset": "BTC/USDT", "event": "stale_feed", "level": "WARNING", "stale_ratio": 0.75, "timestamp": "2026-09-22T12:17:22.359242+00:00"}
{"asset": "BTC/USDT", "event": "stale_feed", "level": "WARNING", "stale_ratio": 0.75, "timestamp": "2026-09-22T12:17:23.361445+00:00"}
{"asset": "BTC/USDT", "event": "stale_feed", "level": "WARNING", "stale_ratio": 0.75, "timestamp": "2026-09-22T12:17:24.364188+00:00"}
{"asset": "BTC/USDT", "event": "stale_feed", "level": "WARNING", "stale_ratio": 0.75, "timestamp": "2026-09-22T12:17:25.364559+00:00"}
{"asset": "BTC/USDT", "event": "stale_feed", "level": "WARNING", "stale_ratio": 0.75, "timestamp": "2026-09-22T12:17:26.365249+00:00"}
{"asset": "BTC/USDT", "event": "stale_feed", "level": "WARNING", "stale_ratio": 0.75, "timestamp": "2026-09-22T12:17:27.365664+00:00"}
{"asset": "BTC/USDT", "event": "stale_feed", "level": "WARNING", "stale_ratio": 0.75, "timestamp": "2026-09-22T12:17:28.367545+00:00"}
{"asset": "ETH/USDT", "event": "stale_feed", "level": "WARNING", "stale_ratio": 0.75, "timestamp": "2026-09-22T12:17:29.367246+00:00"}
{"asset": "ETH/USDT", "event": "stale_feed", "level": "WARNING", "stale_ratio": 0.75, "timestamp": "2026-09-22T12:17:30.367392+00:00"}
{"asset": "BTC/USDT", "event": "stale_feed", "level": "WARNING", "stale_ratio": 0.75, "timestamp": "2026-09-22T12:17:31.371198+00:00"}
{"asset": "BTC/USDT", "event": "stale_feed", "level": "WARNING", "stale_ratio": 0.75, "timestamp": "2026-09-22T12:17:32.373976+00:00"}
{"asset": "ETH/USDT", "event": "stale_feed", "level": "WARNING", "stale_ratio": 0.75, "timestamp": "2026-09-22T12:17:33.375311+00:00"}
{"asset": "BTC/USDT", "event": "stale_feed", "level": "WARNING", "stale_ratio": 0.75, "timestamp": "2026-09-22T12:17:34.377182+00:00"}
{"asset": "ETH/USDT", "event": "stale_feed", "level": "WARNING", "stale_ratio": 0.75, "timestamp": "2026-09-22T12:17:35.377690+00:00"}
{"asset": "BTC/USDT", "event": "stale_feed", "level": "WARNING", "stale_ratio": 0.75, "timestamp": "2026-09-22T12:17:36.382382+00:00"}
{"asset": "BTC/USDT", "event": "stale_feed", "level": "WARNING", "stale_ratio": 0.75, "timestamp": "2026-09-22T12:17:37.415556+00:00"}
{"asset": "BTC/USDT", "event": "stale_feed", "level": "WARNING", "stale_ratio": 0.75, "timestamp": "2026-09-22T12:17:38.414441+00:00"}
{"asset": "ETH/USDT", "event": "stale_feed", "level": "WARNING", "stale_ratio": 0.75, "timestamp": "2026-09-22T12:17:39.414574+00:00"}
{"asset": "ETH/USDT", "event": "stale_feed", "level": "WARNING", "stale_ratio": 0.75, "timestamp": "2026-09-22T12:17:40.423724+00:00"}
{"asset": "ETH/USDT", "event": "stale_feed", "level": "WARNING", "stale_ratio": 0.75, "timestamp": "2026-09-22T12:17:41.427857+00:00"}
{"asset": "ETH/USDT", "event": "stale_feed", "level": "WARNING", "stale_ratio": 0.75, "timestamp": "2026-09-22T12:17:42.427576+00:00"}
{"asset": "ETH/USDT", "event": "stale_feed", "level": "WARNING", "stale_ratio": 0.75, "timestamp": "2026-09-22T12:17:43.433683+00:00"}
{"asset": "BTC/USDT", "event": "stale_feed", "level": "WARNING", "stale_ratio": 0.75, "timestamp": "2026-09-22T12:17:44.435872+00:00"}
{"asset": "BTC/USDT", "event": "rest_reconciliation", "level": "INFO", "source": "derivatives", "timestamp": "2026-09-22T12:17:44.931647+00:00"}
{"asset": "ETH/USDT", "event": "rest_reconciliation", "level": "INFO", "source": "derivatives", "timestamp": "2026-09-22T12:17:45.372912+00:00"}
{"asset": "BTC/USDT", "event": "stale_feed", "level": "WARNING", "stale_ratio": 0.5, "timestamp": "2026-09-22T12:17:45.696737+00:00"}
{"asset": "ETH/USDT", "event": "stale_feed", "level": "WARNING", "stale_ratio": 0.5, "timestamp": "2026-09-22T12:17:46.684004+00:00"}
{"asset": "BTC/USDT", "event": "stale_feed", "level": "WARNING", "stale_ratio": 0.5, "timestamp": "2026-09-22T12:17:47.687864+00:00"}
{"asset": "ETH/USDT", "event": "stale_feed", "level": "WARNING", "stale_ratio": 0.5, "timestamp": "2026-09-22T12:17:48.688807+00:00"}
{"asset": "BTC/USDT", "event": "stale_feed", "level": "WARNING", "stale_ratio": 0.5, "timestamp": "2026-09-22T12:17:49.693111+00:00"}
{"asset": "BTC/USDT", "event": "stale_feed", "level": "WARNING", "stale_ratio": 0.75, "timestamp": "2026-09-22T12:17:50.693445+00:00"}
{"asset": "BTC/USDT", "event": "stale_feed", "level": "WARNING", "stale_ratio": 0.75, "timestamp": "2026-09-22T12:17:51.694661+00:00"}
{"asset": "BTC/USDT", "event": "stale_feed", "level": "WARNING", "stale_ratio": 0.75, "timestamp": "2026-09-22T12:17:52.696545+00:00"}
{"asset": "BTC/USDT", "event": "stale_feed", "level": "WARNING", "stale_ratio": 0.75, "timestamp": "2026-09-22T12:17:53.698982+00:00"}
{"asset": "ETH/USDT", "event": "stale_feed", "level": "WARNING", "stale_ratio": 0.75, "timestamp": "2026-09-22T12:17:54.699718+00:00"}
{"asset": "BTC/USDT", "event": "stale_feed", "level": "WARNING", "stale_ratio": 0.75, "timestamp": "2026-09-22T12:17:55.704912+00:00"}
{"asset": "BTC/USDT", "event": "stale_feed", "level": "WARNING", "stale_ratio": 0.75, "timestamp": "2026-09-22T12:17:56.882876+00:00"}
{"asset": "BTC/USDT", "event": "stale_feed", "level": "WARNING", "stale_ratio": 0.75, "timestamp": "2026-09-22T12:17:57.881584+00:00"}
{"asset": "BTC/USDT", "event": "stale_feed", "level": "WARNING", "stale_ratio": 0.75, "timestamp": "2026-09-22T12:17:58.882941+00:00"}
{"asset": "ETH/USDT", "event": "stale_feed", "level": "WARNING", "stale_ratio": 0.75, "timestamp": "2026-09-22T12:17:59.882193+00:00"}
{"asset": "ETH/USDT", "event": "stale_feed", "level": "WARNING", "stale_ratio": 0.75, "timestamp": "2026-09-22T12:18:00.884196+00:00"}
{"asset": "BTC/USDT", "event": "stale_feed", "level": "WARNING", "stale_ratio": 0.75, "timestamp": "2026-09-22T12:18:01.887905+00:00"}
{"asset": "BTC/USDT", "event": "stale_feed", "level": "WARNING", "stale_ratio": 0.75, "timestamp": "2026-09-22T12:18:02.891633+00:00"}
{"asset": "BTC/USDT", "event": "stale_feed", "level": "WARNING", "stale_ratio": 0.75, "timestamp": "2026-09-22T12:18:03.892609+00:00"}
{"asset": "BTC/USDT", "event": "stale_feed", "level": "WARNING", "stale_ratio": 0.75, "timestamp": "2026-09-22T12:18:04.897742+00:00"}
{"asset": "BTC/USDT", "event": "stale_feed", "level": "WARNING", "stale_ratio": 0.75, "timestamp": "2026-09-22T12:18:05.902463+00:00"}
{"asset": "BTC/USDT", "event": "stale_feed", "level": "WARNING", "stale_ratio": 0.75, "timestamp": "2026-09-22T12:18:06.904817+00:00"}
{"asset": "BTC/USDT", "event": "stale_feed", "level": "WARNING", "stale_ratio": 0.75, "timestamp": "2026-09-22T12:18:07.907067+00:00"}
{"asset": "BTC/USDT", "event": "stale_feed", "level": "WARNING", "stale_ratio": 0.75, "timestamp": "2026-09-22T12:18:08.909908+00:00"}
{"asset": "BTC/USDT", "event": "stale_feed", "level": "WARNING", "stale_ratio": 0.75, "timestamp": "2026-09-22T12:18:09.913599+00:00"}
{"asset": "BTC/USDT", "event": "stale_feed", "level": "WARNING", "stale_ratio": 0.75, "timestamp": "2026-09-22T12:18:10.917688+00:00"}
{"asset": "ETH/USDT", "event": "stale_feed", "level": "WARNING", "stale_ratio": 0.75, "timestamp": "2026-09-22T12:18:11.915977+00:00"}
{"asset": "BTC/USDT", "event": "stale_feed", "level": "WARNING", "stale_ratio": 0.75, "timestamp": "2026-09-22T12:18:13.067822+00:00"}
{"asset": "BTC/USDT", "event": "stale_feed", "level": "WARNING", "stale_ratio": 0.75, "timestamp": "2026-09-22T12:18:14.065750+00:00"}
{"asset": "BTC/USDT", "event": "stale_feed", "level": "WARNING", "stale_ratio": 0.75, "timestamp": "2026-09-22T12:18:15.066222+00:00"}
{"asset": "BTC/USDT", "event": "stale_feed", "level": "WARNING", "stale_ratio": 0.75, "timestamp": "2026-09-22T12:18:16.067211+00:00"}
{"asset": "BTC/USDT", "event": "stale_feed", "level": "WARNING", "stale_ratio": 0.75, "timestamp": "2026-09-22T12:18:17.070303+00:00"}
{"asset": "BTC/USDT", "event": "stale_feed", "level": "WARNING", "stale_ratio": 0.75, "timestamp": "2026-09-22T12:18:18.073505+00:00"}
{"asset": "BTC/USDT", "event": "stale_feed", "level": "WARNING", "stale_ratio": 0.75, "timestamp": "2026-09-22T12:18:19.074839+00:00"}
{"asset": "ETH/USDT", "event": "stale_feed", "level": "WARNING", "stale_ratio": 0.75, "timestamp": "2026-09-22T12:18:20.075952+00:00"}
{"asset": "BTC/USDT", "event": "stale_feed", "level": "WARNING", "stale_ratio": 0.75, "timestamp": "2026-09-22T12:18:21.076780+00:00"}
{"asset": "BTC/USDT", "event": "stale_feed", "level": "WARNING", "stale_ratio": 0.75, "timestamp": "2026-09-22T12:18:22.403407+00:00"}
{"asset": "ETH/USDT", "event": "stale_feed", "level": "WARNING", "stale_ratio": 0.75, "timestamp": "2026-09-22T12:18:23.399670+00:00"}
{"asset": "BTC/USDT", "event": "stale_feed", "level": "WARNING", "stale_ratio": 0.75, "timestamp": "2026-09-22T12:18:24.405016+00:00"}
{"asset": "ETH/USDT", "event": "stale_feed", "level": "WARNING", "stale_ratio": 0.75, "timestamp": "2026-09-22T12:18:25.409530+00:00"}
{"asset": "BTC/USDT", "event": "stale_feed", "level": "WARNING", "stale_ratio": 0.75, "timestamp": "2026-09-22T12:18:26.410557+00:00"}
{"asset": "BTC/USDT", "event": "stale_feed", "level": "WARNING", "stale_ratio": 0.75, "timestamp": "2026-09-22T12:18:27.663503+00:00"}
{"asset": "ETH/USDT", "event": "stale_feed", "level": "WARNING", "stale_ratio": 0.75, "timestamp": "2026-09-22T12:18:28.658238+00:00"}
{"asset": "BTC/USDT", "event": "stale_feed", "level": "WARNING", "stale_ratio": 0.75, "timestamp": "2026-09-22T12:18:29.664092+00:00"}
{"asset": "ETH/USDT", "event": "stale_feed", "level": "WARNING", "stale_ratio": 0.75, "timestamp": "2026-09-22T12:18:30.663191+00:00"}
{"asset": "BTC/USDT", "event": "stale_feed", "level": "WARNING", "stale_ratio": 0.75, "timestamp": "2026-09-22T12:18:31.666306+00:00"}
{"asset": "BTC/USDT", "event": "stale_feed", "level": "WARNING", "stale_ratio": 0.75, "timestamp": "2026-09-22T12:18:32.672709+00:00"}
{"asset": "BTC/USDT", "event": "stale_feed", "level": "WARNING", "stale_ratio": 0.75, "timestamp": "2026-09-22T12:18:33.673312+00:00"}
{"asset": "BTC/USDT", "event": "stale_feed", "level": "WARNING", "stale_ratio": 0.75, "timestamp": "2026-09-22T12:18:34.673958+00:00"}
{"asset": "ETH/USDT", "event": "stale_feed", "level": "WARNING", "stale_ratio": 0.75, "timestamp": "2026-09-22T12:18:35.673287+00:00"}
{"asset": "BTC/USDT", "event": "stale_feed", "level": "WARNING", "stale_ratio": 0.75, "timestamp": "2026-09-22T12:18:36.678770+00:00"}
{"asset": "BTC/USDT", "event": "stale_feed", "level": "WARNING", "stale_ratio": 0.75, "timestamp": "2026-09-22T12:18:37.678801+00:00"}
{"asset": "BTC/USDT", "event": "stale_feed", "level": "WARNING", "stale_ratio": 0.75, "timestamp": "2026-09-22T12:18:38.800975+00:00"}
{"asset": "ETH/USDT", "event": "stale_feed", "level": "WARNING", "stale_ratio": 0.75, "timestamp": "2026-09-22T12:18:39.795741+00:00"}
{"asset": "ETH/USDT", "event": "stale_feed", "level": "WARNING", "stale_ratio": 0.75, "timestamp": "2026-09-22T12:18:40.797667+00:00"}
{"asset": "BTC/USDT", "event": "stale_feed", "level": "WARNING", "stale_ratio": 0.75, "timestamp": "2026-09-22T12:18:41.800628+00:00"}
{"asset": "BTC/USDT", "event": "stale_feed", "level": "WARNING", "stale_ratio": 0.75, "timestamp": "2026-09-22T12:18:42.800845+00:00"}
{"asset": "BTC/USDT", "event": "stale_feed", "level": "WARNING", "stale_ratio": 0.75, "timestamp": "2026-09-22T12:18:43.805739+00:00"}
{"asset": "ETH/USDT", "event": "stale_feed", "level": "WARNING", "stale_ratio": 0.75, "timestamp": "2026-09-22T12:18:44.804259+00:00"}
{"asset": "BTC/USDT", "event": "rest_reconciliation", "level": "INFO", "source": "derivatives", "timestamp": "2026-09-22T12:18:44.938005+00:00"}
{"asset": "ETH/USDT", "event": "rest_reconciliation", "level": "INFO", "source": "derivatives", "timestamp": "2026-09-22T12:18:45.388456+00:00"}
{"asset": "ETH/USDT", "event": "stale_feed", "level": "WARNING", "stale_ratio": 0.5, "timestamp": "2026-09-22T12:18:45.805767+00:00"}
{"asset": "ETH/USDT", "event": "stale_feed", "level": "WARNING", "stale_ratio": 0.5, "timestamp": "2026-09-22T12:18:46.810703+00:00"}
{"asset": "ETH/USDT", "event": "stale_feed", "level": "WARNING", "stale_ratio": 0.5, "timestamp": "2026-09-22T12:18:47.809571+00:00"}
{"asset": "BTC/USDT", "event": "stale_feed", "level": "WARNING", "stale_ratio": 0.5, "timestamp": "2026-09-22T12:18:48.813544+00:00"}
{"asset": "ETH/USDT", "event": "stale_feed", "level": "WARNING", "stale_ratio": 0.5, "timestamp": "2026-09-22T12:18:49.814507+00:00"}
{"asset": "BTC/USDT", "event": "stale_feed", "level": "WARNING", "stale_ratio": 0.75, "timestamp": "2026-09-22T12:18:50.815605+00:00"}
{"asset": "BTC/USDT", "event": "stale_feed", "level": "WARNING", "stale_ratio": 0.75, "timestamp": "2026-09-22T12:18:51.819582+00:00"}
{"asset": "BTC/USDT", "event": "stale_feed", "level": "WARNING", "stale_ratio": 0.75, "timestamp": "2026-09-22T12:18:52.823423+00:00"}
{"asset": "BTC/USDT", "event": "stale_feed", "level": "WARNING", "stale_ratio": 0.75, "timestamp": "2026-09-22T12:18:53.826890+00:00"}
{"asset": "BTC/USDT", "event": "stale_feed", "level": "WARNING", "stale_ratio": 0.75, "timestamp": "2026-09-22T12:18:54.829107+00:00"}
{"asset": "BTC/USDT", "event": "stale_feed", "level": "WARNING", "stale_ratio": 0.75, "timestamp": "2026-09-22T12:18:55.833336+00:00"}
{"asset": "BTC/USDT", "event": "stale_feed", "level": "WARNING", "stale_ratio": 0.75, "timestamp": "2026-09-22T12:18:56.833861+00:00"}
{"asset": "BTC/USDT", "event": "stale_feed", "level": "WARNING", "stale_ratio": 0.75, "timestamp": "2026-09-22T12:18:57.836715+00:00"}
{"asset": "BTC/USDT", "event": "stale_feed", "level": "WARNING", "stale_ratio": 0.75, "timestamp": "2026-09-22T12:18:58.837343+00:00"}
{"asset": "ETH/USDT", "event": "stale_feed", "level": "WARNING", "stale_ratio": 0.75, "timestamp": "2026-09-22T12:18:59.836382+00:00"}
{"asset": "BTC/USDT", "event": "stale_feed", "level": "WARNING", "stale_ratio": 0.75, "timestamp": "2026-09-22T12:19:00.841279+00:00"}
{"asset": "BTC/USDT", "event": "stale_feed", "level": "WARNING", "stale_ratio": 0.75, "timestamp": "2026-09-22T12:19:01.839831+00:00"}
{"asset": "BTC/USDT", "event": "stale_feed", "level": "WARNING", "stale_ratio": 0.75, "timestamp": "2026-09-22T12:19:02.841005+00:00"}
{"asset": "BTC/USDT", "event": "stale_feed", "level": "WARNING", "stale_ratio": 0.75, "timestamp": "2026-09-22T12:19:03.844310+00:00"}
{"asset": "BTC/USDT", "event": "stale_feed", "level": "WARNING", "stale_ratio": 0.75, "timestamp": "2026-09-22T12:19:04.847423+00:00"}
{"asset": "BTC/USDT", "event": "stale_feed", "level": "WARNING", "stale_ratio": 0.75, "timestamp": "2026-09-22T12:19:05.875177+00:00"}
{"asset": "BTC/USDT", "event": "stale_feed", "level": "WARNING", "stale_ratio": 0.75, "timestamp": "2026-09-22T12:19:06.872003+00:00"}
{"asset": "BTC/USDT", "event": "stale_feed", "level": "WARNING", "stale_ratio": 0.75, "timestamp": "2026-09-22T12:19:07.875382+00:00"}
{"asset": "BTC/USDT", "event": "stale_feed", "level": "WARNING", "stale_ratio": 0.75, "timestamp": "2026-09-22T12:19:08.879976+00:00"}
{"asset": "BTC/USDT", "event": "stale_feed", "level": "WARNING", "stale_ratio": 0.75, "timestamp": "2026-09-22T12:19:09.882343+00:00"}
{"asset": "BTC/USDT", "event": "stale_feed", "level": "WARNING", "stale_ratio": 0.75, "timestamp": "2026-09-22T12:19:10.885725+00:00"}
{"asset": "BTC/USDT", "event": "stale_feed", "level": "WARNING", "stale_ratio": 0.75, "timestamp": "2026-09-22T12:19:11.893840+00:00"}
{"asset": "ETH/USDT", "event": "stale_feed", "level": "WARNING", "stale_ratio": 0.75, "timestamp": "2026-09-22T12:19:12.897188+00:00"}
{"asset": "BTC/USDT", "event": "stale_feed", "level": "WARNING", "stale_ratio": 0.75, "timestamp": "2026-09-22T12:19:13.898551+00:00"}
{"asset": "BTC/USDT", "event": "stale_feed", "level": "WARNING", "stale_ratio": 0.75, "timestamp": "2026-09-22T12:19:14.903549+00:00"}
{"asset": "BTC/USDT", "event": "stale_feed", "level": "WARNING", "stale_ratio": 0.75, "timestamp": "2026-09-22T12:19:15.904134+00:00"}
{"asset": "BTC/USDT", "event": "stale_feed", "level": "WARNING", "stale_ratio": 0.75, "timestamp": "2026-09-22T12:19:16.908608+00:00"}
{"asset": "ETH/USDT", "event": "stale_feed", "level": "WARNING", "stale_ratio": 0.75, "timestamp": "2026-09-22T12:19:17.904342+00:00"}
{"asset": "BTC/USDT", "event": "stale_feed", "level": "WARNING", "stale_ratio": 0.75, "timestamp": "2026-09-22T12:19:18.909884+00:00"}
{"asset": "BTC/USDT", "event": "stale_feed", "level": "WARNING", "stale_ratio": 0.75, "timestamp": "2026-09-22T12:19:19.909720+00:00"}
{"asset": "ETH/USDT", "event": "stale_feed", "level": "WARNING", "stale_ratio": 0.75, "timestamp": "2026-09-22T12:19:20.914501+00:00"}
{"asset": "BTC/USDT", "event": "stale_feed", "level": "WARNING", "stale_ratio": 0.75, "timestamp": "2026-09-22T12:19:21.915564+00:00"}
{"asset": "ETH/USDT", "event": "stale_feed", "level": "WARNING", "stale_ratio": 0.75, "timestamp": "2026-09-22T12:19:22.919716+00:00"}
{"asset": "BTC/USDT", "event": "stale_feed", "level": "WARNING", "stale_ratio": 0.75, "timestamp": "2026-09-22T12:19:23.924070+00:00"}
{"asset": "ETH/USDT", "event": "stale_feed", "level": "WARNING", "stale_ratio": 0.75, "timestamp": "2026-09-22T12:19:24.922367+00:00"}
{"asset": "BTC/USDT", "event": "stale_feed", "level": "WARNING", "stale_ratio": 0.75, "timestamp": "2026-09-22T12:19:25.955760+00:00"}
{"event": "feed_reconnect", "level": "WARNING", "reconnects": 1, "timestamp": "2026-09-22T12:19:36.265669+00:00"}
{"asset": "BTC/USDT", "event": "stale_feed", "level": "WARNING", "stale_ratio": 0.75, "timestamp": "2026-09-22T12:19:36.310432+00:00"}
{"current": "DEGRADED", "event": "health_transition", "level": "WARNING", "previous": "HEALTHY", "reason": "sequence_gap", "timestamp": "2026-09-22T12:19:36.338566+00:00"}
{"asset": "BTC/USDT", "event": "sequence_gap", "first": 100495253040, "last": 100495253058, "level": "WARNING", "timestamp": "2026-09-22T12:19:36.338614+00:00"}
{"asset": "BTC/USDT", "event": "book_invalidation", "level": "WARNING", "timestamp": "2026-09-22T12:19:36.338639+00:00"}
{"current": "HEALTHY", "event": "health_transition", "level": "INFO", "previous": "DEGRADED", "reason": "book_resync", "timestamp": "2026-09-22T12:19:36.703198+00:00"}
{"asset": "BTC/USDT", "event": "book_resync", "level": "INFO", "sequence": 100495253170, "timestamp": "2026-09-22T12:19:36.703343+00:00"}
{"current": "DEGRADED", "event": "health_transition", "level": "WARNING", "previous": "HEALTHY", "reason": "sequence_gap", "timestamp": "2026-09-22T12:19:36.736291+00:00"}
{"asset": "ETH/USDT", "event": "sequence_gap", "first": 81326426938, "last": 81326426944, "level": "WARNING", "timestamp": "2026-09-22T12:19:36.736394+00:00"}
{"asset": "ETH/USDT", "event": "book_invalidation", "level": "WARNING", "timestamp": "2026-09-22T12:19:36.736437+00:00"}
{"current": "HEALTHY", "event": "health_transition", "level": "INFO", "previous": "DEGRADED", "reason": "book_resync", "timestamp": "2026-09-22T12:19:37.014908+00:00"}
{"asset": "ETH/USDT", "event": "book_resync", "level": "INFO", "sequence": 81326427619, "timestamp": "2026-09-22T12:19:37.015084+00:00"}
{"asset": "ETH/USDT", "event": "stale_feed", "level": "WARNING", "stale_ratio": 0.25, "timestamp": "2026-09-22T12:19:37.279768+00:00"}
{"asset": "ETH/USDT", "event": "stale_feed", "level": "WARNING", "stale_ratio": 0.25, "timestamp": "2026-09-22T12:19:38.288671+00:00"}
{"asset": "ETH/USDT", "event": "stale_feed", "level": "WARNING", "stale_ratio": 0.25, "timestamp": "2026-09-22T12:19:39.286490+00:00"}
{"asset": "BTC/USDT", "event": "stale_feed", "level": "WARNING", "stale_ratio": 0.25, "timestamp": "2026-09-22T12:19:40.294768+00:00"}
{"asset": "ETH/USDT", "event": "stale_feed", "level": "WARNING", "stale_ratio": 0.25, "timestamp": "2026-09-22T12:19:41.289089+00:00"}
{"asset": "BTC/USDT", "event": "stale_feed", "level": "WARNING", "stale_ratio": 0.25, "timestamp": "2026-09-22T12:19:42.293378+00:00"}
{"asset": "BTC/USDT", "event": "stale_feed", "level": "WARNING", "stale_ratio": 0.25, "timestamp": "2026-09-22T12:19:43.296836+00:00"}
{"asset": "ETH/USDT", "event": "stale_feed", "level": "WARNING", "stale_ratio": 0.25, "timestamp": "2026-09-22T12:19:44.299007+00:00"}
{"asset": "BTC/USDT", "event": "rest_reconciliation", "level": "INFO", "source": "derivatives", "timestamp": "2026-09-22T12:19:44.944048+00:00"}
{"asset": "ETH/USDT", "event": "stale_feed", "level": "WARNING", "stale_ratio": 0.25, "timestamp": "2026-09-22T12:19:45.389419+00:00"}
{"asset": "ETH/USDT", "event": "rest_reconciliation", "level": "INFO", "source": "derivatives", "timestamp": "2026-09-22T12:19:45.586376+00:00"}
{"asset": "ETH/USDT", "event": "stale_feed", "level": "WARNING", "stale_ratio": 0.5, "timestamp": "2026-09-22T12:19:46.379942+00:00"}
{"asset": "BTC/USDT", "event": "stale_feed", "level": "WARNING", "stale_ratio": 0.25, "timestamp": "2026-09-22T12:19:47.385772+00:00"}
{"asset": "BTC/USDT", "event": "stale_feed", "level": "WARNING", "stale_ratio": 0.5, "timestamp": "2026-09-22T12:19:48.388518+00:00"}
{"asset": "BTC/USDT", "event": "stale_feed", "level": "WARNING", "stale_ratio": 0.5, "timestamp": "2026-09-22T12:19:49.392613+00:00"}
{"asset": "BTC/USDT", "event": "stale_feed", "level": "WARNING", "stale_ratio": 0.75, "timestamp": "2026-09-22T12:19:50.393365+00:00"}
{"asset": "BTC/USDT", "event": "stale_feed", "level": "WARNING", "stale_ratio": 0.75, "timestamp": "2026-09-22T12:19:51.398174+00:00"}
{"asset": "BTC/USDT", "event": "stale_feed", "level": "WARNING", "stale_ratio": 0.75, "timestamp": "2026-09-22T12:19:52.404842+00:00"}
{"asset": "BTC/USDT", "event": "stale_feed", "level": "WARNING", "stale_ratio": 0.75, "timestamp": "2026-09-22T12:19:53.408342+00:00"}
{"asset": "BTC/USDT", "event": "stale_feed", "level": "WARNING", "stale_ratio": 0.75, "timestamp": "2026-09-22T12:19:54.407681+00:00"}
{"asset": "BTC/USDT", "event": "stale_feed", "level": "WARNING", "stale_ratio": 0.75, "timestamp": "2026-09-22T12:19:55.416166+00:00"}
{"asset": "BTC/USDT", "event": "stale_feed", "level": "WARNING", "stale_ratio": 0.75, "timestamp": "2026-09-22T12:19:56.415905+00:00"}
{"asset": "BTC/USDT", "event": "stale_feed", "level": "WARNING", "stale_ratio": 0.75, "timestamp": "2026-09-22T12:19:57.418983+00:00"}
{"asset": "BTC/USDT", "event": "stale_feed", "level": "WARNING", "stale_ratio": 0.75, "timestamp": "2026-09-22T12:19:58.422987+00:00"}
{"asset": "BTC/USDT", "event": "stale_feed", "level": "WARNING", "stale_ratio": 0.75, "timestamp": "2026-09-22T12:19:59.420712+00:00"}
{"asset": "ETH/USDT", "event": "stale_feed", "level": "WARNING", "stale_ratio": 0.75, "timestamp": "2026-09-22T12:20:00.425272+00:00"}
{"asset": "BTC/USDT", "event": "stale_feed", "level": "WARNING", "stale_ratio": 0.75, "timestamp": "2026-09-22T12:20:01.429441+00:00"}
{"asset": "BTC/USDT", "event": "stale_feed", "level": "WARNING", "stale_ratio": 0.75, "timestamp": "2026-09-22T12:20:02.435377+00:00"}
{"asset": "BTC/USDT", "event": "stale_feed", "level": "WARNING", "stale_ratio": 0.75, "timestamp": "2026-09-22T12:20:03.436224+00:00"}
{"asset": "BTC/USDT", "event": "stale_feed", "level": "WARNING", "stale_ratio": 0.75, "timestamp": "2026-09-22T12:20:04.439592+00:00"}
{"asset": "BTC/USDT", "event": "stale_feed", "level": "WARNING", "stale_ratio": 0.75, "timestamp": "2026-09-22T12:20:05.443213+00:00"}
{"asset": "BTC/USDT", "event": "stale_feed", "level": "WARNING", "stale_ratio": 0.75, "timestamp": "2026-09-22T12:20:06.446354+00:00"}
{"asset": "ETH/USDT", "event": "stale_feed", "level": "WARNING", "stale_ratio": 0.75, "timestamp": "2026-09-22T12:20:07.450247+00:00"}
{"asset": "BTC/USDT", "event": "stale_feed", "level": "WARNING", "stale_ratio": 0.75, "timestamp": "2026-09-22T12:20:08.454853+00:00"}
{"asset": "ETH/USDT", "event": "stale_feed", "level": "WARNING", "stale_ratio": 0.75, "timestamp": "2026-09-22T12:20:09.457132+00:00"}
{"asset": "BTC/USDT", "event": "stale_feed", "level": "WARNING", "stale_ratio": 0.75, "timestamp": "2026-09-22T12:20:10.458726+00:00"}
{"asset": "ETH/USDT", "event": "stale_feed", "level": "WARNING", "stale_ratio": 0.75, "timestamp": "2026-09-22T12:20:11.457582+00:00"}
{"asset": "BTC/USDT", "event": "stale_feed", "level": "WARNING", "stale_ratio": 0.75, "timestamp": "2026-09-22T12:20:12.460773+00:00"}
{"asset": "ETH/USDT", "event": "stale_feed", "level": "WARNING", "stale_ratio": 0.75, "timestamp": "2026-09-22T12:20:13.465260+00:00"}
{"asset": "BTC/USDT", "event": "stale_feed", "level": "WARNING", "stale_ratio": 0.75, "timestamp": "2026-09-22T12:20:14.473304+00:00"}
{"asset": "BTC/USDT", "event": "stale_feed", "level": "WARNING", "stale_ratio": 0.75, "timestamp": "2026-09-22T12:20:15.684418+00:00"}
{"asset": "BTC/USDT", "event": "stale_feed", "level": "WARNING", "stale_ratio": 0.75, "timestamp": "2026-09-22T12:20:16.689643+00:00"}
{"asset": "ETH/USDT", "event": "stale_feed", "level": "WARNING", "stale_ratio": 0.75, "timestamp": "2026-09-22T12:20:17.686189+00:00"}
{"asset": "ETH/USDT", "event": "stale_feed", "level": "WARNING", "stale_ratio": 0.75, "timestamp": "2026-09-22T12:20:18.698665+00:00"}
{"asset": "ETH/USDT", "event": "stale_feed", "level": "WARNING", "stale_ratio": 0.75, "timestamp": "2026-09-22T12:20:19.707587+00:00"}
{"asset": "ETH/USDT", "event": "stale_feed", "level": "WARNING", "stale_ratio": 0.75, "timestamp": "2026-09-22T12:20:20.704088+00:00"}
{"asset": "BTC/USDT", "event": "stale_feed", "level": "WARNING", "stale_ratio": 0.75, "timestamp": "2026-09-22T12:20:21.709362+00:00"}
{"asset": "BTC/USDT", "event": "stale_feed", "level": "WARNING", "stale_ratio": 0.75, "timestamp": "2026-09-22T12:20:22.711734+00:00"}
{"asset": "BTC/USDT", "event": "stale_feed", "level": "WARNING", "stale_ratio": 0.75, "timestamp": "2026-09-22T12:20:23.717729+00:00"}
{"asset": "BTC/USDT", "event": "stale_feed", "level": "WARNING", "stale_ratio": 0.75, "timestamp": "2026-09-22T12:20:24.726729+00:00"}
{"asset": "ETH/USDT", "event": "stale_feed", "level": "WARNING", "stale_ratio": 0.75, "timestamp": "2026-09-22T12:20:25.723128+00:00"}
{"asset": "BTC/USDT", "event": "stale_feed", "level": "WARNING", "stale_ratio": 0.75, "timestamp": "2026-09-22T12:20:26.731853+00:00"}
{"asset": "BTC/USDT", "event": "stale_feed", "level": "WARNING", "stale_ratio": 0.75, "timestamp": "2026-09-22T12:20:27.964035+00:00"}
{"asset": "ETH/USDT", "event": "stale_feed", "level": "WARNING", "stale_ratio": 0.75, "timestamp": "2026-09-22T12:20:28.965949+00:00"}
{"asset": "BTC/USDT", "event": "stale_feed", "level": "WARNING", "stale_ratio": 0.75, "timestamp": "2026-09-22T12:20:30.073831+00:00"}
{"asset": "BTC/USDT", "event": "stale_feed", "level": "WARNING", "stale_ratio": 0.75, "timestamp": "2026-09-22T12:20:31.034622+00:00"}
{"asset": "BTC/USDT", "event": "stale_feed", "level": "WARNING", "stale_ratio": 0.75, "timestamp": "2026-09-22T12:20:32.054902+00:00"}
{"asset": "BTC/USDT", "event": "stale_feed", "level": "WARNING", "stale_ratio": 0.75, "timestamp": "2026-09-22T12:20:33.045498+00:00"}
{"asset": "BTC/USDT", "event": "stale_feed", "level": "WARNING", "stale_ratio": 0.75, "timestamp": "2026-09-22T12:20:34.044815+00:00"}
{"asset": "BTC/USDT", "event": "stale_feed", "level": "WARNING", "stale_ratio": 0.75, "timestamp": "2026-09-22T12:20:35.050369+00:00"}
{"asset": "BTC/USDT", "event": "stale_feed", "level": "WARNING", "stale_ratio": 0.75, "timestamp": "2026-09-22T12:20:36.059576+00:00"}
{"asset": "BTC/USDT", "event": "stale_feed", "level": "WARNING", "stale_ratio": 0.75, "timestamp": "2026-09-22T12:20:37.055432+00:00"}
{"asset": "BTC/USDT", "event": "stale_feed", "level": "WARNING", "stale_ratio": 0.75, "timestamp": "2026-09-22T12:20:38.060742+00:00"}
{"asset": "ETH/USDT", "event": "stale_feed", "level": "WARNING", "stale_ratio": 0.75, "timestamp": "2026-09-22T12:20:39.065330+00:00"}
{"asset": "BTC/USDT", "event": "stale_feed", "level": "WARNING", "stale_ratio": 0.75, "timestamp": "2026-09-22T12:20:40.084538+00:00"}
{"asset": "ETH/USDT", "event": "stale_feed", "level": "WARNING", "stale_ratio": 0.75, "timestamp": "2026-09-22T12:20:41.073289+00:00"}
{"asset": "ETH/USDT", "event": "stale_feed", "level": "WARNING", "stale_ratio": 0.75, "timestamp": "2026-09-22T12:20:42.078910+00:00"}
{"asset": "BTC/USDT", "event": "stale_feed", "level": "WARNING", "stale_ratio": 0.75, "timestamp": "2026-09-22T12:20:43.095939+00:00"}
{"asset": "BTC/USDT", "event": "stale_feed", "level": "WARNING", "stale_ratio": 0.75, "timestamp": "2026-09-22T12:20:44.091938+00:00"}
{"asset": "BTC/USDT", "event": "rest_reconciliation", "level": "INFO", "source": "derivatives", "timestamp": "2026-09-22T12:20:44.954099+00:00"}
{"asset": "BTC/USDT", "event": "stale_feed", "level": "WARNING", "stale_ratio": 0.5, "timestamp": "2026-09-22T12:20:45.342999+00:00"}
{"asset": "ETH/USDT", "event": "rest_reconciliation", "level": "INFO", "source": "derivatives", "timestamp": "2026-09-22T12:20:45.928205+00:00"}
{"asset": "BTC/USDT", "event": "stale_feed", "level": "WARNING", "stale_ratio": 0.5, "timestamp": "2026-09-22T12:20:46.342599+00:00"}
{"asset": "BTC/USDT", "event": "stale_feed", "level": "WARNING", "stale_ratio": 0.5, "timestamp": "2026-09-22T12:20:47.353274+00:00"}
{"asset": "BTC/USDT", "event": "stale_feed", "level": "WARNING", "stale_ratio": 0.5, "timestamp": "2026-09-22T12:20:48.346270+00:00"}
{"asset": "BTC/USDT", "event": "stale_feed", "level": "WARNING", "stale_ratio": 0.5, "timestamp": "2026-09-22T12:20:49.360592+00:00"}
{"asset": "BTC/USDT", "event": "stale_feed", "level": "WARNING", "stale_ratio": 0.75, "timestamp": "2026-09-22T12:20:50.356282+00:00"}
{"asset": "BTC/USDT", "event": "stale_feed", "level": "WARNING", "stale_ratio": 0.75, "timestamp": "2026-09-22T12:20:51.363142+00:00"}
{"asset": "BTC/USDT", "event": "stale_feed", "level": "WARNING", "stale_ratio": 0.75, "timestamp": "2026-09-22T12:20:52.366693+00:00"}
{"asset": "ETH/USDT", "event": "stale_feed", "level": "WARNING", "stale_ratio": 0.75, "timestamp": "2026-09-22T12:20:53.368359+00:00"}
{"asset": "ETH/USDT", "event": "stale_feed", "level": "WARNING", "stale_ratio": 0.75, "timestamp": "2026-09-22T12:20:54.367963+00:00"}
{"asset": "BTC/USDT", "event": "stale_feed", "level": "WARNING", "stale_ratio": 0.75, "timestamp": "2026-09-22T12:20:55.373522+00:00"}
{"asset": "BTC/USDT", "event": "stale_feed", "level": "WARNING", "stale_ratio": 0.75, "timestamp": "2026-09-22T12:20:56.376721+00:00"}
{"asset": "BTC/USDT", "event": "stale_feed", "level": "WARNING", "stale_ratio": 0.75, "timestamp": "2026-09-22T12:20:57.382825+00:00"}
{"asset": "BTC/USDT", "event": "stale_feed", "level": "WARNING", "stale_ratio": 0.75, "timestamp": "2026-09-22T12:20:58.390696+00:00"}
{"event": "feed_reconnect", "level": "WARNING", "reconnects": 2, "timestamp": "2026-09-22T12:21:01.050122+00:00"}
{"current": "DEGRADED", "event": "health_transition", "level": "WARNING", "previous": "HEALTHY", "reason": "sequence_gap", "timestamp": "2026-09-22T12:21:01.050345+00:00"}
{"asset": "BTC/USDT", "event": "sequence_gap", "first": 100495325983, "last": 100495326041, "level": "WARNING", "timestamp": "2026-09-22T12:21:01.050436+00:00"}
{"asset": "BTC/USDT", "event": "book_invalidation", "level": "WARNING", "timestamp": "2026-09-22T12:21:01.050494+00:00"}
{"current": "HEALTHY", "event": "health_transition", "level": "INFO", "previous": "DEGRADED", "reason": "book_resync", "timestamp": "2026-09-22T12:21:01.373242+00:00"}
{"asset": "BTC/USDT", "event": "book_resync", "level": "INFO", "sequence": 100495326296, "timestamp": "2026-09-22T12:21:01.373538+00:00"}
{"asset": "BTC/USDT", "event": "stale_feed", "level": "WARNING", "stale_ratio": 0.75, "timestamp": "2026-09-22T12:21:01.421993+00:00"}
{"current": "DEGRADED", "event": "health_transition", "level": "WARNING", "previous": "HEALTHY", "reason": "sequence_gap", "timestamp": "2026-09-22T12:21:01.441444+00:00"}
{"asset": "ETH/USDT", "event": "sequence_gap", "first": 81326481725, "last": 81326482036, "level": "WARNING", "timestamp": "2026-09-22T12:21:01.441486+00:00"}
{"asset": "ETH/USDT", "event": "book_invalidation", "level": "WARNING", "timestamp": "2026-09-22T12:21:01.441511+00:00"}
{"current": "HEALTHY", "event": "health_transition", "level": "INFO", "previous": "DEGRADED", "reason": "book_resync", "timestamp": "2026-09-22T12:21:01.717668+00:00"}
{"asset": "ETH/USDT", "event": "book_resync", "level": "INFO", "sequence": 81326482380, "timestamp": "2026-09-22T12:21:01.717832+00:00"}
{"asset": "ETH/USDT", "event": "stale_feed", "level": "WARNING", "stale_ratio": 0.5, "timestamp": "2026-09-22T12:21:02.064636+00:00"}
{"asset": "BTC/USDT", "event": "stale_feed", "level": "WARNING", "stale_ratio": 0.25, "timestamp": "2026-09-22T12:21:03.069925+00:00"}
{"asset": "ETH/USDT", "event": "stale_feed", "level": "WARNING", "stale_ratio": 0.25, "timestamp": "2026-09-22T12:21:04.066766+00:00"}
{"asset": "BTC/USDT", "event": "stale_feed", "level": "WARNING", "stale_ratio": 0.25, "timestamp": "2026-09-22T12:21:05.071350+00:00"}
{"asset": "ETH/USDT", "event": "stale_feed", "level": "WARNING", "stale_ratio": 0.25, "timestamp": "2026-09-22T12:21:06.070828+00:00"}
{"asset": "BTC/USDT", "event": "stale_feed", "level": "WARNING", "stale_ratio": 0.25, "timestamp": "2026-09-22T12:21:07.077806+00:00"}
{"asset": "BTC/USDT", "event": "stale_feed", "level": "WARNING", "stale_ratio": 0.25, "timestamp": "2026-09-22T12:21:08.074837+00:00"}
{"asset": "BTC/USDT", "event": "stale_feed", "level": "WARNING", "stale_ratio": 0.75, "timestamp": "2026-09-22T12:21:09.080662+00:00"}
{"asset": "BTC/USDT", "event": "stale_feed", "level": "WARNING", "stale_ratio": 0.75, "timestamp": "2026-09-22T12:21:10.081553+00:00"}
{"asset": "BTC/USDT", "event": "stale_feed", "level": "WARNING", "stale_ratio": 0.75, "timestamp": "2026-09-22T12:21:11.086651+00:00"}
{"asset": "BTC/USDT", "event": "stale_feed", "level": "WARNING", "stale_ratio": 0.75, "timestamp": "2026-09-22T12:21:12.089161+00:00"}
{"asset": "BTC/USDT", "event": "stale_feed", "level": "WARNING", "stale_ratio": 0.75, "timestamp": "2026-09-22T12:21:13.096863+00:00"}
{"asset": "BTC/USDT", "event": "stale_feed", "level": "WARNING", "stale_ratio": 0.75, "timestamp": "2026-09-22T12:21:14.093477+00:00"}
{"asset": "ETH/USDT", "event": "stale_feed", "level": "WARNING", "stale_ratio": 0.75, "timestamp": "2026-09-22T12:21:15.096237+00:00"}
{"asset": "ETH/USDT", "event": "stale_feed", "level": "WARNING", "stale_ratio": 0.75, "timestamp": "2026-09-22T12:21:16.097862+00:00"}
{"asset": "BTC/USDT", "event": "stale_feed", "level": "WARNING", "stale_ratio": 0.75, "timestamp": "2026-09-22T12:21:17.112419+00:00"}
{"asset": "BTC/USDT", "event": "stale_feed", "level": "WARNING", "stale_ratio": 0.75, "timestamp": "2026-09-22T12:21:18.108291+00:00"}
{"asset": "BTC/USDT", "event": "stale_feed", "level": "WARNING", "stale_ratio": 0.75, "timestamp": "2026-09-22T12:21:19.123746+00:00"}
{"asset": "BTC/USDT", "event": "stale_feed", "level": "WARNING", "stale_ratio": 0.75, "timestamp": "2026-09-22T12:21:20.124159+00:00"}
{"asset": "BTC/USDT", "event": "stale_feed", "level": "WARNING", "stale_ratio": 0.75, "timestamp": "2026-09-22T12:21:21.130176+00:00"}
{"asset": "ETH/USDT", "event": "stale_feed", "level": "WARNING", "stale_ratio": 0.75, "timestamp": "2026-09-22T12:21:22.133886+00:00"}
{"asset": "BTC/USDT", "event": "stale_feed", "level": "WARNING", "stale_ratio": 0.75, "timestamp": "2026-09-22T12:21:23.143859+00:00"}
{"asset": "ETH/USDT", "event": "stale_feed", "level": "WARNING", "stale_ratio": 0.75, "timestamp": "2026-09-22T12:21:24.136285+00:00"}
{"asset": "BTC/USDT", "event": "stale_feed", "level": "WARNING", "stale_ratio": 0.75, "timestamp": "2026-09-22T12:21:25.140421+00:00"}
{"asset": "BTC/USDT", "event": "stale_feed", "level": "WARNING", "stale_ratio": 0.75, "timestamp": "2026-09-22T12:21:26.149729+00:00"}
{"asset": "BTC/USDT", "event": "stale_feed", "level": "WARNING", "stale_ratio": 0.75, "timestamp": "2026-09-22T12:21:27.149735+00:00"}
{"asset": "BTC/USDT", "event": "stale_feed", "level": "WARNING", "stale_ratio": 0.75, "timestamp": "2026-09-22T12:21:28.154467+00:00"}
{"asset": "BTC/USDT", "event": "stale_feed", "level": "WARNING", "stale_ratio": 0.75, "timestamp": "2026-09-22T12:21:29.160179+00:00"}
{"asset": "BTC/USDT", "event": "stale_feed", "level": "WARNING", "stale_ratio": 0.75, "timestamp": "2026-09-22T12:21:30.159658+00:00"}
{"asset": "BTC/USDT", "event": "stale_feed", "level": "WARNING", "stale_ratio": 0.75, "timestamp": "2026-09-22T12:21:31.168565+00:00"}
{"asset": "ETH/USDT", "event": "stale_feed", "level": "WARNING", "stale_ratio": 0.75, "timestamp": "2026-09-22T12:21:32.159022+00:00"}
{"asset": "BTC/USDT", "event": "stale_feed", "level": "WARNING", "stale_ratio": 0.75, "timestamp": "2026-09-22T12:21:33.169500+00:00"}
{"asset": "BTC/USDT", "event": "stale_feed", "level": "WARNING", "stale_ratio": 0.75, "timestamp": "2026-09-22T12:21:34.171475+00:00"}
{"asset": "ETH/USDT", "event": "stale_feed", "level": "WARNING", "stale_ratio": 0.75, "timestamp": "2026-09-22T12:21:35.171813+00:00"}
{"asset": "BTC/USDT", "event": "stale_feed", "level": "WARNING", "stale_ratio": 0.75, "timestamp": "2026-09-22T12:21:36.185146+00:00"}
{"asset": "BTC/USDT", "event": "stale_feed", "level": "WARNING", "stale_ratio": 0.75, "timestamp": "2026-09-22T12:21:37.189785+00:00"}
{"asset": "BTC/USDT", "event": "stale_feed", "level": "WARNING", "stale_ratio": 0.75, "timestamp": "2026-09-22T12:21:38.191588+00:00"}
{"asset": "ETH/USDT", "event": "stale_feed", "level": "WARNING", "stale_ratio": 0.75, "timestamp": "2026-09-22T12:21:39.189466+00:00"}
{"asset": "BTC/USDT", "event": "stale_feed", "level": "WARNING", "stale_ratio": 0.75, "timestamp": "2026-09-22T12:21:40.203274+00:00"}
{"asset": "ETH/USDT", "event": "stale_feed", "level": "WARNING", "stale_ratio": 0.75, "timestamp": "2026-09-22T12:21:41.211234+00:00"}
{"asset": "BTC/USDT", "event": "stale_feed", "level": "WARNING", "stale_ratio": 0.75, "timestamp": "2026-09-22T12:21:42.217403+00:00"}
{"asset": "ETH/USDT", "event": "stale_feed", "level": "WARNING", "stale_ratio": 0.75, "timestamp": "2026-09-22T12:21:43.228516+00:00"}
{"asset": "ETH/USDT", "event": "stale_feed", "level": "WARNING", "stale_ratio": 0.75, "timestamp": "2026-09-22T12:21:44.230328+00:00"}
{"asset": "BTC/USDT", "event": "rest_reconciliation", "level": "INFO", "source": "derivatives", "timestamp": "2026-09-22T12:21:44.960437+00:00"}
{"asset": "BTC/USDT", "event": "stale_feed", "level": "WARNING", "stale_ratio": 0.5, "timestamp": "2026-09-22T12:21:45.333466+00:00"}
{"asset": "ETH/USDT", "event": "rest_reconciliation", "level": "INFO", "source": "derivatives", "timestamp": "2026-09-22T12:21:45.970412+00:00"}
{"asset": "BTC/USDT", "event": "stale_feed", "level": "WARNING", "stale_ratio": 0.5, "timestamp": "2026-09-22T12:21:46.336004+00:00"}
{"asset": "ETH/USDT", "event": "stale_feed", "level": "WARNING", "stale_ratio": 0.5, "timestamp": "2026-09-22T12:21:47.341968+00:00"}
{"asset": "BTC/USDT", "event": "stale_feed", "level": "WARNING", "stale_ratio": 0.5, "timestamp": "2026-09-22T12:21:48.346792+00:00"}
{"asset": "BTC/USDT", "event": "stale_feed", "level": "WARNING", "stale_ratio": 0.5, "timestamp": "2026-09-22T12:21:49.349728+00:00"}
{"asset": "BTC/USDT", "event": "stale_feed", "level": "WARNING", "stale_ratio": 0.75, "timestamp": "2026-09-22T12:21:50.357297+00:00"}
{"asset": "BTC/USDT", "event": "stale_feed", "level": "WARNING", "stale_ratio": 0.75, "timestamp": "2026-09-22T12:21:51.357985+00:00"}
{"asset": "BTC/USDT", "event": "stale_feed", "level": "WARNING", "stale_ratio": 0.75, "timestamp": "2026-09-22T12:21:52.358699+00:00"}
{"asset": "BTC/USDT", "event": "stale_feed", "level": "WARNING", "stale_ratio": 0.75, "timestamp": "2026-09-22T12:21:53.362148+00:00"}
{"asset": "BTC/USDT", "event": "stale_feed", "level": "WARNING", "stale_ratio": 0.75, "timestamp": "2026-09-22T12:21:54.372104+00:00"}
{"asset": "BTC/USDT", "event": "stale_feed", "level": "WARNING", "stale_ratio": 0.75, "timestamp": "2026-09-22T12:21:55.382137+00:00"}
{"asset": "ETH/USDT", "event": "stale_feed", "level": "WARNING", "stale_ratio": 0.75, "timestamp": "2026-09-22T12:21:56.383556+00:00"}
{"asset": "ETH/USDT", "event": "stale_feed", "level": "WARNING", "stale_ratio": 0.75, "timestamp": "2026-09-22T12:21:57.380419+00:00"}
{"asset": "BTC/USDT", "event": "stale_feed", "level": "WARNING", "stale_ratio": 0.75, "timestamp": "2026-09-22T12:21:58.391618+00:00"}
{"asset": "BTC/USDT", "event": "stale_feed", "level": "WARNING", "stale_ratio": 0.75, "timestamp": "2026-09-22T12:21:59.393930+00:00"}
{"asset": "ETH/USDT", "event": "stale_feed", "level": "WARNING", "stale_ratio": 0.75, "timestamp": "2026-09-22T12:22:00.389624+00:00"}
{"asset": "BTC/USDT", "event": "stale_feed", "level": "WARNING", "stale_ratio": 0.75, "timestamp": "2026-09-22T12:22:01.400361+00:00"}
{"asset": "ETH/USDT", "event": "stale_feed", "level": "WARNING", "stale_ratio": 0.75, "timestamp": "2026-09-22T12:22:02.408213+00:00"}
{"asset": "BTC/USDT", "event": "stale_feed", "level": "WARNING", "stale_ratio": 0.75, "timestamp": "2026-09-22T12:22:03.410534+00:00"}
{"asset": "ETH/USDT", "event": "stale_feed", "level": "WARNING", "stale_ratio": 0.75, "timestamp": "2026-09-22T12:22:04.435367+00:00"}
{"asset": "BTC/USDT", "event": "stale_feed", "level": "WARNING", "stale_ratio": 0.75, "timestamp": "2026-09-22T12:22:05.442007+00:00"}
{"asset": "ETH/USDT", "event": "stale_feed", "level": "WARNING", "stale_ratio": 0.75, "timestamp": "2026-09-22T12:22:06.442921+00:00"}
{"asset": "BTC/USDT", "event": "stale_feed", "level": "WARNING", "stale_ratio": 0.75, "timestamp": "2026-09-22T12:22:07.452075+00:00"}
{"asset": "BTC/USDT", "event": "stale_feed", "level": "WARNING", "stale_ratio": 0.75, "timestamp": "2026-09-22T12:22:08.451678+00:00"}
{"asset": "BTC/USDT", "event": "stale_feed", "level": "WARNING", "stale_ratio": 0.75, "timestamp": "2026-09-22T12:22:09.458695+00:00"}
{"asset": "BTC/USDT", "event": "stale_feed", "level": "WARNING", "stale_ratio": 0.75, "timestamp": "2026-09-22T12:22:10.462823+00:00"}
{"asset": "ETH/USDT", "event": "stale_feed", "level": "WARNING", "stale_ratio": 0.75, "timestamp": "2026-09-22T12:22:11.459674+00:00"}
{"asset": "BTC/USDT", "event": "stale_feed", "level": "WARNING", "stale_ratio": 0.75, "timestamp": "2026-09-22T12:22:12.469158+00:00"}
{"asset": "ETH/USDT", "event": "stale_feed", "level": "WARNING", "stale_ratio": 0.75, "timestamp": "2026-09-22T12:22:13.475104+00:00"}
{"asset": "BTC/USDT", "event": "stale_feed", "level": "WARNING", "stale_ratio": 0.75, "timestamp": "2026-09-22T12:22:14.482696+00:00"}
{"asset": "BTC/USDT", "event": "stale_feed", "level": "WARNING", "stale_ratio": 0.75, "timestamp": "2026-09-22T12:22:15.483782+00:00"}
{"asset": "BTC/USDT", "event": "stale_feed", "level": "WARNING", "stale_ratio": 0.75, "timestamp": "2026-09-22T12:22:16.489179+00:00"}
{"asset": "ETH/USDT", "event": "stale_feed", "level": "WARNING", "stale_ratio": 0.75, "timestamp": "2026-09-22T12:22:17.492273+00:00"}
{"asset": "BTC/USDT", "event": "stale_feed", "level": "WARNING", "stale_ratio": 0.75, "timestamp": "2026-09-22T12:22:18.501171+00:00"}
{"asset": "ETH/USDT", "event": "stale_feed", "level": "WARNING", "stale_ratio": 0.75, "timestamp": "2026-09-22T12:22:19.498306+00:00"}
{"asset": "ETH/USDT", "event": "stale_feed", "level": "WARNING", "stale_ratio": 0.75, "timestamp": "2026-09-22T12:22:20.510827+00:00"}
{"asset": "BTC/USDT", "event": "stale_feed", "level": "WARNING", "stale_ratio": 0.75, "timestamp": "2026-09-22T12:22:21.523076+00:00"}
{"asset": "BTC/USDT", "event": "stale_feed", "level": "WARNING", "stale_ratio": 0.75, "timestamp": "2026-09-22T12:22:22.525672+00:00"}
{"asset": "BTC/USDT", "event": "stale_feed", "level": "WARNING", "stale_ratio": 0.75, "timestamp": "2026-09-22T12:22:23.537593+00:00"}
{"asset": "BTC/USDT", "event": "stale_feed", "level": "WARNING", "stale_ratio": 0.75, "timestamp": "2026-09-22T12:22:24.538535+00:00"}
{"asset": "BTC/USDT", "event": "stale_feed", "level": "WARNING", "stale_ratio": 0.75, "timestamp": "2026-09-22T12:22:25.538235+00:00"}
{"asset": "BTC/USDT", "event": "stale_feed", "level": "WARNING", "stale_ratio": 0.75, "timestamp": "2026-09-22T12:22:26.543719+00:00"}
{"asset": "BTC/USDT", "event": "stale_feed", "level": "WARNING", "stale_ratio": 0.75, "timestamp": "2026-09-22T12:22:27.552950+00:00"}
{"asset": "BTC/USDT", "event": "stale_feed", "level": "WARNING", "stale_ratio": 0.75, "timestamp": "2026-09-22T12:22:28.558107+00:00"}
{"asset": "ETH/USDT", "event": "stale_feed", "level": "WARNING", "stale_ratio": 0.75, "timestamp": "2026-09-22T12:22:29.567659+00:00"}
{"asset": "ETH/USDT", "event": "stale_feed", "level": "WARNING", "stale_ratio": 0.75, "timestamp": "2026-09-22T12:22:30.565008+00:00"}
{"asset": "BTC/USDT", "event": "stale_feed", "level": "WARNING", "stale_ratio": 0.75, "timestamp": "2026-09-22T12:22:31.570909+00:00"}
{"asset": "BTC/USDT", "event": "stale_feed", "level": "WARNING", "stale_ratio": 0.75, "timestamp": "2026-09-22T12:22:32.576766+00:00"}
{"asset": "BTC/USDT", "event": "stale_feed", "level": "WARNING", "stale_ratio": 0.75, "timestamp": "2026-09-22T12:22:33.581104+00:00"}
{"asset": "BTC/USDT", "event": "stale_feed", "level": "WARNING", "stale_ratio": 0.75, "timestamp": "2026-09-22T12:22:34.584541+00:00"}
{"asset": "BTC/USDT", "event": "stale_feed", "level": "WARNING", "stale_ratio": 0.75, "timestamp": "2026-09-22T12:22:35.585247+00:00"}
{"asset": "BTC/USDT", "event": "stale_feed", "level": "WARNING", "stale_ratio": 0.75, "timestamp": "2026-09-22T12:22:36.593201+00:00"}
{"asset": "BTC/USDT", "event": "stale_feed", "level": "WARNING", "stale_ratio": 0.75, "timestamp": "2026-09-22T12:22:37.596574+00:00"}
{"asset": "BTC/USDT", "event": "stale_feed", "level": "WARNING", "stale_ratio": 0.75, "timestamp": "2026-09-22T12:22:38.602221+00:00"}
{"asset": "BTC/USDT", "event": "stale_feed", "level": "WARNING", "stale_ratio": 0.75, "timestamp": "2026-09-22T12:22:39.607913+00:00"}
{"asset": "BTC/USDT", "event": "stale_feed", "level": "WARNING", "stale_ratio": 0.75, "timestamp": "2026-09-22T12:22:40.613995+00:00"}
{"asset": "BTC/USDT", "event": "stale_feed", "level": "WARNING", "stale_ratio": 0.75, "timestamp": "2026-09-22T12:22:41.623089+00:00"}
{"asset": "BTC/USDT", "event": "stale_feed", "level": "WARNING", "stale_ratio": 0.75, "timestamp": "2026-09-22T12:22:42.634130+00:00"}
{"asset": "BTC/USDT", "event": "stale_feed", "level": "WARNING", "stale_ratio": 0.75, "timestamp": "2026-09-22T12:22:43.637828+00:00"}
{"asset": "ETH/USDT", "event": "stale_feed", "level": "WARNING", "stale_ratio": 0.75, "timestamp": "2026-09-22T12:22:44.641513+00:00"}
{"asset": "BTC/USDT", "event": "rest_reconciliation", "level": "INFO", "source": "derivatives", "timestamp": "2026-09-22T12:22:45.476011+00:00"}
{"asset": "BTC/USDT", "event": "stale_feed", "level": "WARNING", "stale_ratio": 0.5, "timestamp": "2026-09-22T12:22:45.853789+00:00"}
{"asset": "ETH/USDT", "event": "rest_reconciliation", "level": "INFO", "source": "derivatives", "timestamp": "2026-09-22T12:22:45.973339+00:00"}
{"asset": "BTC/USDT", "event": "stale_feed", "level": "WARNING", "stale_ratio": 0.5, "timestamp": "2026-09-22T12:22:46.852407+00:00"}
{"asset": "BTC/USDT", "event": "stale_feed", "level": "WARNING", "stale_ratio": 0.5, "timestamp": "2026-09-22T12:22:47.857982+00:00"}
{"asset": "BTC/USDT", "event": "stale_feed", "level": "WARNING", "stale_ratio": 0.5, "timestamp": "2026-09-22T12:22:48.860644+00:00"}
{"asset": "BTC/USDT", "event": "stale_feed", "level": "WARNING", "stale_ratio": 0.5, "timestamp": "2026-09-22T12:22:49.861335+00:00"}
{"asset": "BTC/USDT", "event": "stale_feed", "level": "WARNING", "stale_ratio": 0.75, "timestamp": "2026-09-22T12:22:50.864110+00:00"}
{"asset": "BTC/USDT", "event": "stale_feed", "level": "WARNING", "stale_ratio": 0.75, "timestamp": "2026-09-22T12:22:51.865102+00:00"}
{"asset": "BTC/USDT", "event": "stale_feed", "level": "WARNING", "stale_ratio": 0.75, "timestamp": "2026-09-22T12:22:52.868731+00:00"}
{"asset": "ETH/USDT", "event": "stale_feed", "level": "WARNING", "stale_ratio": 0.75, "timestamp": "2026-09-22T12:22:53.879151+00:00"}
{"asset": "BTC/USDT", "event": "stale_feed", "level": "WARNING", "stale_ratio": 0.75, "timestamp": "2026-09-22T12:22:54.887031+00:00"}
{"asset": "BTC/USDT", "event": "stale_feed", "level": "WARNING", "stale_ratio": 0.75, "timestamp": "2026-09-22T12:22:55.887368+00:00"}
{"asset": "BTC/USDT", "event": "stale_feed", "level": "WARNING", "stale_ratio": 0.75, "timestamp": "2026-09-22T12:22:56.893799+00:00"}
{"asset": "BTC/USDT", "event": "stale_feed", "level": "WARNING", "stale_ratio": 0.75, "timestamp": "2026-09-22T12:22:57.896715+00:00"}
{"asset": "ETH/USDT", "event": "stale_feed", "level": "WARNING", "stale_ratio": 0.75, "timestamp": "2026-09-22T12:22:58.904800+00:00"}
{"asset": "BTC/USDT", "event": "stale_feed", "level": "WARNING", "stale_ratio": 0.75, "timestamp": "2026-09-22T12:22:59.915106+00:00"}
{"asset": "BTC/USDT", "event": "stale_feed", "level": "WARNING", "stale_ratio": 0.75, "timestamp": "2026-09-22T12:23:00.918693+00:00"}
{"asset": "ETH/USDT", "event": "stale_feed", "level": "WARNING", "stale_ratio": 0.75, "timestamp": "2026-09-22T12:23:01.917603+00:00"}
{"asset": "BTC/USDT", "event": "stale_feed", "level": "WARNING", "stale_ratio": 0.75, "timestamp": "2026-09-22T12:23:02.924117+00:00"}
{"asset": "ETH/USDT", "event": "stale_feed", "level": "WARNING", "stale_ratio": 0.75, "timestamp": "2026-09-22T12:23:03.919573+00:00"}
{"asset": "BTC/USDT", "event": "stale_feed", "level": "WARNING", "stale_ratio": 0.75, "timestamp": "2026-09-22T12:23:04.934596+00:00"}
{"asset": "BTC/USDT", "event": "stale_feed", "level": "WARNING", "stale_ratio": 0.75, "timestamp": "2026-09-22T12:23:05.936534+00:00"}
{"asset": "BTC/USDT", "event": "stale_feed", "level": "WARNING", "stale_ratio": 0.75, "timestamp": "2026-09-22T12:23:06.945515+00:00"}
{"asset": "ETH/USDT", "event": "stale_feed", "level": "WARNING", "stale_ratio": 0.75, "timestamp": "2026-09-22T12:23:07.941789+00:00"}
{"asset": "ETH/USDT", "event": "stale_feed", "level": "WARNING", "stale_ratio": 0.75, "timestamp": "2026-09-22T12:23:08.947921+00:00"}
{"asset": "BTC/USDT", "event": "stale_feed", "level": "WARNING", "stale_ratio": 0.75, "timestamp": "2026-09-22T12:23:09.952922+00:00"}
{"asset": "BTC/USDT", "event": "stale_feed", "level": "WARNING", "stale_ratio": 0.75, "timestamp": "2026-09-22T12:23:10.953284+00:00"}
{"asset": "BTC/USDT", "event": "stale_feed", "level": "WARNING", "stale_ratio": 0.75, "timestamp": "2026-09-22T12:23:11.965909+00:00"}
{"asset": "BTC/USDT", "event": "stale_feed", "level": "WARNING", "stale_ratio": 0.75, "timestamp": "2026-09-22T12:23:12.968154+00:00"}
{"asset": "BTC/USDT", "event": "stale_feed", "level": "WARNING", "stale_ratio": 0.75, "timestamp": "2026-09-22T12:23:13.970743+00:00"}
{"asset": "BTC/USDT", "event": "stale_feed", "level": "WARNING", "stale_ratio": 0.75, "timestamp": "2026-09-22T12:23:14.977936+00:00"}
{"asset": "BTC/USDT", "event": "stale_feed", "level": "WARNING", "stale_ratio": 0.75, "timestamp": "2026-09-22T12:23:15.984899+00:00"}
{"asset": "BTC/USDT", "event": "stale_feed", "level": "WARNING", "stale_ratio": 0.75, "timestamp": "2026-09-22T12:23:16.989871+00:00"}
{"asset": "BTC/USDT", "event": "stale_feed", "level": "WARNING", "stale_ratio": 0.75, "timestamp": "2026-09-22T12:23:17.997003+00:00"}
{"asset": "BTC/USDT", "event": "stale_feed", "level": "WARNING", "stale_ratio": 0.75, "timestamp": "2026-09-22T12:23:19.001886+00:00"}
{"asset": "ETH/USDT", "event": "stale_feed", "level": "WARNING", "stale_ratio": 0.75, "timestamp": "2026-09-22T12:23:19.997345+00:00"}
{"event": "feed_reconnect", "level": "WARNING", "reconnects": 3, "timestamp": "2026-09-22T12:23:32.397458+00:00"}
{"asset": "BTC/USDT", "event": "stale_feed", "level": "WARNING", "stale_ratio": 0.75, "timestamp": "2026-09-22T12:23:32.448179+00:00"}
{"current": "DEGRADED", "event": "health_transition", "level": "WARNING", "previous": "HEALTHY", "reason": "sequence_gap", "timestamp": "2026-09-22T12:23:33.020171+00:00"}
{"asset": "BTC/USDT", "event": "sequence_gap", "first": 100495438402, "last": 100495438562, "level": "WARNING", "timestamp": "2026-09-22T12:23:33.020236+00:00"}
{"asset": "BTC/USDT", "event": "book_invalidation", "level": "WARNING", "timestamp": "2026-09-22T12:23:33.020264+00:00"}
{"current": "HEALTHY", "event": "health_transition", "level": "INFO", "previous": "DEGRADED", "reason": "book_resync", "timestamp": "2026-09-22T12:23:33.347668+00:00"}
{"asset": "BTC/USDT", "event": "book_resync", "level": "INFO", "sequence": 100495439292, "timestamp": "2026-09-22T12:23:33.347818+00:00"}
{"current": "DEGRADED", "event": "health_transition", "level": "WARNING", "previous": "HEALTHY", "reason": "sequence_gap", "timestamp": "2026-09-22T12:23:33.386991+00:00"}
{"asset": "ETH/USDT", "event": "sequence_gap", "first": 81326547955, "last": 81326548050, "level": "WARNING", "timestamp": "2026-09-22T12:23:33.387077+00:00"}
{"asset": "ETH/USDT", "event": "book_invalidation", "level": "WARNING", "timestamp": "2026-09-22T12:23:33.387114+00:00"}
{"current": "HEALTHY", "event": "health_transition", "level": "INFO", "previous": "DEGRADED", "reason": "book_resync", "timestamp": "2026-09-22T12:23:33.668359+00:00"}
{"asset": "ETH/USDT", "event": "book_resync", "level": "INFO", "sequence": 81326548661, "timestamp": "2026-09-22T12:23:33.668514+00:00"}
{"asset": "BTC/USDT", "event": "stale_feed", "level": "WARNING", "stale_ratio": 0.5, "timestamp": "2026-09-22T12:23:33.735269+00:00"}
{"asset": "ETH/USDT", "event": "stale_feed", "level": "WARNING", "stale_ratio": 0.5, "timestamp": "2026-09-22T12:23:34.719457+00:00"}
{"asset": "BTC/USDT", "event": "stale_feed", "level": "WARNING", "stale_ratio": 0.25, "timestamp": "2026-09-22T12:23:35.725240+00:00"}
{"asset": "BTC/USDT", "event": "stale_feed", "level": "WARNING", "stale_ratio": 0.25, "timestamp": "2026-09-22T12:23:36.735702+00:00"}
{"asset": "BTC/USDT", "event": "stale_feed", "level": "WARNING", "stale_ratio": 0.25, "timestamp": "2026-09-22T12:23:37.746827+00:00"}
{"asset": "BTC/USDT", "event": "stale_feed", "level": "WARNING", "stale_ratio": 0.25, "timestamp": "2026-09-22T12:23:38.750213+00:00"}
{"asset": "BTC/USDT", "event": "stale_feed", "level": "WARNING", "stale_ratio": 0.25, "timestamp": "2026-09-22T12:23:39.756654+00:00"}
{"asset": "BTC/USDT", "event": "stale_feed", "level": "WARNING", "stale_ratio": 0.25, "timestamp": "2026-09-22T12:23:40.759750+00:00"}
{"asset": "BTC/USDT", "event": "stale_feed", "level": "WARNING", "stale_ratio": 0.25, "timestamp": "2026-09-22T12:23:41.765800+00:00"}
{"asset": "BTC/USDT", "event": "stale_feed", "level": "WARNING", "stale_ratio": 0.25, "timestamp": "2026-09-22T12:23:42.778905+00:00"}
{"asset": "BTC/USDT", "event": "stale_feed", "level": "WARNING", "stale_ratio": 0.25, "timestamp": "2026-09-22T12:23:43.781057+00:00"}
{"asset": "BTC/USDT", "event": "stale_feed", "level": "WARNING", "stale_ratio": 0.25, "timestamp": "2026-09-22T12:23:44.786149+00:00"}
{"asset": "BTC/USDT", "event": "rest_reconciliation", "level": "INFO", "source": "derivatives", "timestamp": "2026-09-22T12:23:45.486712+00:00"}
{"asset": "BTC/USDT", "event": "stale_feed", "level": "WARNING", "stale_ratio": 0.5, "timestamp": "2026-09-22T12:23:45.860797+00:00"}
{"asset": "ETH/USDT", "event": "rest_reconciliation", "level": "INFO", "source": "derivatives", "timestamp": "2026-09-22T12:23:45.980138+00:00"}
{"asset": "BTC/USDT", "event": "stale_feed", "level": "WARNING", "stale_ratio": 0.5, "timestamp": "2026-09-22T12:23:46.856277+00:00"}
{"asset": "BTC/USDT", "event": "stale_feed", "level": "WARNING", "stale_ratio": 0.5, "timestamp": "2026-09-22T12:23:47.856641+00:00"}
{"asset": "BTC/USDT", "event": "stale_feed", "level": "WARNING", "stale_ratio": 0.5, "timestamp": "2026-09-22T12:23:48.860574+00:00"}
{"asset": "BTC/USDT", "event": "stale_feed", "level": "WARNING", "stale_ratio": 0.5, "timestamp": "2026-09-22T12:23:49.866355+00:00"}
{"asset": "ETH/USDT", "event": "stale_feed", "level": "WARNING", "stale_ratio": 0.5, "timestamp": "2026-09-22T12:23:50.862576+00:00"}
{"asset": "BTC/USDT", "event": "stale_feed", "level": "WARNING", "stale_ratio": 0.75, "timestamp": "2026-09-22T12:23:51.872517+00:00"}
{"asset": "BTC/USDT", "event": "stale_feed", "level": "WARNING", "stale_ratio": 0.75, "timestamp": "2026-09-22T12:23:52.888784+00:00"}
{"asset": "BTC/USDT", "event": "stale_feed", "level": "WARNING", "stale_ratio": 0.75, "timestamp": "2026-09-22T12:23:53.888810+00:00"}
{"asset": "BTC/USDT", "event": "stale_feed", "level": "WARNING", "stale_ratio": 0.75, "timestamp": "2026-09-22T12:23:54.894583+00:00"}
{"asset": "BTC/USDT", "event": "stale_feed", "level": "WARNING", "stale_ratio": 0.75, "timestamp": "2026-09-22T12:23:55.902076+00:00"}
{"asset": "BTC/USDT", "event": "stale_feed", "level": "WARNING", "stale_ratio": 0.75, "timestamp": "2026-09-22T12:23:56.910377+00:00"}
{"asset": "ETH/USDT", "event": "stale_feed", "level": "WARNING", "stale_ratio": 0.75, "timestamp": "2026-09-22T12:23:57.904610+00:00"}
{"asset": "BTC/USDT", "event": "stale_feed", "level": "WARNING", "stale_ratio": 0.75, "timestamp": "2026-09-22T12:23:58.920138+00:00"}
{"asset": "ETH/USDT", "event": "stale_feed", "level": "WARNING", "stale_ratio": 0.75, "timestamp": "2026-09-22T12:23:59.917865+00:00"}
{"asset": "BTC/USDT", "event": "stale_feed", "level": "WARNING", "stale_ratio": 0.75, "timestamp": "2026-09-22T12:24:00.927585+00:00"}
{"asset": "BTC/USDT", "event": "stale_feed", "level": "WARNING", "stale_ratio": 0.75, "timestamp": "2026-09-22T12:24:01.932527+00:00"}
{"asset": "BTC/USDT", "event": "stale_feed", "level": "WARNING", "stale_ratio": 0.75, "timestamp": "2026-09-22T12:24:02.935329+00:00"}
{"asset": "BTC/USDT", "event": "stale_feed", "level": "WARNING", "stale_ratio": 0.75, "timestamp": "2026-09-22T12:24:03.934974+00:00"}
{"asset": "ETH/USDT", "event": "stale_feed", "level": "WARNING", "stale_ratio": 0.75, "timestamp": "2026-09-22T12:24:04.938676+00:00"}
{"asset": "BTC/USDT", "event": "stale_feed", "level": "WARNING", "stale_ratio": 0.75, "timestamp": "2026-09-22T12:24:05.956965+00:00"}
{"asset": "ETH/USDT", "event": "stale_feed", "level": "WARNING", "stale_ratio": 0.75, "timestamp": "2026-09-22T12:24:06.956266+00:00"}
{"asset": "BTC/USDT", "event": "stale_feed", "level": "WARNING", "stale_ratio": 0.75, "timestamp": "2026-09-22T12:24:07.964556+00:00"}
{"asset": "BTC/USDT", "event": "stale_feed", "level": "WARNING", "stale_ratio": 0.75, "timestamp": "2026-09-22T12:24:08.969528+00:00"}
{"asset": "BTC/USDT", "event": "stale_feed", "level": "WARNING", "stale_ratio": 0.75, "timestamp": "2026-09-22T12:24:09.971859+00:00"}
{"asset": "ETH/USDT", "event": "stale_feed", "level": "WARNING", "stale_ratio": 0.75, "timestamp": "2026-09-22T12:24:10.977130+00:00"}
{"asset": "BTC/USDT", "event": "stale_feed", "level": "WARNING", "stale_ratio": 0.75, "timestamp": "2026-09-22T12:24:11.982627+00:00"}
{"asset": "ETH/USDT", "event": "stale_feed", "level": "WARNING", "stale_ratio": 0.75, "timestamp": "2026-09-22T12:24:12.989397+00:00"}
{"asset": "BTC/USDT", "event": "stale_feed", "level": "WARNING", "stale_ratio": 0.75, "timestamp": "2026-09-22T12:24:14.003475+00:00"}
{"asset": "ETH/USDT", "event": "stale_feed", "level": "WARNING", "stale_ratio": 0.75, "timestamp": "2026-09-22T12:24:15.006538+00:00"}
{"asset": "ETH/USDT", "event": "stale_feed", "level": "WARNING", "stale_ratio": 0.75, "timestamp": "2026-09-22T12:24:16.004750+00:00"}
{"asset": "BTC/USDT", "event": "stale_feed", "level": "WARNING", "stale_ratio": 0.75, "timestamp": "2026-09-22T12:24:17.022820+00:00"}
{"asset": "ETH/USDT", "event": "stale_feed", "level": "WARNING", "stale_ratio": 0.75, "timestamp": "2026-09-22T12:24:18.014028+00:00"}
{"asset": "BTC/USDT", "event": "stale_feed", "level": "WARNING", "stale_ratio": 0.75, "timestamp": "2026-09-22T12:24:19.026399+00:00"}
{"asset": "BTC/USDT", "event": "stale_feed", "level": "WARNING", "stale_ratio": 0.75, "timestamp": "2026-09-22T12:24:20.029096+00:00"}
{"asset": "BTC/USDT", "event": "stale_feed", "level": "WARNING", "stale_ratio": 0.75, "timestamp": "2026-09-22T12:24:21.033077+00:00"}
{"asset": "BTC/USDT", "event": "stale_feed", "level": "WARNING", "stale_ratio": 0.75, "timestamp": "2026-09-22T12:24:22.039411+00:00"}
{"asset": "BTC/USDT", "event": "stale_feed", "level": "WARNING", "stale_ratio": 0.75, "timestamp": "2026-09-22T12:24:23.042955+00:00"}
{"asset": "BTC/USDT", "event": "stale_feed", "level": "WARNING", "stale_ratio": 0.75, "timestamp": "2026-09-22T12:24:24.056652+00:00"}
{"asset": "BTC/USDT", "event": "stale_feed", "level": "WARNING", "stale_ratio": 0.75, "timestamp": "2026-09-22T12:24:25.061280+00:00"}
{"asset": "BTC/USDT", "event": "stale_feed", "level": "WARNING", "stale_ratio": 0.75, "timestamp": "2026-09-22T12:24:26.064763+00:00"}
{"asset": "BTC/USDT", "event": "stale_feed", "level": "WARNING", "stale_ratio": 0.75, "timestamp": "2026-09-22T12:24:27.069176+00:00"}
{"asset": "BTC/USDT", "event": "stale_feed", "level": "WARNING", "stale_ratio": 0.75, "timestamp": "2026-09-22T12:24:28.071683+00:00"}
{"asset": "ETH/USDT", "event": "stale_feed", "level": "WARNING", "stale_ratio": 0.75, "timestamp": "2026-09-22T12:24:29.066373+00:00"}
{"asset": "BTC/USDT", "event": "stale_feed", "level": "WARNING", "stale_ratio": 0.75, "timestamp": "2026-09-22T12:24:30.088147+00:00"}
{"asset": "BTC/USDT", "event": "stale_feed", "level": "WARNING", "stale_ratio": 0.75, "timestamp": "2026-09-22T12:24:31.097270+00:00"}
{"asset": "ETH/USDT", "event": "stale_feed", "level": "WARNING", "stale_ratio": 0.75, "timestamp": "2026-09-22T12:24:32.091138+00:00"}
{"asset": "BTC/USDT", "event": "stale_feed", "level": "WARNING", "stale_ratio": 0.75, "timestamp": "2026-09-22T12:24:33.095540+00:00"}
{"asset": "BTC/USDT", "event": "stale_feed", "level": "WARNING", "stale_ratio": 0.75, "timestamp": "2026-09-22T12:24:34.102386+00:00"}
{"asset": "BTC/USDT", "event": "stale_feed", "level": "WARNING", "stale_ratio": 0.75, "timestamp": "2026-09-22T12:24:35.111529+00:00"}
{"asset": "BTC/USDT", "event": "stale_feed", "level": "WARNING", "stale_ratio": 0.75, "timestamp": "2026-09-22T12:24:36.109812+00:00"}
{"asset": "BTC/USDT", "event": "stale_feed", "level": "WARNING", "stale_ratio": 0.75, "timestamp": "2026-09-22T12:24:37.112612+00:00"}
{"asset": "BTC/USDT", "event": "stale_feed", "level": "WARNING", "stale_ratio": 0.75, "timestamp": "2026-09-22T12:24:38.129028+00:00"}
{"asset": "BTC/USDT", "event": "stale_feed", "level": "WARNING", "stale_ratio": 0.75, "timestamp": "2026-09-22T12:24:39.134604+00:00"}
{"asset": "BTC/USDT", "event": "stale_feed", "level": "WARNING", "stale_ratio": 0.75, "timestamp": "2026-09-22T12:24:40.138147+00:00"}
{"asset": "BTC/USDT", "event": "stale_feed", "level": "WARNING", "stale_ratio": 0.75, "timestamp": "2026-09-22T12:24:41.137075+00:00"}
{"asset": "BTC/USDT", "event": "stale_feed", "level": "WARNING", "stale_ratio": 0.75, "timestamp": "2026-09-22T12:24:42.143419+00:00"}
{"asset": "ETH/USDT", "event": "stale_feed", "level": "WARNING", "stale_ratio": 0.75, "timestamp": "2026-09-22T12:24:43.153628+00:00"}
{"asset": "BTC/USDT", "event": "stale_feed", "level": "WARNING", "stale_ratio": 0.75, "timestamp": "2026-09-22T12:24:44.175003+00:00"}
{"asset": "BTC/USDT", "event": "stale_feed", "level": "WARNING", "stale_ratio": 0.75, "timestamp": "2026-09-22T12:24:45.181244+00:00"}
{"asset": "BTC/USDT", "event": "rest_reconciliation", "level": "INFO", "source": "derivatives", "timestamp": "2026-09-22T12:24:45.493322+00:00"}
{"asset": "ETH/USDT", "event": "rest_reconciliation", "level": "INFO", "source": "derivatives", "timestamp": "2026-09-22T12:24:46.021158+00:00"}
{"asset": "BTC/USDT", "event": "stale_feed", "level": "WARNING", "stale_ratio": 0.5, "timestamp": "2026-09-22T12:24:46.375808+00:00"}
{"asset": "BTC/USDT", "event": "stale_feed", "level": "WARNING", "stale_ratio": 0.5, "timestamp": "2026-09-22T12:24:47.797390+00:00"}
{"asset": "BTC/USDT", "event": "stale_feed", "level": "WARNING", "stale_ratio": 0.5, "timestamp": "2026-09-22T12:24:48.799238+00:00"}
{"asset": "BTC/USDT", "event": "stale_feed", "level": "WARNING", "stale_ratio": 0.5, "timestamp": "2026-09-22T12:24:49.808607+00:00"}
{"asset": "ETH/USDT", "event": "stale_feed", "level": "WARNING", "stale_ratio": 0.5, "timestamp": "2026-09-22T12:24:50.802580+00:00"}
{"asset": "ETH/USDT", "event": "stale_feed", "level": "WARNING", "stale_ratio": 0.75, "timestamp": "2026-09-22T12:24:51.806979+00:00"}
{"asset": "BTC/USDT", "event": "stale_feed", "level": "WARNING", "stale_ratio": 0.75, "timestamp": "2026-09-22T12:24:52.815124+00:00"}
{"asset": "ETH/USDT", "event": "stale_feed", "level": "WARNING", "stale_ratio": 0.75, "timestamp": "2026-09-22T12:24:53.809455+00:00"}
{"asset": "BTC/USDT", "event": "stale_feed", "level": "WARNING", "stale_ratio": 0.75, "timestamp": "2026-09-22T12:24:54.819689+00:00"}
{"asset": "BTC/USDT", "event": "stale_feed", "level": "WARNING", "stale_ratio": 0.75, "timestamp": "2026-09-22T12:24:55.822630+00:00"}
{"asset": "BTC/USDT", "event": "stale_feed", "level": "WARNING", "stale_ratio": 0.75, "timestamp": "2026-09-22T12:24:56.827361+00:00"}
{"asset": "ETH/USDT", "event": "stale_feed", "level": "WARNING", "stale_ratio": 0.75, "timestamp": "2026-09-22T12:24:57.824122+00:00"}
{"asset": "ETH/USDT", "event": "stale_feed", "level": "WARNING", "stale_ratio": 0.75, "timestamp": "2026-09-22T12:24:58.821664+00:00"}
{"asset": "BTC/USDT", "event": "stale_feed", "level": "WARNING", "stale_ratio": 0.75, "timestamp": "2026-09-22T12:24:59.847784+00:00"}
{"asset": "ETH/USDT", "event": "stale_feed", "level": "WARNING", "stale_ratio": 0.75, "timestamp": "2026-09-22T12:25:00.852998+00:00"}
{"asset": "BTC/USDT", "event": "stale_feed", "level": "WARNING", "stale_ratio": 0.75, "timestamp": "2026-09-22T12:25:01.862121+00:00"}
{"asset": "BTC/USDT", "event": "stale_feed", "level": "WARNING", "stale_ratio": 0.75, "timestamp": "2026-09-22T12:25:02.863519+00:00"}
{"asset": "BTC/USDT", "event": "stale_feed", "level": "WARNING", "stale_ratio": 0.75, "timestamp": "2026-09-22T12:25:03.882369+00:00"}
{"asset": "BTC/USDT", "event": "stale_feed", "level": "WARNING", "stale_ratio": 0.75, "timestamp": "2026-09-22T12:25:04.880134+00:00"}
{"asset": "BTC/USDT", "event": "stale_feed", "level": "WARNING", "stale_ratio": 0.75, "timestamp": "2026-09-22T12:25:05.891833+00:00"}
{"asset": "BTC/USDT", "event": "stale_feed", "level": "WARNING", "stale_ratio": 0.75, "timestamp": "2026-09-22T12:25:06.893200+00:00"}
{"asset": "BTC/USDT", "event": "stale_feed", "level": "WARNING", "stale_ratio": 0.75, "timestamp": "2026-09-22T12:25:07.903314+00:00"}
{"asset": "BTC/USDT", "event": "stale_feed", "level": "WARNING", "stale_ratio": 0.75, "timestamp": "2026-09-22T12:25:08.910806+00:00"}
{"asset": "BTC/USDT", "event": "stale_feed", "level": "WARNING", "stale_ratio": 0.75, "timestamp": "2026-09-22T12:25:09.914358+00:00"}
{"asset": "ETH/USDT", "event": "stale_feed", "level": "WARNING", "stale_ratio": 0.75, "timestamp": "2026-09-22T12:25:10.912793+00:00"}
{"asset": "ETH/USDT", "event": "stale_feed", "level": "WARNING", "stale_ratio": 0.75, "timestamp": "2026-09-22T12:25:11.910792+00:00"}
{"asset": "BTC/USDT", "event": "stale_feed", "level": "WARNING", "stale_ratio": 0.75, "timestamp": "2026-09-22T12:25:12.923093+00:00"}
{"asset": "ETH/USDT", "event": "stale_feed", "level": "WARNING", "stale_ratio": 0.75, "timestamp": "2026-09-22T12:25:13.915843+00:00"}
{"asset": "BTC/USDT", "event": "stale_feed", "level": "WARNING", "stale_ratio": 0.75, "timestamp": "2026-09-22T12:25:14.936018+00:00"}
{"asset": "BTC/USDT", "event": "stale_feed", "level": "WARNING", "stale_ratio": 0.75, "timestamp": "2026-09-22T12:25:15.937999+00:00"}
{"asset": "BTC/USDT", "event": "stale_feed", "level": "WARNING", "stale_ratio": 0.75, "timestamp": "2026-09-22T12:25:16.948392+00:00"}
{"asset": "BTC/USDT", "event": "stale_feed", "level": "WARNING", "stale_ratio": 0.75, "timestamp": "2026-09-22T12:25:17.951593+00:00"}
{"asset": "ETH/USDT", "event": "stale_feed", "level": "WARNING", "stale_ratio": 0.75, "timestamp": "2026-09-22T12:25:18.962010+00:00"}
{"asset": "BTC/USDT", "event": "stale_feed", "level": "WARNING", "stale_ratio": 0.75, "timestamp": "2026-09-22T12:25:19.976821+00:00"}
{"asset": "BTC/USDT", "event": "stale_feed", "level": "WARNING", "stale_ratio": 0.75, "timestamp": "2026-09-22T12:25:20.977024+00:00"}
{"asset": "BTC/USDT", "event": "stale_feed", "level": "WARNING", "stale_ratio": 0.75, "timestamp": "2026-09-22T12:25:21.979553+00:00"}
{"asset": "BTC/USDT", "event": "stale_feed", "level": "WARNING", "stale_ratio": 0.75, "timestamp": "2026-09-22T12:25:22.984472+00:00"}
{"asset": "BTC/USDT", "event": "stale_feed", "level": "WARNING", "stale_ratio": 0.75, "timestamp": "2026-09-22T12:25:23.991495+00:00"}
{"asset": "ETH/USDT", "event": "stale_feed", "level": "WARNING", "stale_ratio": 0.75, "timestamp": "2026-09-22T12:25:24.987064+00:00"}
{"asset": "ETH/USDT", "event": "stale_feed", "level": "WARNING", "stale_ratio": 0.75, "timestamp": "2026-09-22T12:25:25.988117+00:00"}
{"asset": "ETH/USDT", "event": "stale_feed", "level": "WARNING", "stale_ratio": 0.75, "timestamp": "2026-09-22T12:25:26.990965+00:00"}
{"event": "feed_reconnect", "level": "WARNING", "reconnects": 4, "timestamp": "2026-09-22T12:25:33.225700+00:00"}
{"current": "DEGRADED", "event": "health_transition", "level": "WARNING", "previous": "HEALTHY", "reason": "sequence_gap", "timestamp": "2026-09-22T12:25:33.225897+00:00"}
{"asset": "BTC/USDT", "event": "sequence_gap", "first": 100495511100, "last": 100495511113, "level": "WARNING", "timestamp": "2026-09-22T12:25:33.225993+00:00"}
{"asset": "BTC/USDT", "event": "book_invalidation", "level": "WARNING", "timestamp": "2026-09-22T12:25:33.226060+00:00"}
{"current": "HEALTHY", "event": "health_transition", "level": "INFO", "previous": "DEGRADED", "reason": "book_resync", "timestamp": "2026-09-22T12:25:33.543159+00:00"}
{"asset": "BTC/USDT", "event": "book_resync", "level": "INFO", "sequence": 100495511160, "timestamp": "2026-09-22T12:25:33.543291+00:00"}
{"asset": "BTC/USDT", "event": "stale_feed", "level": "WARNING", "stale_ratio": 1.0, "timestamp": "2026-09-22T12:25:33.604120+00:00"}
{"current": "DEGRADED", "event": "health_transition", "level": "WARNING", "previous": "HEALTHY", "reason": "sequence_gap", "timestamp": "2026-09-22T12:25:33.629791+00:00"}
{"asset": "ETH/USDT", "event": "sequence_gap", "first": 81326599582, "last": 81326599585, "level": "WARNING", "timestamp": "2026-09-22T12:25:33.629828+00:00"}
{"asset": "ETH/USDT", "event": "book_invalidation", "level": "WARNING", "timestamp": "2026-09-22T12:25:33.629850+00:00"}
{"current": "HEALTHY", "event": "health_transition", "level": "INFO", "previous": "DEGRADED", "reason": "book_resync", "timestamp": "2026-09-22T12:25:33.902440+00:00"}
{"asset": "ETH/USDT", "event": "book_resync", "level": "INFO", "sequence": 81326599616, "timestamp": "2026-09-22T12:25:33.902597+00:00"}
{"asset": "BTC/USDT", "event": "stale_feed", "level": "WARNING", "stale_ratio": 0.25, "timestamp": "2026-09-22T12:25:34.256144+00:00"}
{"asset": "BTC/USDT", "event": "stale_feed", "level": "WARNING", "stale_ratio": 0.25, "timestamp": "2026-09-22T12:25:35.265346+00:00"}
{"asset": "ETH/USDT", "event": "stale_feed", "level": "WARNING", "stale_ratio": 0.25, "timestamp": "2026-09-22T12:25:36.262542+00:00"}
{"asset": "ETH/USDT", "event": "stale_feed", "level": "WARNING", "stale_ratio": 0.25, "timestamp": "2026-09-22T12:25:37.266738+00:00"}
{"asset": "BTC/USDT", "event": "stale_feed", "level": "WARNING", "stale_ratio": 0.25, "timestamp": "2026-09-22T12:25:38.282753+00:00"}
{"asset": "ETH/USDT", "event": "stale_feed", "level": "WARNING", "stale_ratio": 0.25, "timestamp": "2026-09-22T12:25:39.271886+00:00"}
{"asset": "BTC/USDT", "event": "stale_feed", "level": "WARNING", "stale_ratio": 0.25, "timestamp": "2026-09-22T12:25:40.289655+00:00"}
{"asset": "BTC/USDT", "event": "stale_feed", "level": "WARNING", "stale_ratio": 0.25, "timestamp": "2026-09-22T12:25:41.292212+00:00"}
{"asset": "BTC/USDT", "event": "stale_feed", "level": "WARNING", "stale_ratio": 0.25, "timestamp": "2026-09-22T12:25:42.306209+00:00"}
{"asset": "BTC/USDT", "event": "stale_feed", "level": "WARNING", "stale_ratio": 0.25, "timestamp": "2026-09-22T12:25:43.309102+00:00"}
{"asset": "BTC/USDT", "event": "stale_feed", "level": "WARNING", "stale_ratio": 0.25, "timestamp": "2026-09-22T12:25:44.320230+00:00"}
{"asset": "ETH/USDT", "event": "stale_feed", "level": "WARNING", "stale_ratio": 0.25, "timestamp": "2026-09-22T12:25:45.306621+00:00"}
{"asset": "BTC/USDT", "event": "rest_reconciliation", "level": "INFO", "source": "derivatives", "timestamp": "2026-09-22T12:25:45.499980+00:00"}
{"asset": "ETH/USDT", "event": "rest_reconciliation", "level": "INFO", "source": "derivatives", "timestamp": "2026-09-22T12:25:46.041479+00:00"}
{"asset": "BTC/USDT", "event": "stale_feed", "level": "WARNING", "stale_ratio": 0.5, "timestamp": "2026-09-22T12:25:48.527120+00:00"}
{"asset": "BTC/USDT", "event": "stale_feed", "level": "WARNING", "stale_ratio": 0.5, "timestamp": "2026-09-22T12:25:49.530372+00:00"}
{"asset": "ETH/USDT", "event": "stale_feed", "level": "WARNING", "stale_ratio": 0.5, "timestamp": "2026-09-22T12:25:50.542425+00:00"}
{"asset": "BTC/USDT", "event": "stale_feed", "level": "WARNING", "stale_ratio": 0.75, "timestamp": "2026-09-22T12:25:51.553566+00:00"}
{"asset": "BTC/USDT", "event": "stale_feed", "level": "WARNING", "stale_ratio": 0.75, "timestamp": "2026-09-22T12:25:52.569463+00:00"}
{"asset": "BTC/USDT", "event": "stale_feed", "level": "WARNING", "stale_ratio": 0.75, "timestamp": "2026-09-22T12:25:53.575703+00:00"}
{"asset": "BTC/USDT", "event": "stale_feed", "level": "WARNING", "stale_ratio": 0.75, "timestamp": "2026-09-22T12:25:54.593089+00:00"}
{"asset": "ETH/USDT", "event": "stale_feed", "level": "WARNING", "stale_ratio": 0.75, "timestamp": "2026-09-22T12:25:55.587048+00:00"}
{"asset": "BTC/USDT", "event": "stale_feed", "level": "WARNING", "stale_ratio": 0.75, "timestamp": "2026-09-22T12:25:56.610579+00:00"}
{"asset": "ETH/USDT", "event": "stale_feed", "level": "WARNING", "stale_ratio": 0.75, "timestamp": "2026-09-22T12:25:57.617160+00:00"}
{"asset": "ETH/USDT", "event": "stale_feed", "level": "WARNING", "stale_ratio": 0.75, "timestamp": "2026-09-22T12:25:58.615628+00:00"}
{"asset": "ETH/USDT", "event": "stale_feed", "level": "WARNING", "stale_ratio": 0.75, "timestamp": "2026-09-22T12:25:59.618106+00:00"}
{"asset": "BTC/USDT", "event": "stale_feed", "level": "WARNING", "stale_ratio": 0.75, "timestamp": "2026-09-22T12:26:00.628313+00:00"}
{"asset": "BTC/USDT", "event": "stale_feed", "level": "WARNING", "stale_ratio": 0.75, "timestamp": "2026-09-22T12:26:01.628367+00:00"}
{"asset": "BTC/USDT", "event": "stale_feed", "level": "WARNING", "stale_ratio": 0.75, "timestamp": "2026-09-22T12:26:02.633335+00:00"}
{"asset": "ETH/USDT", "event": "stale_feed", "level": "WARNING", "stale_ratio": 0.75, "timestamp": "2026-09-22T12:26:03.632285+00:00"}
{"asset": "ETH/USDT", "event": "stale_feed", "level": "WARNING", "stale_ratio": 0.75, "timestamp": "2026-09-22T12:26:04.642833+00:00"}
{"asset": "BTC/USDT", "event": "stale_feed", "level": "WARNING", "stale_ratio": 0.75, "timestamp": "2026-09-22T12:26:05.660055+00:00"}
{"asset": "BTC/USDT", "event": "stale_feed", "level": "WARNING", "stale_ratio": 0.75, "timestamp": "2026-09-22T12:26:06.661563+00:00"}
{"asset": "BTC/USDT", "event": "stale_feed", "level": "WARNING", "stale_ratio": 0.75, "timestamp": "2026-09-22T12:26:07.670195+00:00"}
{"asset": "BTC/USDT", "event": "stale_feed", "level": "WARNING", "stale_ratio": 0.75, "timestamp": "2026-09-22T12:26:08.677955+00:00"}
{"asset": "BTC/USDT", "event": "stale_feed", "level": "WARNING", "stale_ratio": 0.75, "timestamp": "2026-09-22T12:26:09.684462+00:00"}
{"asset": "BTC/USDT", "event": "stale_feed", "level": "WARNING", "stale_ratio": 0.75, "timestamp": "2026-09-22T12:26:10.696622+00:00"}
{"asset": "BTC/USDT", "event": "stale_feed", "level": "WARNING", "stale_ratio": 0.75, "timestamp": "2026-09-22T12:26:11.713816+00:00"}
{"asset": "BTC/USDT", "event": "stale_feed", "level": "WARNING", "stale_ratio": 0.75, "timestamp": "2026-09-22T12:26:12.718234+00:00"}
{"asset": "ETH/USDT", "event": "stale_feed", "level": "WARNING", "stale_ratio": 0.75, "timestamp": "2026-09-22T12:26:13.720552+00:00"}
{"asset": "BTC/USDT", "event": "stale_feed", "level": "WARNING", "stale_ratio": 0.75, "timestamp": "2026-09-22T12:26:14.729810+00:00"}
{"asset": "ETH/USDT", "event": "stale_feed", "level": "WARNING", "stale_ratio": 0.75, "timestamp": "2026-09-22T12:26:15.731183+00:00"}
{"asset": "BTC/USDT", "event": "stale_feed", "level": "WARNING", "stale_ratio": 0.75, "timestamp": "2026-09-22T12:26:16.752204+00:00"}
{"asset": "ETH/USDT", "event": "stale_feed", "level": "WARNING", "stale_ratio": 0.75, "timestamp": "2026-09-22T12:26:17.755995+00:00"}
{"asset": "BTC/USDT", "event": "stale_feed", "level": "WARNING", "stale_ratio": 0.75, "timestamp": "2026-09-22T12:26:18.778361+00:00"}
{"asset": "BTC/USDT", "event": "stale_feed", "level": "WARNING", "stale_ratio": 0.75, "timestamp": "2026-09-22T12:26:19.777896+00:00"}
{"asset": "BTC/USDT", "event": "stale_feed", "level": "WARNING", "stale_ratio": 0.75, "timestamp": "2026-09-22T12:26:20.787401+00:00"}
{"asset": "ETH/USDT", "event": "stale_feed", "level": "WARNING", "stale_ratio": 0.75, "timestamp": "2026-09-22T12:26:21.790267+00:00"}
{"asset": "BTC/USDT", "event": "stale_feed", "level": "WARNING", "stale_ratio": 0.75, "timestamp": "2026-09-22T12:26:22.800756+00:00"}
{"asset": "ETH/USDT", "event": "stale_feed", "level": "WARNING", "stale_ratio": 0.75, "timestamp": "2026-09-22T12:26:23.799759+00:00"}
{"asset": "ETH/USDT", "event": "stale_feed", "level": "WARNING", "stale_ratio": 0.75, "timestamp": "2026-09-22T12:26:24.810898+00:00"}
{"asset": "BTC/USDT", "event": "stale_feed", "level": "WARNING", "stale_ratio": 0.75, "timestamp": "2026-09-22T12:26:25.823870+00:00"}
{"asset": "BTC/USDT", "event": "stale_feed", "level": "WARNING", "stale_ratio": 0.75, "timestamp": "2026-09-22T12:26:26.844014+00:00"}
{"asset": "BTC/USDT", "event": "stale_feed", "level": "WARNING", "stale_ratio": 0.75, "timestamp": "2026-09-22T12:26:27.840835+00:00"}
{"asset": "BTC/USDT", "event": "stale_feed", "level": "WARNING", "stale_ratio": 0.75, "timestamp": "2026-09-22T12:26:28.841655+00:00"}
{"asset": "BTC/USDT", "event": "stale_feed", "level": "WARNING", "stale_ratio": 0.75, "timestamp": "2026-09-22T12:26:29.843919+00:00"}
{"asset": "BTC/USDT", "event": "stale_feed", "level": "WARNING", "stale_ratio": 0.75, "timestamp": "2026-09-22T12:26:30.849633+00:00"}
{"asset": "BTC/USDT", "event": "stale_feed", "level": "WARNING", "stale_ratio": 0.75, "timestamp": "2026-09-22T12:26:31.850462+00:00"}
{"asset": "BTC/USDT", "event": "stale_feed", "level": "WARNING", "stale_ratio": 0.75, "timestamp": "2026-09-22T12:26:32.855577+00:00"}
{"asset": "BTC/USDT", "event": "stale_feed", "level": "WARNING", "stale_ratio": 0.75, "timestamp": "2026-09-22T12:26:33.859413+00:00"}
{"asset": "BTC/USDT", "event": "stale_feed", "level": "WARNING", "stale_ratio": 0.75, "timestamp": "2026-09-22T12:26:34.862623+00:00"}
{"asset": "BTC/USDT", "event": "stale_feed", "level": "WARNING", "stale_ratio": 0.75, "timestamp": "2026-09-22T12:26:35.865605+00:00"}
{"asset": "BTC/USDT", "event": "stale_feed", "level": "WARNING", "stale_ratio": 0.75, "timestamp": "2026-09-22T12:26:36.867526+00:00"}
{"asset": "ETH/USDT", "event": "stale_feed", "level": "WARNING", "stale_ratio": 0.75, "timestamp": "2026-09-22T12:26:37.862934+00:00"}
{"asset": "BTC/USDT", "event": "stale_feed", "level": "WARNING", "stale_ratio": 0.75, "timestamp": "2026-09-22T12:26:38.874474+00:00"}
{"asset": "BTC/USDT", "event": "stale_feed", "level": "WARNING", "stale_ratio": 0.75, "timestamp": "2026-09-22T12:26:39.883800+00:00"}
{"asset": "BTC/USDT", "event": "stale_feed", "level": "WARNING", "stale_ratio": 0.75, "timestamp": "2026-09-22T12:26:40.884843+00:00"}
{"asset": "BTC/USDT", "event": "stale_feed", "level": "WARNING", "stale_ratio": 0.75, "timestamp": "2026-09-22T12:26:41.884804+00:00"}
{"asset": "BTC/USDT", "event": "stale_feed", "level": "WARNING", "stale_ratio": 0.75, "timestamp": "2026-09-22T12:26:42.895169+00:00"}
{"asset": "ETH/USDT", "event": "stale_feed", "level": "WARNING", "stale_ratio": 0.75, "timestamp": "2026-09-22T12:26:43.899735+00:00"}
{"asset": "ETH/USDT", "event": "stale_feed", "level": "WARNING", "stale_ratio": 0.75, "timestamp": "2026-09-22T12:26:44.895767+00:00"}
{"asset": "BTC/USDT", "event": "rest_reconciliation", "level": "INFO", "source": "derivatives", "timestamp": "2026-09-22T12:26:45.514229+00:00"}
{"asset": "BTC/USDT", "event": "stale_feed", "level": "WARNING", "stale_ratio": 0.5, "timestamp": "2026-09-22T12:26:46.344278+00:00"}
{"asset": "ETH/USDT", "event": "rest_reconciliation", "level": "INFO", "source": "derivatives", "timestamp": "2026-09-22T12:26:46.459059+00:00"}
{"asset": "ETH/USDT", "event": "stale_feed", "level": "WARNING", "stale_ratio": 0.5, "timestamp": "2026-09-22T12:26:47.325792+00:00"}
{"asset": "BTC/USDT", "event": "stale_feed", "level": "WARNING", "stale_ratio": 0.5, "timestamp": "2026-09-22T12:26:48.352827+00:00"}
{"event": "feed_reconnect", "level": "WARNING", "reconnects": 5, "timestamp": "2026-09-22T12:26:52.597835+00:00"}
{"asset": "BTC/USDT", "event": "stale_feed", "level": "WARNING", "stale_ratio": 0.75, "timestamp": "2026-09-22T12:26:52.669412+00:00"}
{"current": "DEGRADED", "event": "health_transition", "level": "WARNING", "previous": "HEALTHY", "reason": "sequence_gap", "timestamp": "2026-09-22T12:26:53.170860+00:00"}
{"asset": "BTC/USDT", "event": "sequence_gap", "first": 100495562882, "last": 100495563043, "level": "WARNING", "timestamp": "2026-09-22T12:26:53.170909+00:00"}
{"asset": "BTC/USDT", "event": "book_invalidation", "level": "WARNING", "timestamp": "2026-09-22T12:26:53.170935+00:00"}
{"current": "HEALTHY", "event": "health_transition", "level": "INFO", "previous": "DEGRADED", "reason": "book_resync", "timestamp": "2026-09-22T12:26:53.471308+00:00"}
{"asset": "BTC/USDT", "event": "book_resync", "level": "INFO", "sequence": 100495563364, "timestamp": "2026-09-22T12:26:53.471393+00:00"}
{"current": "DEGRADED", "event": "health_transition", "level": "WARNING", "previous": "HEALTHY", "reason": "sequence_gap", "timestamp": "2026-09-22T12:26:53.516949+00:00"}
{"asset": "ETH/USDT", "event": "sequence_gap", "first": 81326637052, "last": 81326637068, "level": "WARNING", "timestamp": "2026-09-22T12:26:53.517064+00:00"}
{"asset": "ETH/USDT", "event": "book_invalidation", "level": "WARNING", "timestamp": "2026-09-22T12:26:53.517212+00:00"}
{"current": "HEALTHY", "event": "health_transition", "level": "INFO", "previous": "DEGRADED", "reason": "book_resync", "timestamp": "2026-09-22T12:26:53.860205+00:00"}
{"asset": "ETH/USDT", "event": "book_resync", "level": "INFO", "sequence": 81326637288, "timestamp": "2026-09-22T12:26:53.860323+00:00"}
{"asset": "ETH/USDT", "event": "stale_feed", "level": "WARNING", "stale_ratio": 0.5, "timestamp": "2026-09-22T12:26:53.918290+00:00"}
{"asset": "BTC/USDT", "event": "stale_feed", "level": "WARNING", "stale_ratio": 0.25, "timestamp": "2026-09-22T12:26:54.915065+00:00"}
{"asset": "ETH/USDT", "event": "stale_feed", "level": "WARNING", "stale_ratio": 0.25, "timestamp": "2026-09-22T12:26:55.912803+00:00"}
{"asset": "BTC/USDT", "event": "stale_feed", "level": "WARNING", "stale_ratio": 0.25, "timestamp": "2026-09-22T12:26:56.928123+00:00"}
{"asset": "BTC/USDT", "event": "stale_feed", "level": "WARNING", "stale_ratio": 0.25, "timestamp": "2026-09-22T12:26:57.930013+00:00"}
{"asset": "ETH/USDT", "event": "stale_feed", "level": "WARNING", "stale_ratio": 0.25, "timestamp": "2026-09-22T12:26:58.933188+00:00"}
{"asset": "BTC/USDT", "event": "stale_feed", "level": "WARNING", "stale_ratio": 0.25, "timestamp": "2026-09-22T12:26:59.941077+00:00"}
{"asset": "ETH/USDT", "event": "stale_feed", "level": "WARNING", "stale_ratio": 0.25, "timestamp": "2026-09-22T12:27:00.934993+00:00"}
{"asset": "ETH/USDT", "event": "stale_feed", "level": "WARNING", "stale_ratio": 0.75, "timestamp": "2026-09-22T12:27:01.945092+00:00"}
{"asset": "BTC/USDT", "event": "stale_feed", "level": "WARNING", "stale_ratio": 0.75, "timestamp": "2026-09-22T12:27:02.956197+00:00"}
{"asset": "ETH/USDT", "event": "stale_feed", "level": "WARNING", "stale_ratio": 0.75, "timestamp": "2026-09-22T12:27:03.950542+00:00"}
{"asset": "BTC/USDT", "event": "stale_feed", "level": "WARNING", "stale_ratio": 0.75, "timestamp": "2026-09-22T12:27:04.973382+00:00"}
{"asset": "BTC/USDT", "event": "stale_feed", "level": "WARNING", "stale_ratio": 0.75, "timestamp": "2026-09-22T12:27:05.975439+00:00"}
{"asset": "BTC/USDT", "event": "stale_feed", "level": "WARNING", "stale_ratio": 0.75, "timestamp": "2026-09-22T12:27:06.980150+00:00"}
{"asset": "BTC/USDT", "event": "stale_feed", "level": "WARNING", "stale_ratio": 0.75, "timestamp": "2026-09-22T12:27:07.984123+00:00"}
{"asset": "ETH/USDT", "event": "stale_feed", "level": "WARNING", "stale_ratio": 0.75, "timestamp": "2026-09-22T12:27:08.977541+00:00"}
{"asset": "BTC/USDT", "event": "stale_feed", "level": "WARNING", "stale_ratio": 0.75, "timestamp": "2026-09-22T12:27:09.988619+00:00"}
{"asset": "BTC/USDT", "event": "stale_feed", "level": "WARNING", "stale_ratio": 0.75, "timestamp": "2026-09-22T12:27:10.999869+00:00"}
{"asset": "BTC/USDT", "event": "stale_feed", "level": "WARNING", "stale_ratio": 0.75, "timestamp": "2026-09-22T12:27:12.005330+00:00"}
{"asset": "BTC/USDT", "event": "stale_feed", "level": "WARNING", "stale_ratio": 0.75, "timestamp": "2026-09-22T12:27:13.007534+00:00"}
{"asset": "BTC/USDT", "event": "stale_feed", "level": "WARNING", "stale_ratio": 0.75, "timestamp": "2026-09-22T12:27:14.013905+00:00"}
{"asset": "BTC/USDT", "event": "stale_feed", "level": "WARNING", "stale_ratio": 0.75, "timestamp": "2026-09-22T12:27:15.018751+00:00"}
{"asset": "BTC/USDT", "event": "stale_feed", "level": "WARNING", "stale_ratio": 0.75, "timestamp": "2026-09-22T12:27:16.032106+00:00"}
{"asset": "BTC/USDT", "event": "stale_feed", "level": "WARNING", "stale_ratio": 0.75, "timestamp": "2026-09-22T12:27:17.041555+00:00"}
{"asset": "BTC/USDT", "event": "stale_feed", "level": "WARNING", "stale_ratio": 0.75, "timestamp": "2026-09-22T12:27:18.047262+00:00"}
{"asset": "BTC/USDT", "event": "stale_feed", "level": "WARNING", "stale_ratio": 0.75, "timestamp": "2026-09-22T12:27:19.056767+00:00"}
{"asset": "BTC/USDT", "event": "stale_feed", "level": "WARNING", "stale_ratio": 0.75, "timestamp": "2026-09-22T12:27:20.075099+00:00"}
{"asset": "BTC/USDT", "event": "stale_feed", "level": "WARNING", "stale_ratio": 0.75, "timestamp": "2026-09-22T12:27:21.076893+00:00"}
{"asset": "BTC/USDT", "event": "stale_feed", "level": "WARNING", "stale_ratio": 0.75, "timestamp": "2026-09-22T12:27:22.093433+00:00"}
{"asset": "ETH/USDT", "event": "stale_feed", "level": "WARNING", "stale_ratio": 0.75, "timestamp": "2026-09-22T12:27:23.099200+00:00"}
{"asset": "BTC/USDT", "event": "stale_feed", "level": "WARNING", "stale_ratio": 0.75, "timestamp": "2026-09-22T12:27:24.106300+00:00"}
{"asset": "BTC/USDT", "event": "stale_feed", "level": "WARNING", "stale_ratio": 0.75, "timestamp": "2026-09-22T12:27:25.105741+00:00"}
{"asset": "ETH/USDT", "event": "stale_feed", "level": "WARNING", "stale_ratio": 0.75, "timestamp": "2026-09-22T12:27:26.111056+00:00"}
{"asset": "BTC/USDT", "event": "stale_feed", "level": "WARNING", "stale_ratio": 0.75, "timestamp": "2026-09-22T12:27:27.120742+00:00"}
{"asset": "BTC/USDT", "event": "stale_feed", "level": "WARNING", "stale_ratio": 0.75, "timestamp": "2026-09-22T12:27:28.132702+00:00"}
{"asset": "BTC/USDT", "event": "stale_feed", "level": "WARNING", "stale_ratio": 0.75, "timestamp": "2026-09-22T12:27:29.145971+00:00"}
{"asset": "BTC/USDT", "event": "stale_feed", "level": "WARNING", "stale_ratio": 0.75, "timestamp": "2026-09-22T12:27:30.147204+00:00"}
{"asset": "ETH/USDT", "event": "stale_feed", "level": "WARNING", "stale_ratio": 0.75, "timestamp": "2026-09-22T12:27:31.142266+00:00"}
{"asset": "BTC/USDT", "event": "stale_feed", "level": "WARNING", "stale_ratio": 0.75, "timestamp": "2026-09-22T12:27:32.157174+00:00"}
{"asset": "BTC/USDT", "event": "stale_feed", "level": "WARNING", "stale_ratio": 0.75, "timestamp": "2026-09-22T12:27:33.159066+00:00"}
{"asset": "BTC/USDT", "event": "stale_feed", "level": "WARNING", "stale_ratio": 0.75, "timestamp": "2026-09-22T12:27:34.169691+00:00"}
{"asset": "BTC/USDT", "event": "stale_feed", "level": "WARNING", "stale_ratio": 0.75, "timestamp": "2026-09-22T12:27:35.181464+00:00"}
{"asset": "BTC/USDT", "event": "stale_feed", "level": "WARNING", "stale_ratio": 0.75, "timestamp": "2026-09-22T12:27:36.191727+00:00"}
{"asset": "BTC/USDT", "event": "stale_feed", "level": "WARNING", "stale_ratio": 0.75, "timestamp": "2026-09-22T12:27:37.201403+00:00"}
{"asset": "BTC/USDT", "event": "stale_feed", "level": "WARNING", "stale_ratio": 0.75, "timestamp": "2026-09-22T12:27:38.203198+00:00"}
{"asset": "BTC/USDT", "event": "stale_feed", "level": "WARNING", "stale_ratio": 0.75, "timestamp": "2026-09-22T12:27:39.214765+00:00"}
{"asset": "BTC/USDT", "event": "stale_feed", "level": "WARNING", "stale_ratio": 0.75, "timestamp": "2026-09-22T12:27:40.224033+00:00"}
{"asset": "BTC/USDT", "event": "stale_feed", "level": "WARNING", "stale_ratio": 0.75, "timestamp": "2026-09-22T12:27:41.233287+00:00"}
{"asset": "BTC/USDT", "event": "stale_feed", "level": "WARNING", "stale_ratio": 0.75, "timestamp": "2026-09-22T12:27:42.234869+00:00"}
{"asset": "BTC/USDT", "event": "stale_feed", "level": "WARNING", "stale_ratio": 0.75, "timestamp": "2026-09-22T12:27:43.242674+00:00"}
{"asset": "BTC/USDT", "event": "stale_feed", "level": "WARNING", "stale_ratio": 0.75, "timestamp": "2026-09-22T12:27:44.268629+00:00"}
{"asset": "BTC/USDT", "event": "stale_feed", "level": "WARNING", "stale_ratio": 0.75, "timestamp": "2026-09-22T12:27:45.271814+00:00"}
{"asset": "BTC/USDT", "event": "rest_reconciliation", "level": "INFO", "source": "derivatives", "timestamp": "2026-09-22T12:27:45.523203+00:00"}
{"asset": "BTC/USDT", "event": "stale_feed", "level": "WARNING", "stale_ratio": 0.5, "timestamp": "2026-09-22T12:27:46.274636+00:00"}
{"asset": "ETH/USDT", "event": "rest_reconciliation", "level": "INFO", "source": "derivatives", "timestamp": "2026-09-22T12:27:46.555777+00:00"}
{"asset": "BTC/USDT", "event": "stale_feed", "level": "WARNING", "stale_ratio": 0.5, "timestamp": "2026-09-22T12:27:47.278559+00:00"}
{"asset": "ETH/USDT", "event": "stale_feed", "level": "WARNING", "stale_ratio": 0.5, "timestamp": "2026-09-22T12:27:48.273944+00:00"}
{"asset": "BTC/USDT", "event": "stale_feed", "level": "WARNING", "stale_ratio": 0.5, "timestamp": "2026-09-22T12:27:49.289326+00:00"}
{"asset": "BTC/USDT", "event": "stale_feed", "level": "WARNING", "stale_ratio": 0.75, "timestamp": "2026-09-22T12:27:50.298749+00:00"}
{"asset": "ETH/USDT", "event": "stale_feed", "level": "WARNING", "stale_ratio": 0.75, "timestamp": "2026-09-22T12:27:51.296845+00:00"}
{"asset": "BTC/USDT", "event": "stale_feed", "level": "WARNING", "stale_ratio": 0.75, "timestamp": "2026-09-22T12:27:52.308198+00:00"}
{"asset": "BTC/USDT", "event": "stale_feed", "level": "WARNING", "stale_ratio": 0.75, "timestamp": "2026-09-22T12:27:53.315393+00:00"}
{"asset": "BTC/USDT", "event": "stale_feed", "level": "WARNING", "stale_ratio": 0.75, "timestamp": "2026-09-22T12:27:54.318001+00:00"}
{"asset": "BTC/USDT", "event": "stale_feed", "level": "WARNING", "stale_ratio": 0.75, "timestamp": "2026-09-22T12:27:55.319617+00:00"}
{"asset": "BTC/USDT", "event": "stale_feed", "level": "WARNING", "stale_ratio": 0.75, "timestamp": "2026-09-22T12:27:56.679797+00:00"}
{"asset": "BTC/USDT", "event": "stale_feed", "level": "WARNING", "stale_ratio": 0.75, "timestamp": "2026-09-22T12:27:57.693265+00:00"}
{"asset": "BTC/USDT", "event": "stale_feed", "level": "WARNING", "stale_ratio": 0.75, "timestamp": "2026-09-22T12:27:58.697650+00:00"}
{"asset": "ETH/USDT", "event": "stale_feed", "level": "WARNING", "stale_ratio": 0.75, "timestamp": "2026-09-22T12:27:59.701418+00:00"}
{"asset": "BTC/USDT", "event": "stale_feed", "level": "WARNING", "stale_ratio": 0.75, "timestamp": "2026-09-22T12:28:00.718377+00:00"}
{"asset": "ETH/USDT", "event": "stale_feed", "level": "WARNING", "stale_ratio": 0.75, "timestamp": "2026-09-22T12:28:01.704212+00:00"}
{"asset": "BTC/USDT", "event": "stale_feed", "level": "WARNING", "stale_ratio": 0.75, "timestamp": "2026-09-22T12:28:02.724714+00:00"}
{"asset": "ETH/USDT", "event": "stale_feed", "level": "WARNING", "stale_ratio": 0.75, "timestamp": "2026-09-22T12:28:03.728947+00:00"}
{"asset": "ETH/USDT", "event": "stale_feed", "level": "WARNING", "stale_ratio": 0.75, "timestamp": "2026-09-22T12:28:04.734884+00:00"}
{"asset": "ETH/USDT", "event": "stale_feed", "level": "WARNING", "stale_ratio": 0.75, "timestamp": "2026-09-22T12:28:05.745352+00:00"}
{"asset": "BTC/USDT", "event": "stale_feed", "level": "WARNING", "stale_ratio": 0.75, "timestamp": "2026-09-22T12:28:06.753449+00:00"}
{"asset": "ETH/USDT", "event": "stale_feed", "level": "WARNING", "stale_ratio": 0.75, "timestamp": "2026-09-22T12:28:07.751019+00:00"}
{"asset": "BTC/USDT", "event": "stale_feed", "level": "WARNING", "stale_ratio": 0.75, "timestamp": "2026-09-22T12:28:08.764869+00:00"}
{"asset": "BTC/USDT", "event": "stale_feed", "level": "WARNING", "stale_ratio": 0.75, "timestamp": "2026-09-22T12:28:09.773564+00:00"}
{"asset": "ETH/USDT", "event": "stale_feed", "level": "WARNING", "stale_ratio": 0.75, "timestamp": "2026-09-22T12:28:10.764781+00:00"}
{"asset": "BTC/USDT", "event": "stale_feed", "level": "WARNING", "stale_ratio": 0.75, "timestamp": "2026-09-22T12:28:11.784643+00:00"}
{"asset": "BTC/USDT", "event": "stale_feed", "level": "WARNING", "stale_ratio": 0.75, "timestamp": "2026-09-22T12:28:12.792808+00:00"}
{"asset": "BTC/USDT", "event": "stale_feed", "level": "WARNING", "stale_ratio": 0.75, "timestamp": "2026-09-22T12:28:13.799834+00:00"}
{"asset": "BTC/USDT", "event": "stale_feed", "level": "WARNING", "stale_ratio": 0.75, "timestamp": "2026-09-22T12:28:14.794226+00:00"}
{"asset": "BTC/USDT", "event": "stale_feed", "level": "WARNING", "stale_ratio": 0.75, "timestamp": "2026-09-22T12:28:15.812427+00:00"}
{"asset": "ETH/USDT", "event": "stale_feed", "level": "WARNING", "stale_ratio": 0.75, "timestamp": "2026-09-22T12:28:16.809071+00:00"}
{"asset": "BTC/USDT", "event": "stale_feed", "level": "WARNING", "stale_ratio": 0.75, "timestamp": "2026-09-22T12:28:17.813991+00:00"}
{"asset": "BTC/USDT", "event": "stale_feed", "level": "WARNING", "stale_ratio": 0.75, "timestamp": "2026-09-22T12:28:18.820430+00:00"}
{"asset": "ETH/USDT", "event": "stale_feed", "level": "WARNING", "stale_ratio": 0.75, "timestamp": "2026-09-22T12:28:19.812597+00:00"}
{"asset": "BTC/USDT", "event": "stale_feed", "level": "WARNING", "stale_ratio": 0.75, "timestamp": "2026-09-22T12:28:20.829549+00:00"}
{"asset": "BTC/USDT", "event": "stale_feed", "level": "WARNING", "stale_ratio": 0.75, "timestamp": "2026-09-22T12:28:21.830334+00:00"}
{"asset": "ETH/USDT", "event": "stale_feed", "level": "WARNING", "stale_ratio": 0.75, "timestamp": "2026-09-22T12:28:22.828223+00:00"}
{"asset": "BTC/USDT", "event": "stale_feed", "level": "WARNING", "stale_ratio": 0.75, "timestamp": "2026-09-22T12:28:23.856192+00:00"}
{"asset": "BTC/USDT", "event": "stale_feed", "level": "WARNING", "stale_ratio": 0.75, "timestamp": "2026-09-22T12:28:24.878591+00:00"}
{"asset": "BTC/USDT", "event": "stale_feed", "level": "WARNING", "stale_ratio": 0.75, "timestamp": "2026-09-22T12:28:25.888546+00:00"}
{"asset": "ETH/USDT", "event": "stale_feed", "level": "WARNING", "stale_ratio": 0.75, "timestamp": "2026-09-22T12:28:26.894812+00:00"}
{"asset": "BTC/USDT", "event": "stale_feed", "level": "WARNING", "stale_ratio": 0.75, "timestamp": "2026-09-22T12:28:27.930750+00:00"}
{"asset": "BTC/USDT", "event": "stale_feed", "level": "WARNING", "stale_ratio": 0.75, "timestamp": "2026-09-22T12:28:28.933444+00:00"}
{"asset": "ETH/USDT", "event": "stale_feed", "level": "WARNING", "stale_ratio": 0.75, "timestamp": "2026-09-22T12:28:29.933248+00:00"}
{"asset": "ETH/USDT", "event": "stale_feed", "level": "WARNING", "stale_ratio": 0.75, "timestamp": "2026-09-22T12:28:30.925952+00:00"}
{"asset": "ETH/USDT", "event": "stale_feed", "level": "WARNING", "stale_ratio": 0.75, "timestamp": "2026-09-22T12:28:31.929192+00:00"}
{"asset": "BTC/USDT", "event": "stale_feed", "level": "WARNING", "stale_ratio": 0.75, "timestamp": "2026-09-22T12:28:32.960929+00:00"}
{"event": "feed_reconnect", "level": "WARNING", "reconnects": 6, "timestamp": "2026-09-22T12:28:43.826032+00:00"}
{"current": "DEGRADED", "event": "health_transition", "level": "WARNING", "previous": "HEALTHY", "reason": "sequence_gap", "timestamp": "2026-09-22T12:28:43.826141+00:00"}
{"asset": "BTC/USDT", "event": "sequence_gap", "first": 100495625778, "last": 100495625784, "level": "WARNING", "timestamp": "2026-09-22T12:28:43.826194+00:00"}
{"asset": "BTC/USDT", "event": "book_invalidation", "level": "WARNING", "timestamp": "2026-09-22T12:28:43.826242+00:00"}
{"current": "HEALTHY", "event": "health_transition", "level": "INFO", "previous": "DEGRADED", "reason": "book_resync", "timestamp": "2026-09-22T12:28:44.214983+00:00"}
{"asset": "BTC/USDT", "event": "book_resync", "level": "INFO", "sequence": 100495626254, "timestamp": "2026-09-22T12:28:44.215130+00:00"}
{"asset": "BTC/USDT", "event": "stale_feed", "level": "WARNING", "stale_ratio": 1.0, "timestamp": "2026-09-22T12:28:44.284906+00:00"}
{"current": "DEGRADED", "event": "health_transition", "level": "WARNING", "previous": "HEALTHY", "reason": "sequence_gap", "timestamp": "2026-09-22T12:28:44.322243+00:00"}
{"asset": "ETH/USDT", "event": "sequence_gap", "first": 81326671684, "last": 81326671691, "level": "WARNING", "timestamp": "2026-09-22T12:28:44.322295+00:00"}
{"asset": "ETH/USDT", "event": "book_invalidation", "level": "WARNING", "timestamp": "2026-09-22T12:28:44.322324+00:00"}
{"current": "HEALTHY", "event": "health_transition", "level": "INFO", "previous": "DEGRADED", "reason": "book_resync", "timestamp": "2026-09-22T12:28:44.595996+00:00"}
{"asset": "ETH/USDT", "event": "book_resync", "level": "INFO", "sequence": 81326671880, "timestamp": "2026-09-22T12:28:44.596150+00:00"}
{"asset": "ETH/USDT", "event": "stale_feed", "level": "WARNING", "stale_ratio": 0.25, "timestamp": "2026-09-22T12:28:44.844685+00:00"}
{"asset": "BTC/USDT", "event": "rest_reconciliation", "level": "INFO", "source": "derivatives", "timestamp": "2026-09-22T12:28:45.525270+00:00"}
{"asset": "BTC/USDT", "event": "stale_feed", "level": "WARNING", "stale_ratio": 0.25, "timestamp": "2026-09-22T12:28:46.163191+00:00"}
{"asset": "ETH/USDT", "event": "rest_reconciliation", "level": "INFO", "source": "derivatives", "timestamp": "2026-09-22T12:28:46.594070+00:00"}
{"asset": "BTC/USDT", "event": "stale_feed", "level": "WARNING", "stale_ratio": 0.25, "timestamp": "2026-09-22T12:28:47.159455+00:00"}
{"asset": "BTC/USDT", "event": "stale_feed", "level": "WARNING", "stale_ratio": 0.75, "timestamp": "2026-09-22T12:28:50.299339+00:00"}
{"asset": "BTC/USDT", "event": "stale_feed", "level": "WARNING", "stale_ratio": 0.75, "timestamp": "2026-09-22T12:28:51.232905+00:00"}
{"asset": "BTC/USDT", "event": "stale_feed", "level": "WARNING", "stale_ratio": 0.75, "timestamp": "2026-09-22T12:28:52.240553+00:00"}
{"asset": "BTC/USDT", "event": "stale_feed", "level": "WARNING", "stale_ratio": 0.75, "timestamp": "2026-09-22T12:28:53.246400+00:00"}
{"asset": "BTC/USDT", "event": "stale_feed", "level": "WARNING", "stale_ratio": 0.75, "timestamp": "2026-09-22T12:28:54.260811+00:00"}
{"asset": "BTC/USDT", "event": "stale_feed", "level": "WARNING", "stale_ratio": 0.75, "timestamp": "2026-09-22T12:28:55.282821+00:00"}
{"asset": "BTC/USDT", "event": "stale_feed", "level": "WARNING", "stale_ratio": 0.75, "timestamp": "2026-09-22T12:28:56.283819+00:00"}
{"asset": "BTC/USDT", "event": "stale_feed", "level": "WARNING", "stale_ratio": 0.75, "timestamp": "2026-09-22T12:28:57.287943+00:00"}
{"asset": "ETH/USDT", "event": "stale_feed", "level": "WARNING", "stale_ratio": 0.75, "timestamp": "2026-09-22T12:28:58.286810+00:00"}
{"asset": "BTC/USDT", "event": "stale_feed", "level": "WARNING", "stale_ratio": 0.75, "timestamp": "2026-09-22T12:28:59.300874+00:00"}
{"asset": "BTC/USDT", "event": "stale_feed", "level": "WARNING", "stale_ratio": 0.75, "timestamp": "2026-09-22T12:29:00.325234+00:00"}
{"asset": "BTC/USDT", "event": "stale_feed", "level": "WARNING", "stale_ratio": 0.75, "timestamp": "2026-09-22T12:29:01.329631+00:00"}
{"asset": "BTC/USDT", "event": "stale_feed", "level": "WARNING", "stale_ratio": 0.75, "timestamp": "2026-09-22T12:29:02.335685+00:00"}
{"asset": "BTC/USDT", "event": "stale_feed", "level": "WARNING", "stale_ratio": 0.75, "timestamp": "2026-09-22T12:29:03.339898+00:00"}
{"asset": "BTC/USDT", "event": "stale_feed", "level": "WARNING", "stale_ratio": 0.75, "timestamp": "2026-09-22T12:29:04.349298+00:00"}
{"asset": "BTC/USDT", "event": "stale_feed", "level": "WARNING", "stale_ratio": 0.75, "timestamp": "2026-09-22T12:29:05.349101+00:00"}
{"asset": "BTC/USDT", "event": "stale_feed", "level": "WARNING", "stale_ratio": 0.75, "timestamp": "2026-09-22T12:29:06.362207+00:00"}
{"asset": "ETH/USDT", "event": "stale_feed", "level": "WARNING", "stale_ratio": 0.75, "timestamp": "2026-09-22T12:29:07.372797+00:00"}
{"asset": "ETH/USDT", "event": "stale_feed", "level": "WARNING", "stale_ratio": 0.75, "timestamp": "2026-09-22T12:29:08.383188+00:00"}
{"asset": "BTC/USDT", "event": "stale_feed", "level": "WARNING", "stale_ratio": 0.75, "timestamp": "2026-09-22T12:29:09.399035+00:00"}
{"asset": "ETH/USDT", "event": "stale_feed", "level": "WARNING", "stale_ratio": 0.75, "timestamp": "2026-09-22T12:29:10.383925+00:00"}
{"asset": "ETH/USDT", "event": "stale_feed", "level": "WARNING", "stale_ratio": 0.75, "timestamp": "2026-09-22T12:29:11.391355+00:00"}
{"asset": "BTC/USDT", "event": "stale_feed", "level": "WARNING", "stale_ratio": 0.75, "timestamp": "2026-09-22T12:29:12.406082+00:00"}
{"asset": "BTC/USDT", "event": "stale_feed", "level": "WARNING", "stale_ratio": 0.75, "timestamp": "2026-09-22T12:29:13.413521+00:00"}
{"asset": "BTC/USDT", "event": "stale_feed", "level": "WARNING", "stale_ratio": 0.75, "timestamp": "2026-09-22T12:29:14.420375+00:00"}
{"asset": "BTC/USDT", "event": "stale_feed", "level": "WARNING", "stale_ratio": 0.75, "timestamp": "2026-09-22T12:29:15.440625+00:00"}
{"asset": "ETH/USDT", "event": "stale_feed", "level": "WARNING", "stale_ratio": 0.75, "timestamp": "2026-09-22T12:29:16.431268+00:00"}
{"asset": "ETH/USDT", "event": "stale_feed", "level": "WARNING", "stale_ratio": 0.75, "timestamp": "2026-09-22T12:29:17.430013+00:00"}
{"asset": "BTC/USDT", "event": "stale_feed", "level": "WARNING", "stale_ratio": 0.75, "timestamp": "2026-09-22T12:29:18.453068+00:00"}
{"asset": "ETH/USDT", "event": "stale_feed", "level": "WARNING", "stale_ratio": 0.75, "timestamp": "2026-09-22T12:29:19.443229+00:00"}
{"asset": "BTC/USDT", "event": "stale_feed", "level": "WARNING", "stale_ratio": 0.75, "timestamp": "2026-09-22T12:29:20.473005+00:00"}
{"asset": "BTC/USDT", "event": "stale_feed", "level": "WARNING", "stale_ratio": 0.75, "timestamp": "2026-09-22T12:29:21.474988+00:00"}
{"asset": "BTC/USDT", "event": "stale_feed", "level": "WARNING", "stale_ratio": 0.75, "timestamp": "2026-09-22T12:29:22.489886+00:00"}
{"asset": "BTC/USDT", "event": "stale_feed", "level": "WARNING", "stale_ratio": 0.75, "timestamp": "2026-09-22T12:29:23.494346+00:00"}
{"asset": "ETH/USDT", "event": "stale_feed", "level": "WARNING", "stale_ratio": 0.75, "timestamp": "2026-09-22T12:29:24.487768+00:00"}
{"asset": "ETH/USDT", "event": "stale_feed", "level": "WARNING", "stale_ratio": 0.75, "timestamp": "2026-09-22T12:29:25.489379+00:00"}
{"asset": "BTC/USDT", "event": "stale_feed", "level": "WARNING", "stale_ratio": 0.75, "timestamp": "2026-09-22T12:29:26.529556+00:00"}
{"asset": "BTC/USDT", "event": "stale_feed", "level": "WARNING", "stale_ratio": 0.75, "timestamp": "2026-09-22T12:29:27.547245+00:00"}
{"asset": "BTC/USDT", "event": "stale_feed", "level": "WARNING", "stale_ratio": 0.75, "timestamp": "2026-09-22T12:29:28.564322+00:00"}
{"asset": "BTC/USDT", "event": "stale_feed", "level": "WARNING", "stale_ratio": 0.75, "timestamp": "2026-09-22T12:29:29.580482+00:00"}
{"asset": "BTC/USDT", "event": "stale_feed", "level": "WARNING", "stale_ratio": 0.75, "timestamp": "2026-09-22T12:29:30.581988+00:00"}
{"asset": "BTC/USDT", "event": "stale_feed", "level": "WARNING", "stale_ratio": 0.75, "timestamp": "2026-09-22T12:29:31.603859+00:00"}
{"asset": "BTC/USDT", "event": "stale_feed", "level": "WARNING", "stale_ratio": 0.75, "timestamp": "2026-09-22T12:29:32.602933+00:00"}
{"asset": "BTC/USDT", "event": "stale_feed", "level": "WARNING", "stale_ratio": 0.75, "timestamp": "2026-09-22T12:29:33.616539+00:00"}
{"asset": "BTC/USDT", "event": "stale_feed", "level": "WARNING", "stale_ratio": 0.75, "timestamp": "2026-09-22T12:29:34.626582+00:00"}
{"asset": "BTC/USDT", "event": "stale_feed", "level": "WARNING", "stale_ratio": 0.75, "timestamp": "2026-09-22T12:29:35.651383+00:00"}
{"asset": "BTC/USDT", "event": "stale_feed", "level": "WARNING", "stale_ratio": 0.75, "timestamp": "2026-09-22T12:29:36.654318+00:00"}
{"asset": "BTC/USDT", "event": "stale_feed", "level": "WARNING", "stale_ratio": 0.75, "timestamp": "2026-09-22T12:29:37.663352+00:00"}
{"asset": "BTC/USDT", "event": "stale_feed", "level": "WARNING", "stale_ratio": 0.75, "timestamp": "2026-09-22T12:29:38.666962+00:00"}
{"asset": "BTC/USDT", "event": "stale_feed", "level": "WARNING", "stale_ratio": 0.75, "timestamp": "2026-09-22T12:29:39.672614+00:00"}
{"asset": "BTC/USDT", "event": "stale_feed", "level": "WARNING", "stale_ratio": 0.75, "timestamp": "2026-09-22T12:29:40.675572+00:00"}
{"asset": "BTC/USDT", "event": "stale_feed", "level": "WARNING", "stale_ratio": 0.75, "timestamp": "2026-09-22T12:29:41.681814+00:00"}
{"asset": "BTC/USDT", "event": "stale_feed", "level": "WARNING", "stale_ratio": 0.75, "timestamp": "2026-09-22T12:29:42.685868+00:00"}
{"asset": "BTC/USDT", "event": "stale_feed", "level": "WARNING", "stale_ratio": 0.75, "timestamp": "2026-09-22T12:29:43.698632+00:00"}
{"asset": "BTC/USDT", "event": "stale_feed", "level": "WARNING", "stale_ratio": 0.75, "timestamp": "2026-09-22T12:29:44.698221+00:00"}
{"asset": "BTC/USDT", "event": "rest_reconciliation", "level": "INFO", "source": "derivatives", "timestamp": "2026-09-22T12:29:45.533191+00:00"}
{"asset": "ETH/USDT", "event": "stale_feed", "level": "WARNING", "stale_ratio": 0.75, "timestamp": "2026-09-22T12:29:45.958419+00:00"}
{"asset": "ETH/USDT", "event": "rest_reconciliation", "level": "INFO", "source": "derivatives", "timestamp": "2026-09-22T12:29:46.765641+00:00"}
{"asset": "ETH/USDT", "event": "stale_feed", "level": "WARNING", "stale_ratio": 0.5, "timestamp": "2026-09-22T12:29:47.258856+00:00"}
{"asset": "BTC/USDT", "event": "stale_feed", "level": "WARNING", "stale_ratio": 0.5, "timestamp": "2026-09-22T12:29:48.261467+00:00"}
{"asset": "BTC/USDT", "event": "stale_feed", "level": "WARNING", "stale_ratio": 0.5, "timestamp": "2026-09-22T12:29:49.255768+00:00"}
{"asset": "BTC/USDT", "event": "stale_feed", "level": "WARNING", "stale_ratio": 0.75, "timestamp": "2026-09-22T12:29:50.272470+00:00"}
{"asset": "BTC/USDT", "event": "stale_feed", "level": "WARNING", "stale_ratio": 0.75, "timestamp": "2026-09-22T12:29:51.276342+00:00"}
{"asset": "BTC/USDT", "event": "stale_feed", "level": "WARNING", "stale_ratio": 0.75, "timestamp": "2026-09-22T12:29:52.270810+00:00"}
{"asset": "BTC/USDT", "event": "stale_feed", "level": "WARNING", "stale_ratio": 0.75, "timestamp": "2026-09-22T12:29:53.278307+00:00"}
{"asset": "BTC/USDT", "event": "stale_feed", "level": "WARNING", "stale_ratio": 0.75, "timestamp": "2026-09-22T12:29:54.296720+00:00"}
{"asset": "ETH/USDT", "event": "stale_feed", "level": "WARNING", "stale_ratio": 0.75, "timestamp": "2026-09-22T12:29:55.282354+00:00"}
{"asset": "BTC/USDT", "event": "stale_feed", "level": "WARNING", "stale_ratio": 0.75, "timestamp": "2026-09-22T12:29:56.301458+00:00"}
{"asset": "BTC/USDT", "event": "stale_feed", "level": "WARNING", "stale_ratio": 0.75, "timestamp": "2026-09-22T12:29:57.301777+00:00"}
{"asset": "BTC/USDT", "event": "stale_feed", "level": "WARNING", "stale_ratio": 0.75, "timestamp": "2026-09-22T12:29:58.322427+00:00"}
{"asset": "BTC/USDT", "event": "stale_feed", "level": "WARNING", "stale_ratio": 0.75, "timestamp": "2026-09-22T12:29:59.327507+00:00"}
{"asset": "BTC/USDT", "event": "stale_feed", "level": "WARNING", "stale_ratio": 0.75, "timestamp": "2026-09-22T12:30:00.341716+00:00"}
{"asset": "BTC/USDT", "event": "stale_feed", "level": "WARNING", "stale_ratio": 0.75, "timestamp": "2026-09-22T12:30:01.357447+00:00"}
{"asset": "BTC/USDT", "event": "stale_feed", "level": "WARNING", "stale_ratio": 0.75, "timestamp": "2026-09-22T12:30:02.359544+00:00"}
{"asset": "BTC/USDT", "event": "stale_feed", "level": "WARNING", "stale_ratio": 0.75, "timestamp": "2026-09-22T12:30:03.370742+00:00"}
{"asset": "BTC/USDT", "event": "stale_feed", "level": "WARNING", "stale_ratio": 0.75, "timestamp": "2026-09-22T12:30:04.389760+00:00"}
{"asset": "BTC/USDT", "event": "stale_feed", "level": "WARNING", "stale_ratio": 0.75, "timestamp": "2026-09-22T12:30:05.406019+00:00"}
{"asset": "ETH/USDT", "event": "stale_feed", "level": "WARNING", "stale_ratio": 0.75, "timestamp": "2026-09-22T12:30:06.409418+00:00"}
{"asset": "BTC/USDT", "event": "stale_feed", "level": "WARNING", "stale_ratio": 0.75, "timestamp": "2026-09-22T12:30:07.426859+00:00"}
{"asset": "BTC/USDT", "event": "stale_feed", "level": "WARNING", "stale_ratio": 0.75, "timestamp": "2026-09-22T12:30:08.439639+00:00"}
{"asset": "BTC/USDT", "event": "stale_feed", "level": "WARNING", "stale_ratio": 0.75, "timestamp": "2026-09-22T12:30:09.444930+00:00"}
{"asset": "BTC/USDT", "event": "stale_feed", "level": "WARNING", "stale_ratio": 0.75, "timestamp": "2026-09-22T12:30:10.453051+00:00"}
{"asset": "ETH/USDT", "event": "stale_feed", "level": "WARNING", "stale_ratio": 0.75, "timestamp": "2026-09-22T12:30:11.443275+00:00"}
{"asset": "BTC/USDT", "event": "stale_feed", "level": "WARNING", "stale_ratio": 0.75, "timestamp": "2026-09-22T12:30:12.464218+00:00"}
{"asset": "BTC/USDT", "event": "stale_feed", "level": "WARNING", "stale_ratio": 0.75, "timestamp": "2026-09-22T12:30:13.467396+00:00"}
{"asset": "BTC/USDT", "event": "stale_feed", "level": "WARNING", "stale_ratio": 0.75, "timestamp": "2026-09-22T12:30:14.464733+00:00"}
{"asset": "BTC/USDT", "event": "stale_feed", "level": "WARNING", "stale_ratio": 0.75, "timestamp": "2026-09-22T12:30:15.467530+00:00"}
{"asset": "BTC/USDT", "event": "stale_feed", "level": "WARNING", "stale_ratio": 0.75, "timestamp": "2026-09-22T12:30:16.491400+00:00"}
{"asset": "BTC/USDT", "event": "stale_feed", "level": "WARNING", "stale_ratio": 0.75, "timestamp": "2026-09-22T12:30:17.494552+00:00"}
{"asset": "BTC/USDT", "event": "stale_feed", "level": "WARNING", "stale_ratio": 0.75, "timestamp": "2026-09-22T12:30:18.494460+00:00"}
{"asset": "BTC/USDT", "event": "stale_feed", "level": "WARNING", "stale_ratio": 0.75, "timestamp": "2026-09-22T12:30:19.495224+00:00"}
{"asset": "BTC/USDT", "event": "stale_feed", "level": "WARNING", "stale_ratio": 0.75, "timestamp": "2026-09-22T12:30:20.507388+00:00"}
{"asset": "BTC/USDT", "event": "stale_feed", "level": "WARNING", "stale_ratio": 0.75, "timestamp": "2026-09-22T12:30:21.523346+00:00"}
{"asset": "BTC/USDT", "event": "stale_feed", "level": "WARNING", "stale_ratio": 0.75, "timestamp": "2026-09-22T12:30:22.523743+00:00"}
{"asset": "ETH/USDT", "event": "stale_feed", "level": "WARNING", "stale_ratio": 0.75, "timestamp": "2026-09-22T12:30:23.518768+00:00"}
{"asset": "ETH/USDT", "event": "stale_feed", "level": "WARNING", "stale_ratio": 0.75, "timestamp": "2026-09-22T12:30:24.517783+00:00"}
{"asset": "BTC/USDT", "event": "stale_feed", "level": "WARNING", "stale_ratio": 0.75, "timestamp": "2026-09-22T12:30:25.531484+00:00"}
{"asset": "BTC/USDT", "event": "stale_feed", "level": "WARNING", "stale_ratio": 0.75, "timestamp": "2026-09-22T12:30:26.538553+00:00"}
{"asset": "ETH/USDT", "event": "stale_feed", "level": "WARNING", "stale_ratio": 0.75, "timestamp": "2026-09-22T12:30:27.544117+00:00"}
{"asset": "ETH/USDT", "event": "stale_feed", "level": "WARNING", "stale_ratio": 0.75, "timestamp": "2026-09-22T12:30:28.543929+00:00"}
{"asset": "BTC/USDT", "event": "stale_feed", "level": "WARNING", "stale_ratio": 0.75, "timestamp": "2026-09-22T12:30:29.563412+00:00"}
{"asset": "BTC/USDT", "event": "stale_feed", "level": "WARNING", "stale_ratio": 0.75, "timestamp": "2026-09-22T12:30:30.563289+00:00"}
{"asset": "BTC/USDT", "event": "stale_feed", "level": "WARNING", "stale_ratio": 0.75, "timestamp": "2026-09-22T12:30:31.576313+00:00"}
{"asset": "BTC/USDT", "event": "stale_feed", "level": "WARNING", "stale_ratio": 0.75, "timestamp": "2026-09-22T12:30:32.579353+00:00"}
{"asset": "BTC/USDT", "event": "stale_feed", "level": "WARNING", "stale_ratio": 0.75, "timestamp": "2026-09-22T12:30:33.581030+00:00"}
{"asset": "BTC/USDT", "event": "stale_feed", "level": "WARNING", "stale_ratio": 0.75, "timestamp": "2026-09-22T12:30:34.611719+00:00"}
{"asset": "ETH/USDT", "event": "stale_feed", "level": "WARNING", "stale_ratio": 0.75, "timestamp": "2026-09-22T12:30:35.596073+00:00"}
{"asset": "BTC/USDT", "event": "stale_feed", "level": "WARNING", "stale_ratio": 0.75, "timestamp": "2026-09-22T12:30:36.616359+00:00"}
{"asset": "BTC/USDT", "event": "stale_feed", "level": "WARNING", "stale_ratio": 0.75, "timestamp": "2026-09-22T12:30:37.629851+00:00"}
{"asset": "BTC/USDT", "event": "stale_feed", "level": "WARNING", "stale_ratio": 0.75, "timestamp": "2026-09-22T12:30:38.636672+00:00"}
{"asset": "BTC/USDT", "event": "stale_feed", "level": "WARNING", "stale_ratio": 0.75, "timestamp": "2026-09-22T12:30:39.646071+00:00"}
{"asset": "BTC/USDT", "event": "stale_feed", "level": "WARNING", "stale_ratio": 0.75, "timestamp": "2026-09-22T12:30:40.650230+00:00"}
{"asset": "BTC/USDT", "event": "stale_feed", "level": "WARNING", "stale_ratio": 0.75, "timestamp": "2026-09-22T12:30:41.660381+00:00"}
{"asset": "ETH/USDT", "event": "stale_feed", "level": "WARNING", "stale_ratio": 0.75, "timestamp": "2026-09-22T12:30:42.667652+00:00"}
{"asset": "BTC/USDT", "event": "stale_feed", "level": "WARNING", "stale_ratio": 0.75, "timestamp": "2026-09-22T12:30:43.685418+00:00"}
{"asset": "ETH/USDT", "event": "stale_feed", "level": "WARNING", "stale_ratio": 0.75, "timestamp": "2026-09-22T12:30:44.693697+00:00"}
{"asset": "BTC/USDT", "event": "rest_reconciliation", "level": "INFO", "source": "derivatives", "timestamp": "2026-09-22T12:30:45.535297+00:00"}
{"asset": "ETH/USDT", "event": "stale_feed", "level": "WARNING", "stale_ratio": 0.75, "timestamp": "2026-09-22T12:30:45.928004+00:00"}
{"asset": "ETH/USDT", "event": "rest_reconciliation", "level": "INFO", "source": "derivatives", "timestamp": "2026-09-22T12:30:46.781287+00:00"}
{"asset": "BTC/USDT", "event": "stale_feed", "level": "WARNING", "stale_ratio": 0.5, "timestamp": "2026-09-22T12:30:47.242966+00:00"}
{"asset": "BTC/USDT", "event": "stale_feed", "level": "WARNING", "stale_ratio": 0.5, "timestamp": "2026-09-22T12:30:48.225394+00:00"}
{"asset": "BTC/USDT", "event": "stale_feed", "level": "WARNING", "stale_ratio": 0.5, "timestamp": "2026-09-22T12:30:49.237750+00:00"}
{"asset": "ETH/USDT", "event": "stale_feed", "level": "WARNING", "stale_ratio": 0.5, "timestamp": "2026-09-22T12:30:50.225246+00:00"}
{"asset": "ETH/USDT", "event": "stale_feed", "level": "WARNING", "stale_ratio": 0.75, "timestamp": "2026-09-22T12:30:51.254400+00:00"}
{"event": "feed_reconnect", "level": "WARNING", "reconnects": 7, "timestamp": "2026-09-22T12:30:54.025943+00:00"}
{"current": "DEGRADED", "event": "health_transition", "level": "WARNING", "previous": "HEALTHY", "reason": "sequence_gap", "timestamp": "2026-09-22T12:30:54.026062+00:00"}
{"asset": "BTC/USDT", "event": "sequence_gap", "first": 100495697456, "last": 100495697467, "level": "WARNING", "timestamp": "2026-09-22T12:30:54.026126+00:00"}
{"asset": "BTC/USDT", "event": "book_invalidation", "level": "WARNING", "timestamp": "2026-09-22T12:30:54.026174+00:00"}
{"current": "HEALTHY", "event": "health_transition", "level": "INFO", "previous": "DEGRADED", "reason": "book_resync", "timestamp": "2026-09-22T12:30:54.333219+00:00"}
{"asset": "BTC/USDT", "event": "book_resync", "level": "INFO", "sequence": 100495697502, "timestamp": "2026-09-22T12:30:54.333320+00:00"}
{"asset": "BTC/USDT", "event": "stale_feed", "level": "WARNING", "stale_ratio": 0.75, "timestamp": "2026-09-22T12:30:54.389511+00:00"}
{"current": "DEGRADED", "event": "health_transition", "level": "WARNING", "previous": "HEALTHY", "reason": "sequence_gap", "timestamp": "2026-09-22T12:30:54.424279+00:00"}
{"asset": "ETH/USDT", "event": "sequence_gap", "first": 81326713894, "last": 81326713903, "level": "WARNING", "timestamp": "2026-09-22T12:30:54.424327+00:00"}
{"asset": "ETH/USDT", "event": "book_invalidation", "level": "WARNING", "timestamp": "2026-09-22T12:30:54.424354+00:00"}
{"current": "HEALTHY", "event": "health_transition", "level": "INFO", "previous": "DEGRADED", "reason": "book_resync", "timestamp": "2026-09-22T12:30:54.762327+00:00"}
{"asset": "ETH/USDT", "event": "book_resync", "level": "INFO", "sequence": 81326714176, "timestamp": "2026-09-22T12:30:54.762420+00:00"}
{"asset": "ETH/USDT", "event": "stale_feed", "level": "WARNING", "stale_ratio": 0.5, "timestamp": "2026-09-22T12:30:55.065072+00:00"}
{"asset": "BTC/USDT", "event": "stale_feed", "level": "WARNING", "stale_ratio": 0.25, "timestamp": "2026-09-22T12:30:56.084634+00:00"}
{"asset": "ETH/USDT", "event": "stale_feed", "level": "WARNING", "stale_ratio": 0.25, "timestamp": "2026-09-22T12:30:57.094303+00:00"}
{"asset": "ETH/USDT", "event": "stale_feed", "level": "WARNING", "stale_ratio": 0.25, "timestamp": "2026-09-22T12:30:58.088205+00:00"}
{"asset": "BTC/USDT", "event": "stale_feed", "level": "WARNING", "stale_ratio": 0.25, "timestamp": "2026-09-22T12:30:59.122360+00:00"}
{"asset": "BTC/USDT", "event": "stale_feed", "level": "WARNING", "stale_ratio": 0.25, "timestamp": "2026-09-22T12:31:00.128620+00:00"}
{"asset": "BTC/USDT", "event": "stale_feed", "level": "WARNING", "stale_ratio": 0.75, "timestamp": "2026-09-22T12:31:01.132630+00:00"}
{"asset": "BTC/USDT", "event": "stale_feed", "level": "WARNING", "stale_ratio": 0.75, "timestamp": "2026-09-22T12:31:02.130795+00:00"}
{"asset": "ETH/USDT", "event": "stale_feed", "level": "WARNING", "stale_ratio": 0.75, "timestamp": "2026-09-22T12:31:03.118938+00:00"}
{"asset": "ETH/USDT", "event": "stale_feed", "level": "WARNING", "stale_ratio": 0.75, "timestamp": "2026-09-22T12:31:04.139965+00:00"}
{"asset": "BTC/USDT", "event": "stale_feed", "level": "WARNING", "stale_ratio": 0.75, "timestamp": "2026-09-22T12:31:05.160696+00:00"}
{"asset": "BTC/USDT", "event": "stale_feed", "level": "WARNING", "stale_ratio": 0.75, "timestamp": "2026-09-22T12:31:06.161705+00:00"}
{"asset": "BTC/USDT", "event": "stale_feed", "level": "WARNING", "stale_ratio": 0.75, "timestamp": "2026-09-22T12:31:07.179166+00:00"}
{"asset": "BTC/USDT", "event": "stale_feed", "level": "WARNING", "stale_ratio": 0.75, "timestamp": "2026-09-22T12:31:08.188531+00:00"}
{"asset": "BTC/USDT", "event": "stale_feed", "level": "WARNING", "stale_ratio": 0.75, "timestamp": "2026-09-22T12:31:09.261722+00:00"}
{"asset": "BTC/USDT", "event": "stale_feed", "level": "WARNING", "stale_ratio": 0.75, "timestamp": "2026-09-22T12:31:10.218489+00:00"}
{"asset": "BTC/USDT", "event": "stale_feed", "level": "WARNING", "stale_ratio": 0.75, "timestamp": "2026-09-22T12:31:11.230282+00:00"}
{"asset": "BTC/USDT", "event": "stale_feed", "level": "WARNING", "stale_ratio": 0.75, "timestamp": "2026-09-22T12:31:12.242962+00:00"}
{"asset": "BTC/USDT", "event": "stale_feed", "level": "WARNING", "stale_ratio": 0.75, "timestamp": "2026-09-22T12:31:13.257822+00:00"}
{"asset": "BTC/USDT", "event": "stale_feed", "level": "WARNING", "stale_ratio": 0.75, "timestamp": "2026-09-22T12:31:14.259344+00:00"}
{"asset": "BTC/USDT", "event": "stale_feed", "level": "WARNING", "stale_ratio": 0.75, "timestamp": "2026-09-22T12:31:15.262930+00:00"}
{"asset": "ETH/USDT", "event": "stale_feed", "level": "WARNING", "stale_ratio": 0.75, "timestamp": "2026-09-22T12:31:16.278207+00:00"}
{"asset": "ETH/USDT", "event": "stale_feed", "level": "WARNING", "stale_ratio": 0.75, "timestamp": "2026-09-22T12:31:17.303214+00:00"}
{"asset": "BTC/USDT", "event": "stale_feed", "level": "WARNING", "stale_ratio": 0.75, "timestamp": "2026-09-22T12:31:18.304967+00:00"}
{"asset": "ETH/USDT", "event": "stale_feed", "level": "WARNING", "stale_ratio": 0.75, "timestamp": "2026-09-22T12:31:19.293579+00:00"}
{"asset": "BTC/USDT", "event": "stale_feed", "level": "WARNING", "stale_ratio": 0.75, "timestamp": "2026-09-22T12:31:20.326371+00:00"}
{"asset": "BTC/USDT", "event": "stale_feed", "level": "WARNING", "stale_ratio": 0.75, "timestamp": "2026-09-22T12:31:21.328980+00:00"}
{"asset": "BTC/USDT", "event": "stale_feed", "level": "WARNING", "stale_ratio": 0.75, "timestamp": "2026-09-22T12:31:22.320067+00:00"}
{"asset": "ETH/USDT", "event": "stale_feed", "level": "WARNING", "stale_ratio": 0.75, "timestamp": "2026-09-22T12:31:23.347630+00:00"}
{"asset": "BTC/USDT", "event": "stale_feed", "level": "WARNING", "stale_ratio": 0.75, "timestamp": "2026-09-22T12:31:24.356147+00:00"}
{"asset": "BTC/USDT", "event": "stale_feed", "level": "WARNING", "stale_ratio": 0.75, "timestamp": "2026-09-22T12:31:25.361005+00:00"}
{"asset": "BTC/USDT", "event": "stale_feed", "level": "WARNING", "stale_ratio": 0.75, "timestamp": "2026-09-22T12:31:26.364789+00:00"}
{"asset": "BTC/USDT", "event": "stale_feed", "level": "WARNING", "stale_ratio": 0.75, "timestamp": "2026-09-22T12:31:27.364417+00:00"}
{"asset": "BTC/USDT", "event": "stale_feed", "level": "WARNING", "stale_ratio": 0.75, "timestamp": "2026-09-22T12:31:28.390119+00:00"}
{"asset": "BTC/USDT", "event": "stale_feed", "level": "WARNING", "stale_ratio": 0.75, "timestamp": "2026-09-22T12:31:29.391499+00:00"}
{"asset": "BTC/USDT", "event": "stale_feed", "level": "WARNING", "stale_ratio": 0.75, "timestamp": "2026-09-22T12:31:30.405222+00:00"}
{"asset": "ETH/USDT", "event": "stale_feed", "level": "WARNING", "stale_ratio": 0.75, "timestamp": "2026-09-22T12:31:31.407022+00:00"}
{"asset": "BTC/USDT", "event": "stale_feed", "level": "WARNING", "stale_ratio": 0.75, "timestamp": "2026-09-22T12:31:32.424858+00:00"}
{"asset": "BTC/USDT", "event": "stale_feed", "level": "WARNING", "stale_ratio": 0.75, "timestamp": "2026-09-22T12:31:33.446792+00:00"}
{"asset": "BTC/USDT", "event": "stale_feed", "level": "WARNING", "stale_ratio": 0.75, "timestamp": "2026-09-22T12:31:34.451972+00:00"}
{"asset": "ETH/USDT", "event": "stale_feed", "level": "WARNING", "stale_ratio": 0.75, "timestamp": "2026-09-22T12:31:35.435918+00:00"}
{"asset": "BTC/USDT", "event": "stale_feed", "level": "WARNING", "stale_ratio": 0.75, "timestamp": "2026-09-22T12:31:36.465997+00:00"}
{"asset": "ETH/USDT", "event": "stale_feed", "level": "WARNING", "stale_ratio": 0.75, "timestamp": "2026-09-22T12:31:37.449644+00:00"}
{"asset": "ETH/USDT", "event": "stale_feed", "level": "WARNING", "stale_ratio": 0.75, "timestamp": "2026-09-22T12:31:38.474642+00:00"}
{"asset": "ETH/USDT", "event": "stale_feed", "level": "WARNING", "stale_ratio": 0.75, "timestamp": "2026-09-22T12:31:39.477693+00:00"}
{"asset": "BTC/USDT", "event": "stale_feed", "level": "WARNING", "stale_ratio": 0.75, "timestamp": "2026-09-22T12:31:40.526359+00:00"}
{"asset": "BTC/USDT", "event": "stale_feed", "level": "WARNING", "stale_ratio": 0.75, "timestamp": "2026-09-22T12:31:41.529827+00:00"}
{"asset": "BTC/USDT", "event": "stale_feed", "level": "WARNING", "stale_ratio": 0.75, "timestamp": "2026-09-22T12:31:42.536649+00:00"}
{"asset": "BTC/USDT", "event": "stale_feed", "level": "WARNING", "stale_ratio": 0.75, "timestamp": "2026-09-22T12:31:43.545780+00:00"}
{"asset": "BTC/USDT", "event": "stale_feed", "level": "WARNING", "stale_ratio": 0.75, "timestamp": "2026-09-22T12:31:44.558994+00:00"}
{"asset": "BTC/USDT", "event": "stale_feed", "level": "WARNING", "stale_ratio": 0.75, "timestamp": "2026-09-22T12:31:45.547941+00:00"}
{"asset": "BTC/USDT", "event": "rest_reconciliation", "level": "INFO", "source": "derivatives", "timestamp": "2026-09-22T12:31:45.578224+00:00"}
{"asset": "BTC/USDT", "event": "stale_feed", "level": "WARNING", "stale_ratio": 0.5, "timestamp": "2026-09-22T12:31:46.563417+00:00"}
{"asset": "ETH/USDT", "event": "rest_reconciliation", "level": "INFO", "source": "derivatives", "timestamp": "2026-09-22T12:31:46.792276+00:00"}
{"asset": "ETH/USDT", "event": "stale_feed", "level": "WARNING", "stale_ratio": 0.5, "timestamp": "2026-09-22T12:31:47.546353+00:00"}
{"asset": "BTC/USDT", "event": "stale_feed", "level": "WARNING", "stale_ratio": 0.5, "timestamp": "2026-09-22T12:31:48.560440+00:00"}
{"asset": "BTC/USDT", "event": "stale_feed", "level": "WARNING", "stale_ratio": 0.5, "timestamp": "2026-09-22T12:31:49.562310+00:00"}
{"asset": "ETH/USDT", "event": "stale_feed", "level": "WARNING", "stale_ratio": 0.5, "timestamp": "2026-09-22T12:31:50.553952+00:00"}
{"asset": "ETH/USDT", "event": "stale_feed", "level": "WARNING", "stale_ratio": 0.75, "timestamp": "2026-09-22T12:31:51.572880+00:00"}
{"asset": "BTC/USDT", "event": "stale_feed", "level": "WARNING", "stale_ratio": 0.75, "timestamp": "2026-09-22T12:31:52.582712+00:00"}
{"asset": "BTC/USDT", "event": "stale_feed", "level": "WARNING", "stale_ratio": 0.75, "timestamp": "2026-09-22T12:31:53.586299+00:00"}
{"asset": "BTC/USDT", "event": "stale_feed", "level": "WARNING", "stale_ratio": 0.75, "timestamp": "2026-09-22T12:31:54.595450+00:00"}
{"asset": "BTC/USDT", "event": "stale_feed", "level": "WARNING", "stale_ratio": 0.75, "timestamp": "2026-09-22T12:31:55.611361+00:00"}
{"asset": "BTC/USDT", "event": "stale_feed", "level": "WARNING", "stale_ratio": 0.75, "timestamp": "2026-09-22T12:31:56.620080+00:00"}
{"asset": "BTC/USDT", "event": "stale_feed", "level": "WARNING", "stale_ratio": 0.75, "timestamp": "2026-09-22T12:31:57.621974+00:00"}
{"asset": "ETH/USDT", "event": "stale_feed", "level": "WARNING", "stale_ratio": 0.75, "timestamp": "2026-09-22T12:31:58.619693+00:00"}
{"asset": "ETH/USDT", "event": "stale_feed", "level": "WARNING", "stale_ratio": 0.75, "timestamp": "2026-09-22T12:31:59.622114+00:00"}
{"asset": "BTC/USDT", "event": "stale_feed", "level": "WARNING", "stale_ratio": 0.75, "timestamp": "2026-09-22T12:32:00.642665+00:00"}
{"asset": "BTC/USDT", "event": "stale_feed", "level": "WARNING", "stale_ratio": 0.75, "timestamp": "2026-09-22T12:32:01.646017+00:00"}
{"asset": "BTC/USDT", "event": "stale_feed", "level": "WARNING", "stale_ratio": 0.75, "timestamp": "2026-09-22T12:32:02.658527+00:00"}
{"asset": "BTC/USDT", "event": "stale_feed", "level": "WARNING", "stale_ratio": 0.75, "timestamp": "2026-09-22T12:32:03.664579+00:00"}
{"asset": "ETH/USDT", "event": "stale_feed", "level": "WARNING", "stale_ratio": 0.75, "timestamp": "2026-09-22T12:32:04.664391+00:00"}
{"asset": "ETH/USDT", "event": "stale_feed", "level": "WARNING", "stale_ratio": 0.75, "timestamp": "2026-09-22T12:32:05.671403+00:00"}
{"asset": "ETH/USDT", "event": "stale_feed", "level": "WARNING", "stale_ratio": 0.75, "timestamp": "2026-09-22T12:32:06.671363+00:00"}
{"asset": "BTC/USDT", "event": "stale_feed", "level": "WARNING", "stale_ratio": 0.75, "timestamp": "2026-09-22T12:32:07.681384+00:00"}
{"asset": "BTC/USDT", "event": "stale_feed", "level": "WARNING", "stale_ratio": 0.75, "timestamp": "2026-09-22T12:32:08.692217+00:00"}
{"asset": "ETH/USDT", "event": "stale_feed", "level": "WARNING", "stale_ratio": 0.75, "timestamp": "2026-09-22T12:32:09.690834+00:00"}
{"asset": "BTC/USDT", "event": "stale_feed", "level": "WARNING", "stale_ratio": 0.75, "timestamp": "2026-09-22T12:32:10.718512+00:00"}
{"asset": "ETH/USDT", "event": "stale_feed", "level": "WARNING", "stale_ratio": 0.75, "timestamp": "2026-09-22T12:32:11.721299+00:00"}
{"asset": "ETH/USDT", "event": "stale_feed", "level": "WARNING", "stale_ratio": 0.75, "timestamp": "2026-09-22T12:32:12.725586+00:00"}
{"asset": "BTC/USDT", "event": "stale_feed", "level": "WARNING", "stale_ratio": 0.75, "timestamp": "2026-09-22T12:32:13.758253+00:00"}
{"asset": "BTC/USDT", "event": "stale_feed", "level": "WARNING", "stale_ratio": 0.75, "timestamp": "2026-09-22T12:32:14.763610+00:00"}
{"asset": "ETH/USDT", "event": "stale_feed", "level": "WARNING", "stale_ratio": 0.75, "timestamp": "2026-09-22T12:32:15.769955+00:00"}
{"asset": "BTC/USDT", "event": "stale_feed", "level": "WARNING", "stale_ratio": 0.75, "timestamp": "2026-09-22T12:32:16.783340+00:00"}
{"asset": "ETH/USDT", "event": "stale_feed", "level": "WARNING", "stale_ratio": 0.75, "timestamp": "2026-09-22T12:32:17.774195+00:00"}
{"asset": "BTC/USDT", "event": "stale_feed", "level": "WARNING", "stale_ratio": 0.75, "timestamp": "2026-09-22T12:32:18.776592+00:00"}
{"asset": "BTC/USDT", "event": "stale_feed", "level": "WARNING", "stale_ratio": 0.75, "timestamp": "2026-09-22T12:32:19.777258+00:00"}
{"asset": "BTC/USDT", "event": "stale_feed", "level": "WARNING", "stale_ratio": 0.75, "timestamp": "2026-09-22T12:32:20.791017+00:00"}
{"asset": "BTC/USDT", "event": "stale_feed", "level": "WARNING", "stale_ratio": 0.75, "timestamp": "2026-09-22T12:32:21.795908+00:00"}
{"asset": "BTC/USDT", "event": "stale_feed", "level": "WARNING", "stale_ratio": 0.75, "timestamp": "2026-09-22T12:32:22.808055+00:00"}
{"asset": "BTC/USDT", "event": "stale_feed", "level": "WARNING", "stale_ratio": 0.75, "timestamp": "2026-09-22T12:32:23.809429+00:00"}
{"asset": "BTC/USDT", "event": "stale_feed", "level": "WARNING", "stale_ratio": 0.75, "timestamp": "2026-09-22T12:32:24.815344+00:00"}
{"asset": "BTC/USDT", "event": "stale_feed", "level": "WARNING", "stale_ratio": 0.75, "timestamp": "2026-09-22T12:32:25.827094+00:00"}
{"asset": "BTC/USDT", "event": "stale_feed", "level": "WARNING", "stale_ratio": 0.75, "timestamp": "2026-09-22T12:32:26.834079+00:00"}
{"asset": "ETH/USDT", "event": "stale_feed", "level": "WARNING", "stale_ratio": 0.75, "timestamp": "2026-09-22T12:32:27.822564+00:00"}
{"asset": "BTC/USDT", "event": "stale_feed", "level": "WARNING", "stale_ratio": 0.75, "timestamp": "2026-09-22T12:32:28.851781+00:00"}
{"asset": "BTC/USDT", "event": "stale_feed", "level": "WARNING", "stale_ratio": 0.75, "timestamp": "2026-09-22T12:32:29.857998+00:00"}
{"asset": "BTC/USDT", "event": "stale_feed", "level": "WARNING", "stale_ratio": 0.75, "timestamp": "2026-09-22T12:32:30.871234+00:00"}
{"asset": "ETH/USDT", "event": "stale_feed", "level": "WARNING", "stale_ratio": 0.75, "timestamp": "2026-09-22T12:32:31.873298+00:00"}
{"asset": "BTC/USDT", "event": "stale_feed", "level": "WARNING", "stale_ratio": 0.75, "timestamp": "2026-09-22T12:32:32.905498+00:00"}
{"asset": "ETH/USDT", "event": "stale_feed", "level": "WARNING", "stale_ratio": 0.75, "timestamp": "2026-09-22T12:32:33.885704+00:00"}
{"asset": "ETH/USDT", "event": "stale_feed", "level": "WARNING", "stale_ratio": 0.75, "timestamp": "2026-09-22T12:32:34.904367+00:00"}
{"asset": "ETH/USDT", "event": "stale_feed", "level": "WARNING", "stale_ratio": 0.75, "timestamp": "2026-09-22T12:32:35.902280+00:00"}
{"asset": "ETH/USDT", "event": "stale_feed", "level": "WARNING", "stale_ratio": 0.75, "timestamp": "2026-09-22T12:32:36.904944+00:00"}
{"event": "feed_reconnect", "level": "WARNING", "reconnects": 8, "timestamp": "2026-09-22T12:32:39.678880+00:00"}
{"asset": "BTC/USDT", "event": "stale_feed", "level": "WARNING", "stale_ratio": 0.75, "timestamp": "2026-09-22T12:32:39.759659+00:00"}
{"current": "DEGRADED", "event": "health_transition", "level": "WARNING", "previous": "HEALTHY", "reason": "sequence_gap", "timestamp": "2026-09-22T12:32:39.820638+00:00"}
{"asset": "BTC/USDT", "event": "sequence_gap", "first": 100495808513, "last": 100495808576, "level": "WARNING", "timestamp": "2026-09-22T12:32:39.820689+00:00"}
{"asset": "BTC/USDT", "event": "book_invalidation", "level": "WARNING", "timestamp": "2026-09-22T12:32:39.820712+00:00"}
{"current": "HEALTHY", "event": "health_transition", "level": "INFO", "previous": "DEGRADED", "reason": "book_resync", "timestamp": "2026-09-22T12:32:40.152725+00:00"}
{"asset": "BTC/USDT", "event": "book_resync", "level": "INFO", "sequence": 100495808787, "timestamp": "2026-09-22T12:32:40.152828+00:00"}
{"current": "DEGRADED", "event": "health_transition", "level": "WARNING", "previous": "HEALTHY", "reason": "sequence_gap", "timestamp": "2026-09-22T12:32:40.199614+00:00"}
{"asset": "ETH/USDT", "event": "sequence_gap", "first": 81326796987, "last": 81326797015, "level": "WARNING", "timestamp": "2026-09-22T12:32:40.199707+00:00"}
{"asset": "ETH/USDT", "event": "book_invalidation", "level": "WARNING", "timestamp": "2026-09-22T12:32:40.199751+00:00"}
{"current": "HEALTHY", "event": "health_transition", "level": "INFO", "previous": "DEGRADED", "reason": "book_resync", "timestamp": "2026-09-22T12:32:41.483572+00:00"}
{"asset": "ETH/USDT", "event": "book_resync", "level": "INFO", "sequence": 81326799126, "timestamp": "2026-09-22T12:32:41.483741+00:00"}
{"asset": "BTC/USDT", "event": "stale_feed", "level": "WARNING", "stale_ratio": 0.5, "timestamp": "2026-09-22T12:32:41.576615+00:00"}
{"asset": "ETH/USDT", "event": "stale_feed", "level": "WARNING", "stale_ratio": 0.25, "timestamp": "2026-09-22T12:32:42.542765+00:00"}
{"asset": "BTC/USDT", "event": "stale_feed", "level": "WARNING", "stale_ratio": 0.25, "timestamp": "2026-09-22T12:32:43.561635+00:00"}
{"asset": "ETH/USDT", "event": "stale_feed", "level": "WARNING", "stale_ratio": 0.25, "timestamp": "2026-09-22T12:32:44.562665+00:00"}
{"asset": "ETH/USDT", "event": "stale_feed", "level": "WARNING", "stale_ratio": 0.5, "timestamp": "2026-09-22T12:32:45.565495+00:00"}
{"asset": "BTC/USDT", "event": "rest_reconciliation", "level": "INFO", "source": "derivatives", "timestamp": "2026-09-22T12:32:45.626898+00:00"}
{"asset": "ETH/USDT", "event": "stale_feed", "level": "WARNING", "stale_ratio": 0.75, "timestamp": "2026-09-22T12:32:46.572795+00:00"}
{"asset": "ETH/USDT", "event": "rest_reconciliation", "level": "INFO", "source": "derivatives", "timestamp": "2026-09-22T12:32:46.837492+00:00"}
{"asset": "BTC/USDT", "event": "stale_feed", "level": "WARNING", "stale_ratio": 0.5, "timestamp": "2026-09-22T12:32:47.589261+00:00"}
{"asset": "BTC/USDT", "event": "stale_feed", "level": "WARNING", "stale_ratio": 0.5, "timestamp": "2026-09-22T12:32:48.591773+00:00"}
{"asset": "BTC/USDT", "event": "stale_feed", "level": "WARNING", "stale_ratio": 0.5, "timestamp": "2026-09-22T12:32:49.603621+00:00"}
{"asset": "BTC/USDT", "event": "stale_feed", "level": "WARNING", "stale_ratio": 0.75, "timestamp": "2026-09-22T12:32:50.618450+00:00"}
{"asset": "BTC/USDT", "event": "stale_feed", "level": "WARNING", "stale_ratio": 0.75, "timestamp": "2026-09-22T12:32:51.630644+00:00"}
{"asset": "BTC/USDT", "event": "stale_feed", "level": "WARNING", "stale_ratio": 0.75, "timestamp": "2026-09-22T12:32:52.770053+00:00"}
{"asset": "BTC/USDT", "event": "stale_feed", "level": "WARNING", "stale_ratio": 0.75, "timestamp": "2026-09-22T12:32:53.779246+00:00"}
{"asset": "BTC/USDT", "event": "stale_feed", "level": "WARNING", "stale_ratio": 0.75, "timestamp": "2026-09-22T12:32:54.783315+00:00"}
{"asset": "ETH/USDT", "event": "stale_feed", "level": "WARNING", "stale_ratio": 0.75, "timestamp": "2026-09-22T12:32:55.780298+00:00"}
{"asset": "BTC/USDT", "event": "stale_feed", "level": "WARNING", "stale_ratio": 0.75, "timestamp": "2026-09-22T12:32:56.792622+00:00"}
{"asset": "ETH/USDT", "event": "stale_feed", "level": "WARNING", "stale_ratio": 0.75, "timestamp": "2026-09-22T12:32:57.791805+00:00"}
{"asset": "BTC/USDT", "event": "stale_feed", "level": "WARNING", "stale_ratio": 0.75, "timestamp": "2026-09-22T12:32:58.805575+00:00"}
{"asset": "BTC/USDT", "event": "stale_feed", "level": "WARNING", "stale_ratio": 0.75, "timestamp": "2026-09-22T12:32:59.828413+00:00"}
{"asset": "BTC/USDT", "event": "stale_feed", "level": "WARNING", "stale_ratio": 0.75, "timestamp": "2026-09-22T12:33:00.850162+00:00"}
{"asset": "ETH/USDT", "event": "stale_feed", "level": "WARNING", "stale_ratio": 0.75, "timestamp": "2026-09-22T12:33:01.833641+00:00"}
{"asset": "ETH/USDT", "event": "stale_feed", "level": "WARNING", "stale_ratio": 0.75, "timestamp": "2026-09-22T12:33:02.850962+00:00"}
{"asset": "BTC/USDT", "event": "stale_feed", "level": "WARNING", "stale_ratio": 0.75, "timestamp": "2026-09-22T12:33:03.876484+00:00"}
{"asset": "BTC/USDT", "event": "stale_feed", "level": "WARNING", "stale_ratio": 0.75, "timestamp": "2026-09-22T12:33:04.885657+00:00"}
{"asset": "BTC/USDT", "event": "stale_feed", "level": "WARNING", "stale_ratio": 0.75, "timestamp": "2026-09-22T12:33:05.900703+00:00"}
{"asset": "BTC/USDT", "event": "stale_feed", "level": "WARNING", "stale_ratio": 0.75, "timestamp": "2026-09-22T12:33:06.917217+00:00"}
{"asset": "ETH/USDT", "event": "stale_feed", "level": "WARNING", "stale_ratio": 0.75, "timestamp": "2026-09-22T12:33:07.908466+00:00"}
{"asset": "BTC/USDT", "event": "stale_feed", "level": "WARNING", "stale_ratio": 0.75, "timestamp": "2026-09-22T12:33:08.934279+00:00"}
{"asset": "BTC/USDT", "event": "stale_feed", "level": "WARNING", "stale_ratio": 0.75, "timestamp": "2026-09-22T12:33:09.942464+00:00"}
{"asset": "ETH/USDT", "event": "stale_feed", "level": "WARNING", "stale_ratio": 0.75, "timestamp": "2026-09-22T12:33:10.943325+00:00"}
{"asset": "BTC/USDT", "event": "stale_feed", "level": "WARNING", "stale_ratio": 0.75, "timestamp": "2026-09-22T12:33:11.954383+00:00"}
{"asset": "ETH/USDT", "event": "stale_feed", "level": "WARNING", "stale_ratio": 0.75, "timestamp": "2026-09-22T12:33:12.954310+00:00"}
{"asset": "BTC/USDT", "event": "stale_feed", "level": "WARNING", "stale_ratio": 0.75, "timestamp": "2026-09-22T12:33:13.981869+00:00"}
{"asset": "BTC/USDT", "event": "stale_feed", "level": "WARNING", "stale_ratio": 0.75, "timestamp": "2026-09-22T12:33:15.000204+00:00"}
{"asset": "BTC/USDT", "event": "stale_feed", "level": "WARNING", "stale_ratio": 0.75, "timestamp": "2026-09-22T12:33:16.002755+00:00"}
{"asset": "BTC/USDT", "event": "stale_feed", "level": "WARNING", "stale_ratio": 0.75, "timestamp": "2026-09-22T12:33:17.006844+00:00"}
{"asset": "BTC/USDT", "event": "stale_feed", "level": "WARNING", "stale_ratio": 0.75, "timestamp": "2026-09-22T12:33:18.012448+00:00"}
{"asset": "BTC/USDT", "event": "stale_feed", "level": "WARNING", "stale_ratio": 0.75, "timestamp": "2026-09-22T12:33:19.029153+00:00"}
{"asset": "BTC/USDT", "event": "stale_feed", "level": "WARNING", "stale_ratio": 0.75, "timestamp": "2026-09-22T12:33:20.035305+00:00"}
{"asset": "BTC/USDT", "event": "stale_feed", "level": "WARNING", "stale_ratio": 0.75, "timestamp": "2026-09-22T12:33:21.057435+00:00"}
{"asset": "BTC/USDT", "event": "stale_feed", "level": "WARNING", "stale_ratio": 0.75, "timestamp": "2026-09-22T12:33:22.055953+00:00"}
{"asset": "BTC/USDT", "event": "stale_feed", "level": "WARNING", "stale_ratio": 0.75, "timestamp": "2026-09-22T12:33:23.058070+00:00"}
{"asset": "ETH/USDT", "event": "stale_feed", "level": "WARNING", "stale_ratio": 0.75, "timestamp": "2026-09-22T12:33:24.067402+00:00"}
{"asset": "ETH/USDT", "event": "stale_feed", "level": "WARNING", "stale_ratio": 0.75, "timestamp": "2026-09-22T12:33:25.063149+00:00"}
{"asset": "BTC/USDT", "event": "stale_feed", "level": "WARNING", "stale_ratio": 0.75, "timestamp": "2026-09-22T12:33:26.088292+00:00"}
{"asset": "BTC/USDT", "event": "stale_feed", "level": "WARNING", "stale_ratio": 0.75, "timestamp": "2026-09-22T12:33:27.094042+00:00"}
{"asset": "BTC/USDT", "event": "stale_feed", "level": "WARNING", "stale_ratio": 0.75, "timestamp": "2026-09-22T12:33:28.098174+00:00"}
{"asset": "BTC/USDT", "event": "stale_feed", "level": "WARNING", "stale_ratio": 0.75, "timestamp": "2026-09-22T12:33:29.119230+00:00"}
{"asset": "BTC/USDT", "event": "stale_feed", "level": "WARNING", "stale_ratio": 0.75, "timestamp": "2026-09-22T12:33:30.124687+00:00"}
{"asset": "BTC/USDT", "event": "stale_feed", "level": "WARNING", "stale_ratio": 0.75, "timestamp": "2026-09-22T12:33:31.143594+00:00"}
{"asset": "ETH/USDT", "event": "stale_feed", "level": "WARNING", "stale_ratio": 0.75, "timestamp": "2026-09-22T12:33:32.146186+00:00"}
{"asset": "BTC/USDT", "event": "stale_feed", "level": "WARNING", "stale_ratio": 0.75, "timestamp": "2026-09-22T12:33:33.162010+00:00"}
{"asset": "BTC/USDT", "event": "stale_feed", "level": "WARNING", "stale_ratio": 0.75, "timestamp": "2026-09-22T12:33:34.178607+00:00"}
{"asset": "ETH/USDT", "event": "stale_feed", "level": "WARNING", "stale_ratio": 0.75, "timestamp": "2026-09-22T12:33:35.187587+00:00"}
{"asset": "ETH/USDT", "event": "stale_feed", "level": "WARNING", "stale_ratio": 0.75, "timestamp": "2026-09-22T12:33:36.205988+00:00"}
{"asset": "BTC/USDT", "event": "stale_feed", "level": "WARNING", "stale_ratio": 0.75, "timestamp": "2026-09-22T12:33:37.234531+00:00"}
{"asset": "ETH/USDT", "event": "stale_feed", "level": "WARNING", "stale_ratio": 0.75, "timestamp": "2026-09-22T12:33:38.230667+00:00"}
{"asset": "ETH/USDT", "event": "stale_feed", "level": "WARNING", "stale_ratio": 0.75, "timestamp": "2026-09-22T12:33:39.257759+00:00"}
{"asset": "BTC/USDT", "event": "stale_feed", "level": "WARNING", "stale_ratio": 0.75, "timestamp": "2026-09-22T12:33:40.287347+00:00"}
{"asset": "BTC/USDT", "event": "stale_feed", "level": "WARNING", "stale_ratio": 0.75, "timestamp": "2026-09-22T12:33:41.286160+00:00"}
{"asset": "ETH/USDT", "event": "stale_feed", "level": "WARNING", "stale_ratio": 0.75, "timestamp": "2026-09-22T12:33:42.276885+00:00"}
{"asset": "ETH/USDT", "event": "stale_feed", "level": "WARNING", "stale_ratio": 0.75, "timestamp": "2026-09-22T12:33:43.293339+00:00"}
{"asset": "BTC/USDT", "event": "stale_feed", "level": "WARNING", "stale_ratio": 0.75, "timestamp": "2026-09-22T12:33:44.310317+00:00"}
{"asset": "BTC/USDT", "event": "stale_feed", "level": "WARNING", "stale_ratio": 0.75, "timestamp": "2026-09-22T12:33:45.319407+00:00"}
{"asset": "BTC/USDT", "event": "rest_reconciliation", "level": "INFO", "source": "derivatives", "timestamp": "2026-09-22T12:33:45.639522+00:00"}
{"asset": "BTC/USDT", "event": "stale_feed", "level": "WARNING", "stale_ratio": 0.5, "timestamp": "2026-09-22T12:33:46.520684+00:00"}
{"asset": "ETH/USDT", "event": "rest_reconciliation", "level": "INFO", "source": "derivatives", "timestamp": "2026-09-22T12:33:46.900823+00:00"}
{"asset": "ETH/USDT", "event": "stale_feed", "level": "WARNING", "stale_ratio": 0.5, "timestamp": "2026-09-22T12:33:47.497282+00:00"}
{"asset": "BTC/USDT", "event": "stale_feed", "level": "WARNING", "stale_ratio": 0.5, "timestamp": "2026-09-22T12:33:48.528449+00:00"}
{"asset": "BTC/USDT", "event": "stale_feed", "level": "WARNING", "stale_ratio": 0.5, "timestamp": "2026-09-22T12:33:49.539915+00:00"}
{"asset": "BTC/USDT", "event": "stale_feed", "level": "WARNING", "stale_ratio": 0.75, "timestamp": "2026-09-22T12:33:50.537944+00:00"}
{"asset": "BTC/USDT", "event": "stale_feed", "level": "WARNING", "stale_ratio": 0.75, "timestamp": "2026-09-22T12:33:51.560423+00:00"}
{"asset": "BTC/USDT", "event": "stale_feed", "level": "WARNING", "stale_ratio": 0.75, "timestamp": "2026-09-22T12:33:52.578396+00:00"}
{"asset": "ETH/USDT", "event": "stale_feed", "level": "WARNING", "stale_ratio": 0.75, "timestamp": "2026-09-22T12:33:53.576772+00:00"}
{"asset": "ETH/USDT", "event": "stale_feed", "level": "WARNING", "stale_ratio": 0.75, "timestamp": "2026-09-22T12:33:54.595448+00:00"}
{"asset": "BTC/USDT", "event": "stale_feed", "level": "WARNING", "stale_ratio": 0.75, "timestamp": "2026-09-22T12:33:55.608938+00:00"}
{"asset": "ETH/USDT", "event": "stale_feed", "level": "WARNING", "stale_ratio": 0.75, "timestamp": "2026-09-22T12:33:56.610484+00:00"}
{"asset": "BTC/USDT", "event": "stale_feed", "level": "WARNING", "stale_ratio": 0.75, "timestamp": "2026-09-22T12:33:57.624429+00:00"}
{"asset": "BTC/USDT", "event": "stale_feed", "level": "WARNING", "stale_ratio": 0.75, "timestamp": "2026-09-22T12:33:58.637220+00:00"}
{"asset": "ETH/USDT", "event": "stale_feed", "level": "WARNING", "stale_ratio": 0.75, "timestamp": "2026-09-22T12:33:59.623771+00:00"}
{"asset": "BTC/USDT", "event": "stale_feed", "level": "WARNING", "stale_ratio": 0.75, "timestamp": "2026-09-22T12:34:00.658536+00:00"}
{"asset": "BTC/USDT", "event": "stale_feed", "level": "WARNING", "stale_ratio": 0.75, "timestamp": "2026-09-22T12:34:01.672542+00:00"}
{"asset": "BTC/USDT", "event": "stale_feed", "level": "WARNING", "stale_ratio": 0.75, "timestamp": "2026-09-22T12:34:02.705827+00:00"}
{"asset": "BTC/USDT", "event": "stale_feed", "level": "WARNING", "stale_ratio": 0.75, "timestamp": "2026-09-22T12:34:03.702981+00:00"}
{"asset": "BTC/USDT", "event": "stale_feed", "level": "WARNING", "stale_ratio": 0.75, "timestamp": "2026-09-22T12:34:04.722177+00:00"}
{"asset": "ETH/USDT", "event": "stale_feed", "level": "WARNING", "stale_ratio": 0.75, "timestamp": "2026-09-22T12:34:05.717905+00:00"}
{"asset": "BTC/USDT", "event": "stale_feed", "level": "WARNING", "stale_ratio": 0.75, "timestamp": "2026-09-22T12:34:06.734841+00:00"}
{"asset": "ETH/USDT", "event": "stale_feed", "level": "WARNING", "stale_ratio": 0.75, "timestamp": "2026-09-22T12:34:07.758648+00:00"}
{"asset": "BTC/USDT", "event": "stale_feed", "level": "WARNING", "stale_ratio": 0.75, "timestamp": "2026-09-22T12:34:08.769715+00:00"}
{"asset": "BTC/USDT", "event": "stale_feed", "level": "WARNING", "stale_ratio": 0.75, "timestamp": "2026-09-22T12:34:09.785899+00:00"}
{"asset": "ETH/USDT", "event": "stale_feed", "level": "WARNING", "stale_ratio": 0.75, "timestamp": "2026-09-22T12:34:10.790800+00:00"}
{"asset": "BTC/USDT", "event": "stale_feed", "level": "WARNING", "stale_ratio": 0.75, "timestamp": "2026-09-22T12:34:11.813132+00:00"}
{"asset": "BTC/USDT", "event": "stale_feed", "level": "WARNING", "stale_ratio": 0.75, "timestamp": "2026-09-22T12:34:12.815068+00:00"}
{"asset": "BTC/USDT", "event": "stale_feed", "level": "WARNING", "stale_ratio": 0.75, "timestamp": "2026-09-22T12:34:13.822591+00:00"}
{"asset": "BTC/USDT", "event": "stale_feed", "level": "WARNING", "stale_ratio": 0.75, "timestamp": "2026-09-22T12:34:14.833428+00:00"}
{"asset": "BTC/USDT", "event": "stale_feed", "level": "WARNING", "stale_ratio": 0.75, "timestamp": "2026-09-22T12:34:15.841982+00:00"}
{"asset": "ETH/USDT", "event": "stale_feed", "level": "WARNING", "stale_ratio": 0.75, "timestamp": "2026-09-22T12:34:16.851308+00:00"}
{"asset": "BTC/USDT", "event": "stale_feed", "level": "WARNING", "stale_ratio": 0.75, "timestamp": "2026-09-22T12:34:17.864598+00:00"}
{"asset": "BTC/USDT", "event": "stale_feed", "level": "WARNING", "stale_ratio": 0.75, "timestamp": "2026-09-22T12:34:18.871841+00:00"}
{"asset": "BTC/USDT", "event": "stale_feed", "level": "WARNING", "stale_ratio": 0.75, "timestamp": "2026-09-22T12:34:19.898905+00:00"}
{"asset": "BTC/USDT", "event": "stale_feed", "level": "WARNING", "stale_ratio": 0.75, "timestamp": "2026-09-22T12:34:20.901500+00:00"}
{"asset": "BTC/USDT", "event": "stale_feed", "level": "WARNING", "stale_ratio": 0.75, "timestamp": "2026-09-22T12:34:21.900097+00:00"}
{"asset": "BTC/USDT", "event": "stale_feed", "level": "WARNING", "stale_ratio": 0.75, "timestamp": "2026-09-22T12:34:22.918781+00:00"}
{"asset": "BTC/USDT", "event": "stale_feed", "level": "WARNING", "stale_ratio": 0.75, "timestamp": "2026-09-22T12:34:23.934329+00:00"}
{"asset": "ETH/USDT", "event": "stale_feed", "level": "WARNING", "stale_ratio": 0.75, "timestamp": "2026-09-22T12:34:24.945875+00:00"}
{"asset": "ETH/USDT", "event": "stale_feed", "level": "WARNING", "stale_ratio": 0.75, "timestamp": "2026-09-22T12:34:25.963113+00:00"}
{"asset": "ETH/USDT", "event": "stale_feed", "level": "WARNING", "stale_ratio": 0.75, "timestamp": "2026-09-22T12:34:26.975274+00:00"}
{"asset": "ETH/USDT", "event": "stale_feed", "level": "WARNING", "stale_ratio": 0.75, "timestamp": "2026-09-22T12:34:27.972954+00:00"}
{"event": "feed_reconnect", "level": "WARNING", "reconnects": 9, "timestamp": "2026-09-22T12:34:30.349755+00:00"}
{"asset": "BTC/USDT", "event": "stale_feed", "level": "WARNING", "stale_ratio": 0.75, "timestamp": "2026-09-22T12:34:30.426085+00:00"}
{"asset": "BTC/USDT", "event": "stale_feed", "level": "WARNING", "stale_ratio": 0.75, "timestamp": "2026-09-22T12:34:31.405746+00:00"}
{"current": "DEGRADED", "event": "health_transition", "level": "WARNING", "previous": "HEALTHY", "reason": "sequence_gap", "timestamp": "2026-09-22T12:34:32.255980+00:00"}
{"asset": "BTC/USDT", "event": "sequence_gap", "first": 100495873217, "last": 100495873307, "level": "WARNING", "timestamp": "2026-09-22T12:34:32.256084+00:00"}
{"asset": "BTC/USDT", "event": "book_invalidation", "level": "WARNING", "timestamp": "2026-09-22T12:34:32.256117+00:00"}
{"current": "HEALTHY", "event": "health_transition", "level": "INFO", "previous": "DEGRADED", "reason": "book_resync", "timestamp": "2026-09-22T12:34:32.643511+00:00"}
{"asset": "BTC/USDT", "event": "book_resync", "level": "INFO", "sequence": 100495874048, "timestamp": "2026-09-22T12:34:32.643622+00:00"}
{"current": "DEGRADED", "event": "health_transition", "level": "WARNING", "previous": "HEALTHY", "reason": "sequence_gap", "timestamp": "2026-09-22T12:34:32.711728+00:00"}
{"asset": "ETH/USDT", "event": "sequence_gap", "first": 81326860096, "last": 81326860104, "level": "WARNING", "timestamp": "2026-09-22T12:34:32.711826+00:00"}
{"asset": "ETH/USDT", "event": "book_invalidation", "level": "WARNING", "timestamp": "2026-09-22T12:34:32.711861+00:00"}
{"current": "HEALTHY", "event": "health_transition", "level": "INFO", "previous": "DEGRADED", "reason": "book_resync", "timestamp": "2026-09-22T12:34:32.999054+00:00"}
{"asset": "ETH/USDT", "event": "book_resync", "level": "INFO", "sequence": 81326860541, "timestamp": "2026-09-22T12:34:32.999189+00:00"}
{"asset": "ETH/USDT", "event": "stale_feed", "level": "WARNING", "stale_ratio": 0.75, "timestamp": "2026-09-22T12:34:33.061227+00:00"}
{"asset": "BTC/USDT", "event": "stale_feed", "level": "WARNING", "stale_ratio": 0.25, "timestamp": "2026-09-22T12:34:33.744120+00:00"}
{"asset": "BTC/USDT", "event": "stale_feed", "level": "WARNING", "stale_ratio": 0.25, "timestamp": "2026-09-22T12:34:34.750293+00:00"}
{"asset": "BTC/USDT", "event": "stale_feed", "level": "WARNING", "stale_ratio": 0.5, "timestamp": "2026-09-22T12:34:35.820662+00:00"}
{"asset": "ETH/USDT", "event": "stale_feed", "level": "WARNING", "stale_ratio": 0.5, "timestamp": "2026-09-22T12:34:36.804348+00:00"}
{"asset": "BTC/USDT", "event": "stale_feed", "level": "WARNING", "stale_ratio": 0.75, "timestamp": "2026-09-22T12:34:37.820320+00:00"}
{"asset": "BTC/USDT", "event": "stale_feed", "level": "WARNING", "stale_ratio": 0.75, "timestamp": "2026-09-22T12:34:38.834811+00:00"}
{"asset": "BTC/USDT", "event": "stale_feed", "level": "WARNING", "stale_ratio": 0.75, "timestamp": "2026-09-22T12:34:39.853115+00:00"}
{"asset": "BTC/USDT", "event": "stale_feed", "level": "WARNING", "stale_ratio": 0.75, "timestamp": "2026-09-22T12:34:40.846560+00:00"}
{"asset": "BTC/USDT", "event": "stale_feed", "level": "WARNING", "stale_ratio": 0.75, "timestamp": "2026-09-22T12:34:41.867111+00:00"}
{"asset": "BTC/USDT", "event": "stale_feed", "level": "WARNING", "stale_ratio": 0.75, "timestamp": "2026-09-22T12:34:42.888319+00:00"}
{"asset": "BTC/USDT", "event": "stale_feed", "level": "WARNING", "stale_ratio": 0.75, "timestamp": "2026-09-22T12:34:43.880759+00:00"}
{"asset": "BTC/USDT", "event": "stale_feed", "level": "WARNING", "stale_ratio": 0.75, "timestamp": "2026-09-22T12:34:44.895667+00:00"}
{"asset": "BTC/USDT", "event": "rest_reconciliation", "level": "INFO", "source": "derivatives", "timestamp": "2026-09-22T12:34:45.656513+00:00"}
{"asset": "BTC/USDT", "event": "stale_feed", "level": "WARNING", "stale_ratio": 0.5, "timestamp": "2026-09-22T12:34:46.098654+00:00"}
{"asset": "ETH/USDT", "event": "rest_reconciliation", "level": "INFO", "source": "derivatives", "timestamp": "2026-09-22T12:34:46.927597+00:00"}
{"asset": "BTC/USDT", "event": "stale_feed", "level": "WARNING", "stale_ratio": 0.5, "timestamp": "2026-09-22T12:34:47.411281+00:00"}
{"asset": "ETH/USDT", "event": "stale_feed", "level": "WARNING", "stale_ratio": 0.5, "timestamp": "2026-09-22T12:34:48.396733+00:00"}
{"asset": "ETH/USDT", "event": "stale_feed", "level": "WARNING", "stale_ratio": 0.5, "timestamp": "2026-09-22T12:34:49.394116+00:00"}
{"asset": "BTC/USDT", "event": "stale_feed", "level": "WARNING", "stale_ratio": 0.75, "timestamp": "2026-09-22T12:34:50.417199+00:00"}
{"asset": "BTC/USDT", "event": "stale_feed", "level": "WARNING", "stale_ratio": 0.75, "timestamp": "2026-09-22T12:34:51.427730+00:00"}
{"asset": "ETH/USDT", "event": "stale_feed", "level": "WARNING", "stale_ratio": 0.75, "timestamp": "2026-09-22T12:34:52.421484+00:00"}
{"asset": "ETH/USDT", "event": "stale_feed", "level": "WARNING", "stale_ratio": 0.75, "timestamp": "2026-09-22T12:34:53.433793+00:00"}
{"asset": "BTC/USDT", "event": "stale_feed", "level": "WARNING", "stale_ratio": 0.75, "timestamp": "2026-09-22T12:34:54.454001+00:00"}
{"asset": "BTC/USDT", "event": "stale_feed", "level": "WARNING", "stale_ratio": 0.75, "timestamp": "2026-09-22T12:34:55.453281+00:00"}
{"asset": "ETH/USDT", "event": "stale_feed", "level": "WARNING", "stale_ratio": 0.75, "timestamp": "2026-09-22T12:34:56.463496+00:00"}
{"asset": "BTC/USDT", "event": "stale_feed", "level": "WARNING", "stale_ratio": 0.75, "timestamp": "2026-09-22T12:34:57.477702+00:00"}
{"asset": "ETH/USDT", "event": "stale_feed", "level": "WARNING", "stale_ratio": 0.75, "timestamp": "2026-09-22T12:34:58.481398+00:00"}
{"asset": "ETH/USDT", "event": "stale_feed", "level": "WARNING", "stale_ratio": 0.75, "timestamp": "2026-09-22T12:34:59.479305+00:00"}
{"asset": "ETH/USDT", "event": "stale_feed", "level": "WARNING", "stale_ratio": 0.75, "timestamp": "2026-09-22T12:35:00.486045+00:00"}
{"asset": "BTC/USDT", "event": "stale_feed", "level": "WARNING", "stale_ratio": 0.75, "timestamp": "2026-09-22T12:35:01.500349+00:00"}
{"asset": "BTC/USDT", "event": "stale_feed", "level": "WARNING", "stale_ratio": 0.75, "timestamp": "2026-09-22T12:35:02.507375+00:00"}
{"asset": "BTC/USDT", "event": "stale_feed", "level": "WARNING", "stale_ratio": 0.75, "timestamp": "2026-09-22T12:35:03.527800+00:00"}
{"asset": "BTC/USDT", "event": "stale_feed", "level": "WARNING", "stale_ratio": 0.75, "timestamp": "2026-09-22T12:35:04.534283+00:00"}
{"asset": "BTC/USDT", "event": "stale_feed", "level": "WARNING", "stale_ratio": 0.75, "timestamp": "2026-09-22T12:35:05.533843+00:00"}
{"asset": "ETH/USDT", "event": "stale_feed", "level": "WARNING", "stale_ratio": 0.75, "timestamp": "2026-09-22T12:35:06.525855+00:00"}
{"asset": "ETH/USDT", "event": "stale_feed", "level": "WARNING", "stale_ratio": 0.75, "timestamp": "2026-09-22T12:35:07.543447+00:00"}
{"asset": "ETH/USDT", "event": "stale_feed", "level": "WARNING", "stale_ratio": 0.75, "timestamp": "2026-09-22T12:35:08.541236+00:00"}
{"asset": "ETH/USDT", "event": "stale_feed", "level": "WARNING", "stale_ratio": 0.75, "timestamp": "2026-09-22T12:35:09.584316+00:00"}
{"asset": "BTC/USDT", "event": "stale_feed", "level": "WARNING", "stale_ratio": 0.75, "timestamp": "2026-09-22T12:35:10.587403+00:00"}
{"asset": "ETH/USDT", "event": "stale_feed", "level": "WARNING", "stale_ratio": 0.75, "timestamp": "2026-09-22T12:35:11.580847+00:00"}
{"asset": "ETH/USDT", "event": "stale_feed", "level": "WARNING", "stale_ratio": 0.75, "timestamp": "2026-09-22T12:35:12.583550+00:00"}
{"asset": "ETH/USDT", "event": "stale_feed", "level": "WARNING", "stale_ratio": 0.75, "timestamp": "2026-09-22T12:35:13.600776+00:00"}
{"asset": "BTC/USDT", "event": "stale_feed", "level": "WARNING", "stale_ratio": 0.75, "timestamp": "2026-09-22T12:35:14.641818+00:00"}
{"asset": "BTC/USDT", "event": "stale_feed", "level": "WARNING", "stale_ratio": 0.75, "timestamp": "2026-09-22T12:35:15.642224+00:00"}
{"asset": "BTC/USDT", "event": "stale_feed", "level": "WARNING", "stale_ratio": 0.75, "timestamp": "2026-09-22T12:35:16.646268+00:00"}
{"asset": "ETH/USDT", "event": "stale_feed", "level": "WARNING", "stale_ratio": 0.75, "timestamp": "2026-09-22T12:35:17.633790+00:00"}
{"asset": "BTC/USDT", "event": "stale_feed", "level": "WARNING", "stale_ratio": 0.75, "timestamp": "2026-09-22T12:35:18.653149+00:00"}
{"asset": "BTC/USDT", "event": "stale_feed", "level": "WARNING", "stale_ratio": 0.75, "timestamp": "2026-09-22T12:35:19.681159+00:00"}
{"asset": "ETH/USDT", "event": "stale_feed", "level": "WARNING", "stale_ratio": 0.75, "timestamp": "2026-09-22T12:35:20.674249+00:00"}
{"asset": "BTC/USDT", "event": "stale_feed", "level": "WARNING", "stale_ratio": 0.75, "timestamp": "2026-09-22T12:35:21.689126+00:00"}
{"asset": "BTC/USDT", "event": "stale_feed", "level": "WARNING", "stale_ratio": 0.75, "timestamp": "2026-09-22T12:35:22.694987+00:00"}
{"asset": "BTC/USDT", "event": "stale_feed", "level": "WARNING", "stale_ratio": 0.75, "timestamp": "2026-09-22T12:35:23.691679+00:00"}
{"asset": "BTC/USDT", "event": "stale_feed", "level": "WARNING", "stale_ratio": 0.75, "timestamp": "2026-09-22T12:35:24.697186+00:00"}
{"asset": "ETH/USDT", "event": "stale_feed", "level": "WARNING", "stale_ratio": 0.75, "timestamp": "2026-09-22T12:35:25.684542+00:00"}
{"asset": "BTC/USDT", "event": "stale_feed", "level": "WARNING", "stale_ratio": 0.75, "timestamp": "2026-09-22T12:35:26.706975+00:00"}
{"asset": "ETH/USDT", "event": "stale_feed", "level": "WARNING", "stale_ratio": 0.75, "timestamp": "2026-09-22T12:35:27.705844+00:00"}
{"asset": "BTC/USDT", "event": "stale_feed", "level": "WARNING", "stale_ratio": 0.75, "timestamp": "2026-09-22T12:35:28.742855+00:00"}
{"asset": "BTC/USDT", "event": "stale_feed", "level": "WARNING", "stale_ratio": 0.75, "timestamp": "2026-09-22T12:35:29.750309+00:00"}
{"asset": "BTC/USDT", "event": "stale_feed", "level": "WARNING", "stale_ratio": 0.75, "timestamp": "2026-09-22T12:35:30.760523+00:00"}
{"asset": "BTC/USDT", "event": "stale_feed", "level": "WARNING", "stale_ratio": 0.75, "timestamp": "2026-09-22T12:35:31.763730+00:00"}
{"asset": "ETH/USDT", "event": "stale_feed", "level": "WARNING", "stale_ratio": 0.75, "timestamp": "2026-09-22T12:35:32.758807+00:00"}
{"asset": "BTC/USDT", "event": "stale_feed", "level": "WARNING", "stale_ratio": 0.75, "timestamp": "2026-09-22T12:35:33.780989+00:00"}
{"asset": "BTC/USDT", "event": "stale_feed", "level": "WARNING", "stale_ratio": 0.75, "timestamp": "2026-09-22T12:35:34.781884+00:00"}
{"asset": "BTC/USDT", "event": "stale_feed", "level": "WARNING", "stale_ratio": 0.75, "timestamp": "2026-09-22T12:35:35.795953+00:00"}
{"asset": "BTC/USDT", "event": "stale_feed", "level": "WARNING", "stale_ratio": 0.75, "timestamp": "2026-09-22T12:35:36.799809+00:00"}
{"asset": "BTC/USDT", "event": "stale_feed", "level": "WARNING", "stale_ratio": 0.75, "timestamp": "2026-09-22T12:35:37.804151+00:00"}
{"asset": "BTC/USDT", "event": "stale_feed", "level": "WARNING", "stale_ratio": 0.75, "timestamp": "2026-09-22T12:35:38.813361+00:00"}
{"asset": "BTC/USDT", "event": "stale_feed", "level": "WARNING", "stale_ratio": 0.75, "timestamp": "2026-09-22T12:35:39.825333+00:00"}
{"asset": "BTC/USDT", "event": "stale_feed", "level": "WARNING", "stale_ratio": 0.75, "timestamp": "2026-09-22T12:35:40.831681+00:00"}
{"asset": "BTC/USDT", "event": "stale_feed", "level": "WARNING", "stale_ratio": 0.75, "timestamp": "2026-09-22T12:35:41.867862+00:00"}
{"asset": "BTC/USDT", "event": "stale_feed", "level": "WARNING", "stale_ratio": 0.75, "timestamp": "2026-09-22T12:35:42.879881+00:00"}
{"asset": "ETH/USDT", "event": "stale_feed", "level": "WARNING", "stale_ratio": 0.75, "timestamp": "2026-09-22T12:35:43.876764+00:00"}
{"asset": "BTC/USDT", "event": "stale_feed", "level": "WARNING", "stale_ratio": 0.75, "timestamp": "2026-09-22T12:35:44.891774+00:00"}
{"asset": "BTC/USDT", "event": "rest_reconciliation", "level": "INFO", "source": "derivatives", "timestamp": "2026-09-22T12:35:45.664612+00:00"}
{"asset": "BTC/USDT", "event": "stale_feed", "level": "WARNING", "stale_ratio": 0.5, "timestamp": "2026-09-22T12:35:46.152112+00:00"}
{"asset": "BTC/USDT", "event": "stale_feed", "level": "WARNING", "stale_ratio": 0.5, "timestamp": "2026-09-22T12:35:47.151600+00:00"}
{"asset": "BTC/USDT", "event": "stale_feed", "level": "WARNING", "stale_ratio": 0.5, "timestamp": "2026-09-22T12:35:48.173128+00:00"}
{"asset": "ETH/USDT", "event": "rest_reconciliation", "level": "INFO", "source": "derivatives", "timestamp": "2026-09-22T12:35:48.600931+00:00"}
{"asset": "BTC/USDT", "event": "stale_feed", "level": "WARNING", "stale_ratio": 0.5, "timestamp": "2026-09-22T12:35:49.198647+00:00"}
{"asset": "BTC/USDT", "event": "stale_feed", "level": "WARNING", "stale_ratio": 0.75, "timestamp": "2026-09-22T12:35:50.191810+00:00"}
{"asset": "BTC/USDT", "event": "stale_feed", "level": "WARNING", "stale_ratio": 0.75, "timestamp": "2026-09-22T12:35:51.211151+00:00"}
{"asset": "BTC/USDT", "event": "stale_feed", "level": "WARNING", "stale_ratio": 0.75, "timestamp": "2026-09-22T12:35:52.230232+00:00"}
{"asset": "BTC/USDT", "event": "stale_feed", "level": "WARNING", "stale_ratio": 0.75, "timestamp": "2026-09-22T12:35:53.239454+00:00"}
{"asset": "BTC/USDT", "event": "stale_feed", "level": "WARNING", "stale_ratio": 0.75, "timestamp": "2026-09-22T12:35:54.247074+00:00"}
{"asset": "BTC/USDT", "event": "stale_feed", "level": "WARNING", "stale_ratio": 0.75, "timestamp": "2026-09-22T12:35:55.277403+00:00"}
{"asset": "ETH/USDT", "event": "stale_feed", "level": "WARNING", "stale_ratio": 0.75, "timestamp": "2026-09-22T12:35:56.273378+00:00"}
{"asset": "ETH/USDT", "event": "stale_feed", "level": "WARNING", "stale_ratio": 0.75, "timestamp": "2026-09-22T12:35:57.274532+00:00"}
{"asset": "ETH/USDT", "event": "stale_feed", "level": "WARNING", "stale_ratio": 0.75, "timestamp": "2026-09-22T12:35:58.276262+00:00"}
{"asset": "BTC/USDT", "event": "stale_feed", "level": "WARNING", "stale_ratio": 0.75, "timestamp": "2026-09-22T12:35:59.295127+00:00"}
{"asset": "BTC/USDT", "event": "stale_feed", "level": "WARNING", "stale_ratio": 0.75, "timestamp": "2026-09-22T12:36:00.309016+00:00"}
{"asset": "BTC/USDT", "event": "stale_feed", "level": "WARNING", "stale_ratio": 0.75, "timestamp": "2026-09-22T12:36:01.316677+00:00"}
{"asset": "BTC/USDT", "event": "stale_feed", "level": "WARNING", "stale_ratio": 0.75, "timestamp": "2026-09-22T12:36:02.318644+00:00"}
{"asset": "BTC/USDT", "event": "stale_feed", "level": "WARNING", "stale_ratio": 0.75, "timestamp": "2026-09-22T12:36:03.331193+00:00"}
{"asset": "ETH/USDT", "event": "stale_feed", "level": "WARNING", "stale_ratio": 0.75, "timestamp": "2026-09-22T12:36:04.330007+00:00"}
{"asset": "BTC/USDT", "event": "stale_feed", "level": "WARNING", "stale_ratio": 0.75, "timestamp": "2026-09-22T12:36:05.354458+00:00"}
{"asset": "BTC/USDT", "event": "stale_feed", "level": "WARNING", "stale_ratio": 0.75, "timestamp": "2026-09-22T12:36:06.359552+00:00"}
{"asset": "BTC/USDT", "event": "stale_feed", "level": "WARNING", "stale_ratio": 0.75, "timestamp": "2026-09-22T12:36:07.370909+00:00"}
{"asset": "BTC/USDT", "event": "stale_feed", "level": "WARNING", "stale_ratio": 0.75, "timestamp": "2026-09-22T12:36:08.377409+00:00"}
{"asset": "BTC/USDT", "event": "stale_feed", "level": "WARNING", "stale_ratio": 0.75, "timestamp": "2026-09-22T12:36:09.381358+00:00"}
{"asset": "BTC/USDT", "event": "stale_feed", "level": "WARNING", "stale_ratio": 0.75, "timestamp": "2026-09-22T12:36:10.383512+00:00"}
{"asset": "BTC/USDT", "event": "stale_feed", "level": "WARNING", "stale_ratio": 0.75, "timestamp": "2026-09-22T12:36:11.397607+00:00"}
{"asset": "BTC/USDT", "event": "stale_feed", "level": "WARNING", "stale_ratio": 0.75, "timestamp": "2026-09-22T12:36:12.411262+00:00"}
{"asset": "BTC/USDT", "event": "stale_feed", "level": "WARNING", "stale_ratio": 0.75, "timestamp": "2026-09-22T12:36:13.418983+00:00"}
{"asset": "ETH/USDT", "event": "stale_feed", "level": "WARNING", "stale_ratio": 0.75, "timestamp": "2026-09-22T12:36:14.415705+00:00"}
{"asset": "ETH/USDT", "event": "stale_feed", "level": "WARNING", "stale_ratio": 0.75, "timestamp": "2026-09-22T12:36:15.412770+00:00"}
{"asset": "ETH/USDT", "event": "stale_feed", "level": "WARNING", "stale_ratio": 0.75, "timestamp": "2026-09-22T12:36:16.435426+00:00"}
{"asset": "ETH/USDT", "event": "stale_feed", "level": "WARNING", "stale_ratio": 0.75, "timestamp": "2026-09-22T12:36:17.433649+00:00"}
{"asset": "BTC/USDT", "event": "stale_feed", "level": "WARNING", "stale_ratio": 0.75, "timestamp": "2026-09-22T12:36:18.451112+00:00"}
{"asset": "BTC/USDT", "event": "stale_feed", "level": "WARNING", "stale_ratio": 0.75, "timestamp": "2026-09-22T12:36:19.458078+00:00"}
{"asset": "BTC/USDT", "event": "stale_feed", "level": "WARNING", "stale_ratio": 0.75, "timestamp": "2026-09-22T12:36:20.474856+00:00"}
{"asset": "BTC/USDT", "event": "stale_feed", "level": "WARNING", "stale_ratio": 0.75, "timestamp": "2026-09-22T12:36:21.472443+00:00"}
{"asset": "ETH/USDT", "event": "stale_feed", "level": "WARNING", "stale_ratio": 0.75, "timestamp": "2026-09-22T12:36:22.480411+00:00"}
{"asset": "BTC/USDT", "event": "stale_feed", "level": "WARNING", "stale_ratio": 0.75, "timestamp": "2026-09-22T12:36:23.501638+00:00"}
{"asset": "ETH/USDT", "event": "stale_feed", "level": "WARNING", "stale_ratio": 0.75, "timestamp": "2026-09-22T12:36:24.498806+00:00"}
