timestamp,asset,timeframe,open,high,low,close,volume
2025-09-01T00:00:00+00:00,BTC/USDT,1h,108246.36000000,108406.18000000,107631.68000000,108222.37000000,1078.82210000
2025-09-01T01:00:00+00:00,BTC/USDT,1h,108222.37000000,108482.98000000,107968.09000000,108150.24000000,471.21562000
2025-09-01T02:00:00+00:00,BTC/USDT,1h,108150.24000000,108197.67000000,107425.42000000,107617.05000000,869.81682000
2025-09-01T03:00:00+00:00,BTC/USDT,1h,107617.05000000,107769.94000000,107393.00000000,107660.01000000,786.48643000
2025-09-01T04:00:00+00:00,BTC/USDT,1h,107660.00000000,107759.99000000,107279.51000000,107409.10000000,645.82838000
2025-09-01T05:00:00+00:00,BTC/USDT,1h,107409.09000000,107987.40000000,107255.00000000,107866.12000000,547.79285000
2025-09-01T06:00:00+00:00,BTC/USDT,1h,107866.13000000,108128.00000000,107594.42000000,108064.75000000,384.59049000
2025-09-01T07:00:00+00:00,BTC/USDT,1h,108064.76000000,109432.99000000,107984.79000000,109432.99000000,1325.96108000
2025-09-01T08:00:00+00:00,BTC/USDT,1h,109432.99000000,109820.02000000,109424.00000000,109590.00000000,1103.75653000
2025-09-01T09:00:00+00:00,BTC/USDT,1h,109590.00000000,109912.40000000,109485.57000000,109524.12000000,513.50327000
2025-09-01T10:00:00+00:00,BTC/USDT,1h,109524.13000000,109535.32000000,108186.41000000,108571.41000000,948.82778000
2025-09-01T11:00:00+00:00,BTC/USDT,1h,108571.42000000,108857.35000000,108464.00000000,108782.88000000,545.20367000
2025-09-01T12:00:00+00:00,BTC/USDT,1h,108782.89000000,109165.47000000,108635.39000000,109108.27000000,636.34520000
2025-09-01T13:00:00+00:00,BTC/USDT,1h,109108.27000000,109520.00000000,108936.44000000,109023.61000000,725.12306000
2025-09-01T14:00:00+00:00,BTC/USDT,1h,109023.61000000,109332.28000000,108824.82000000,109146.60000000,490.85432000
2025-09-01T15:00:00+00:00,BTC/USDT,1h,109146.59000000,109373.10000000,108566.00000000,108784.33000000,414.02255000
2025-09-01T16:00:00+00:00,BTC/USDT,1h,108784.33000000,109096.00000000,108653.09000000,108774.23000000,374.40601000
2025-09-01T17:00:00+00:00,BTC/USDT,1h,108774.23000000,108953.82000000,108391.30000000,108927.61000000,570.88854000
2025-09-01T18:00:00+00:00,BTC/USDT,1h,108927.61000000,109267.22000000,108921.17000000,109240.00000000,346.10668000
2025-09-01T19:00:00+00:00,BTC/USDT,1h,109240.00000000,109329.65000000,109160.27000000,109217.64000000,261.74926000
2025-09-01T20:00:00+00:00,BTC/USDT,1h,109217.65000000,109217.65000000,108284.00000000,108877.38000000,873.53022000
2025-09-01T21:00:00+00:00,BTC/USDT,1h,108877.39000000,108939.42000000,107459.49000000,107800.80000000,917.91242000
2025-09-01T22:00:00+00:00,BTC/USDT,1h,107800.80000000,108500.04000000,107588.01000000,108444.96000000,517.76894000
2025-09-01T23:00:00+00:00,BTC/USDT,1h,108444.96000000,109442.95000000,108428.45000000,109237.42000000,703.08997000
2025-09-02T00:00:00+00:00,BTC/USDT,1h,109237.43000000,109337.64000000,108883.80000000,109040.36000000,552.10707000
2025-09-02T01:00:00+00:00,BTC/USDT,1h,109040.36000000,109611.11000000,108993.00000000,109313.00000000,616.57671000
2025-09-02T02:00:00+00:00,BTC/USDT,1h,109313.00000000,110272.06000000,109171.78000000,110246.01000000,1081.14032000
2025-09-02T03:00:00+00:00,BTC/USDT,1h,110246.00000000,110623.97000000,110060.12000000,110322.18000000,916.19598000
2025-09-02T04:00:00+00:00,BTC/USDT,1h,110322.19000000,110420.00000000,110143.62000000,110310.56000000,492.48149000
2025-09-02T05:00:00+00:00,BTC/USDT,1h,110310.56000000,110337.06000000,110045.01000000,110209.32000000,359.35463000
2025-09-02T06:00:00+00:00,BTC/USDT,1h,110209.33000000,110610.50000000,110173.96000000,110376.63000000,596.39606000
2025-09-02T07:00:00+00:00,BTC/USDT,1h,110376.63000000,110400.00000000,110000.00000000,110233.92000000,504.48390000
2025-09-02T08:00:00+00:00,BTC/USDT,1h,110233.91000000,110711.10000000,110052.27000000,110360.00000000,557.03627000
2025-09-02T09:00:00+00:00,BTC/USDT,1h,110360.01000000,110699.58000000,110256.94000000,110450.56000000,476.55196000
2025-09-02T10:00:00+00:00,BTC/USDT,1h,110450.56000000,110477.85000000,110128.13000000,110246.00000000,410.87869000
2025-09-02T11:00:00+00:00,BTC/USDT,1h,110246.00000000,110255.17000000,109563.87000000,109733.34000000,1017.54899000
2025-09-02T12:00:00+00:00,BTC/USDT,1h,109733.33000000,109836.34000000,108393.39000000,108795.99000000,1297.32717000
2025-09-02T13:00:00+00:00,BTC/USDT,1h,108796.00000000,111275.93000000,108733.88000000,111149.99000000,2481.20870000
2025-09-02T14:00:00+00:00,BTC/USDT,1h,111149.99000000,111771.52000000,110780.61000000,111360.01000000,1925.30316000
2025-09-02T15:00:00+00:00,BTC/USDT,1h,111360.00000000,111540.30000000,110628.85000000,110829.17000000,1065.05414000
2025-09-02T16:00:00+00:00,BTC/USDT,1h,110829.16000000,111119.58000000,110469.70000000,110785.85000000,928.68032000
2025-09-02T17:00:00+00:00,BTC/USDT,1h,110785.85000000,111050.00000000,110628.85000000,110914.00000000,702.01172000
2025-09-02T18:00:00+00:00,BTC/USDT,1h,110914.01000000,110945.30000000,110200.00000000,110646.47000000,506.68111000
2025-09-02T19:00:00+00:00,BTC/USDT,1h,110646.47000000,110840.00000000,110441.42000000,110806.00000000,447.85722000
2025-09-02T20:00:00+00:00,BTC/USDT,1h,110806.01000000,111419.18000000,110716.77000000,111418.49000000,585.42846000
2025-09-02T21:00:00+00:00,BTC/USDT,1h,111418.49000000,111538.17000000,111129.57000000,111129.57000000,356.26128000
2025-09-02T22:00:00+00:00,BTC/USDT,1h,111129.58000000,111260.00000000,110870.27000000,111259.99000000,374.87092000
2025-09-02T23:00:00+00:00,BTC/USDT,1h,111260.00000000,111271.13000000,111017.79000000,111240.01000000,258.85129000
2025-09-03T00:00:00+00:00,BTC/USDT,1h,111240.01000000,111782.21000000,111240.01000000,111339.98000000,992.20281000
2025-09-03T01:00:00+00:00,BTC/USDT,1h,111339.98000000,111404.77000000,110901.06000000,111176.94000000,454.81663000
2025-09-03T02:00:00+00:00,BTC/USDT,1h,111176.93000000,111484.05000000,111029.43000000,111372.00000000,424.89931000
2025-09-03T03:00:00+00:00,BTC/USDT,1h,111372.00000000,111411.24000000,110892.14000000,111054.01000000,391.69818000
2025-09-03T04:00:00+00:00,BTC/USDT,1h,111054.00000000,111151.99000000,110836.48000000,111020.68000000,269.26802000
2025-09-03T05:00:00+00:00,BTC/USDT,1h,111020.68000000,111069.48000000,110666.00000000,110685.57000000,327.14961000
2025-09-03T06:00:00+00:00,BTC/USDT,1h,110685.57000000,110879.89000000,110549.80000000,110724.00000000,505.96638000
2025-09-03T07:00:00+00:00,BTC/USDT,1h,110724.00000000,111111.11000000,110528.71000000,111099.88000000,437.31572000
2025-09-03T08:00:00+00:00,BTC/USDT,1h,111099.87000000,111279.48000000,110974.00000000,111019.99000000,365.12571000
2025-09-03T09:00:00+00:00,BTC/USDT,1h,111019.99000000,111324.00000000,110889.29000000,111312.28000000,314.98009000
2025-09-03T10:00:00+00:00,BTC/USDT,1h,111312.28000000,111491.74000000,111170.06000000,111449.99000000,377.12634000
2025-09-03T11:00:00+00:00,BTC/USDT,1h,111450.00000000,111708.00000000,111388.24000000,111437.77000000,457.60494000
2025-09-03T12:00:00+00:00,BTC/USDT,1h,111437.77000000,111858.57000000,111031.61000000,111112.00000000,440.11635000
2025-09-03T13:00:00+00:00,BTC/USDT,1h,111112.00000000,111920.70000000,111065.56000000,111475.07000000,862.57140000
2025-09-03T14:00:00+00:00,BTC/USDT,1h,111475.08000000,112500.00000000,111118.43000000,112261.37000000,1480.64380000
2025-09-03T15:00:00+00:00,BTC/USDT,1h,112261.37000000,112376.70000000,111910.24000000,112222.74000000,766.67332000
2025-09-03T16:00:00+00:00,BTC/USDT,1h,112222.73000000,112336.00000000,111686.24000000,111858.66000000,604.19676000
2025-09-03T17:00:00+00:00,BTC/USDT,1h,111858.65000000,112575.27000000,111858.65000000,112312.64000000,574.69857000
2025-09-03T18:00:00+00:00,BTC/USDT,1h,112312.64000000,112516.35000000,111800.00000000,112000.00000000,465.80305000
2025-09-03T19:00:00+00:00,BTC/USDT,1h,112000.00000000,112252.33000000,111781.63000000,112193.74000000,312.61035000
2025-09-03T20:00:00+00:00,BTC/USDT,1h,112193.74000000,112250.00000000,112052.10000000,112211.31000000,229.15863000
2025-09-03T21:00:00+00:00,BTC/USDT,1h,112211.30000000,112250.00000000,111759.50000000,111989.67000000,182.28806000
2025-09-03T22:00:00+00:00,BTC/USDT,1h,111989.68000000,112150.00000000,111839.86000000,111947.48000000,177.73464000
2025-09-03T23:00:00+00:00,BTC/USDT,1h,111947.47000000,111980.00000000,111613.98000000,111705.71000000,359.07217000
2025-09-04T00:00:00+00:00,BTC/USDT,1h,111705.72000000,112180.00000000,111619.86000000,112065.61000000,343.42623000
2025-09-04T01:00:00+00:00,BTC/USDT,1h,112065.60000000,112080.00000000,111641.63000000,111947.48000000,251.77157000
2025-09-04T02:00:00+00:00,BTC/USDT,1h,111947.48000000,111980.01000000,111406.79000000,111450.15000000,359.69532000
2025-09-04T03:00:00+00:00,BTC/USDT,1h,111450.16000000,111728.57000000,111136.00000000,111148.97000000,529.86591000
2025-09-04T04:00:00+00:00,BTC/USDT,1h,111148.97000000,111318.84000000,110917.45000000,110917.45000000,332.73027000
2025-09-04T05:00:00+00:00,BTC/USDT,1h,110917.46000000,110922.40000000,110569.36000000,110653.07000000,1163.68375000
2025-09-04T06:00:00+00:00,BTC/USDT,1h,110653.08000000,110729.00000000,110279.68000000,110393.95000000,439.75314000
2025-09-04T07:00:00+00:00,BTC/USDT,1h,110393.95000000,110642.19000000,110343.72000000,110463.36000000,357.56088000
2025-09-04T08:00:00+00:00,BTC/USDT,1h,110463.36000000,110858.60000000,110415.72000000,110640.97000000,335.90557000
2025-09-04T09:00:00+00:00,BTC/USDT,1h,110640.96000000,110856.63000000,110640.96000000,110815.04000000,215.23378000
2025-09-04T10:00:00+00:00,BTC/USDT,1h,110815.05000000,111154.93000000,110628.85000000,110628.86000000,318.57504000
2025-09-04T11:00:00+00:00,BTC/USDT,1h,110628.86000000,111054.69000000,110546.48000000,110810.00000000,381.28687000
2025-09-04T12:00:00+00:00,BTC/USDT,1h,110810.00000000,111123.99000000,110532.73000000,110933.94000000,432.19177000
2025-09-04T13:00:00+00:00,BTC/USDT,1h,110933.94000000,110970.00000000,110217.13000000,110464.00000000,602.35130000
2025-09-04T14:00:00+00:00,BTC/USDT,1h,110463.99000000,110523.98000000,109705.48000000,109842.01000000,1107.22942000
2025-09-04T15:00:00+00:00,BTC/USDT,1h,109842.01000000,109862.94000000,109329.12000000,109510.31000000,916.17813000
2025-09-04T16:00:00+00:00,BTC/USDT,1h,109510.32000000,109688.00000000,109363.26000000,109438.34000000,640.73994000
2025-09-04T17:00:00+00:00,BTC/USDT,1h,109438.35000000,109914.01000000,109428.98000000,109786.48000000,495.50168000
2025-09-04T18:00:00+00:00,BTC/USDT,1h,109786.48000000,110218.39000000,109699.15000000,109977.00000000,620.57193000
2025-09-04T19:00:00+00:00,BTC/USDT,1h,109977.00000000,110113.19000000,109713.31000000,109799.99000000,367.82140000
2025-09-04T20:00:00+00:00,BTC/USDT,1h,109800.00000000,110409.46000000,109755.59000000,110408.02000000,396.63364000
2025-09-04T21:00:00+00:00,BTC/USDT,1h,110408.01000000,110545.44000000,110328.96000000,110500.00000000,176.70046000
2025-09-04T22:00:00+00:00,BTC/USDT,1h,110500.01000000,111588.66000000,110484.95000000,111490.73000000,669.83836000
2025-09-04T23:00:00+00:00,BTC/USDT,1h,111490.74000000,111765.31000000,110605.72000000,110730.87000000,747.88900000
2025-09-05T00:00:00+00:00,BTC/USDT,1h,110730.87000000,110929.30000000,110435.75000000,110451.62000000,457.22173000
2025-09-05T01:00:00+00:00,BTC/USDT,1h,110451.63000000,111136.00000000,110451.63000000,111121.51000000,336.74632000
2025-09-05T02:00:00+00:00,BTC/USDT,1h,111121.51000000,111482.09000000,111040.79000000,111340.65000000,606.85268000
2025-09-05T03:00:00+00:00,BTC/USDT,1h,111340.64000000,111340.65000000,111096.67000000,111311.77000000,264.75507000
2025-09-05T04:00:00+00:00,BTC/USDT,1h,111311.78000000,111468.20000000,111144.51000000,111445.00000000,785.66095000
2025-09-05T05:00:00+00:00,BTC/USDT,1h,111445.00000000,111710.49000000,111407.57000000,111574.50000000,365.92368000
2025-09-05T06:00:00+00:00,BTC/USDT,1h,111574.51000000,111914.53000000,111501.94000000,111911.99000000,435.99084000
2025-09-05T07:00:00+00:00,BTC/USDT,1h,111912.00000000,112999.00000000,111883.49000000,112954.32000000,1893.59984000
2025-09-05T08:00:00+00:00,BTC/USDT,1h,112954.32000000,112985.00000000,112605.37000000,112618.51000000,612.54610000
2025-09-05T09:00:00+00:00,BTC/USDT,1h,112618.51000000,112619.98000000,112131.02000000,112303.87000000,672.38321000
2025-09-05T10:00:00+00:00,BTC/USDT,1h,112303.87000000,112571.90000000,112191.40000000,112256.36000000,401.39645000
2025-09-05T11:00:00+00:00,BTC/USDT,1h,112256.36000000,112439.36000000,112138.15000000,112354.00000000,270.50308000
2025-09-05T12:00:00+00:00,BTC/USDT,1h,112354.00000000,113384.62000000,112040.00000000,113214.78000000,2902.04978000
2025-09-05T13:00:00+00:00,BTC/USDT,1h,113214.78000000,113310.01000000,112706.71000000,113084.16000000,2093.90932000
2025-09-05T14:00:00+00:00,BTC/USDT,1h,113084.16000000,113084.16000000,110487.65000000,110569.99000000,3593.87866000
2025-09-05T15:00:00+00:00,BTC/USDT,1h,110569.99000000,111017.80000000,110286.91000000,110716.82000000,1216.05211000
2025-09-05T16:00:00+00:00,BTC/USDT,1h,110716.82000000,110929.30000000,110537.99000000,110815.40000000,450.76892000
2025-09-05T17:00:00+00:00,BTC/USDT,1h,110815.40000000,110815.40000000,110206.96000000,110608.18000000,561.64147000
2025-09-05T18:00:00+00:00,BTC/USDT,1h,110608.19000000,111285.35000000,110569.43000000,111198.78000000,518.32708000
2025-09-05T19:00:00+00:00,BTC/USDT,1h,111198.77000000,111627.51000000,111125.80000000,111614.54000000,636.35672000
2025-09-05T20:00:00+00:00,BTC/USDT,1h,111614.54000000,111679.79000000,111299.98000000,111630.30000000,588.97794000
2025-09-05T21:00:00+00:00,BTC/USDT,1h,111630.31000000,111700.00000000,110375.60000000,110605.01000000,1465.95586000
2025-09-05T22:00:00+00:00,BTC/USDT,1h,110605.01000000,110917.46000000,110500.00000000,110800.00000000,278.07558000
2025-09-05T23:00:00+00:00,BTC/USDT,1h,110800.01000000,110859.49000000,110594.79000000,110659.99000000,177.83549000
2025-09-06T00:00:00+00:00,BTC/USDT,1h,110660.00000000,110833.32000000,110552.56000000,110779.70000000,235.00101000
2025-09-06T01:00:00+00:00,BTC/USDT,1h,110779.70000000,110917.46000000,110744.08000000,110867.70000000,186.31454000
2025-09-06T02:00:00+00:00,BTC/USDT,1h,110867.71000000,111216.25000000,110733.11000000,111216.15000000,184.10167000
2025-09-06T03:00:00+00:00,BTC/USDT,1h,111216.14000000,111307.70000000,111000.12000000,111082.22000000,194.76496000
2025-09-06T04:00:00+00:00,BTC/USDT,1h,111082.23000000,111082.23000000,110783.70000000,110876.12000000,353.63220000
2025-09-06T05:00:00+00:00,BTC/USDT,1h,110876.12000000,110876.13000000,110687.69000000,110714.00000000,151.66886000
2025-09-06T06:00:00+00:00,BTC/USDT,1h,110714.00000000,110817.11000000,110714.00000000,110752.83000000,96.24087000
2025-09-06T07:00:00+00:00,BTC/USDT,1h,110752.84000000,110829.15000000,110750.64000000,110825.60000000,86.44213000
2025-09-06T08:00:00+00:00,BTC/USDT,1h,110825.59000000,110968.00000000,110774.46000000,110952.76000000,91.10955000
2025-09-06T09:00:00+00:00,BTC/USDT,1h,110952.77000000,110952.77000000,110693.86000000,110695.06000000,193.74674000
2025-09-06T10:00:00+00:00,BTC/USDT,1h,110695.06000000,110804.62000000,110677.30000000,110773.62000000,157.49749000
2025-09-06T11:00:00+00:00,BTC/USDT,1h,110773.62000000,110868.80000000,110675.58000000,110781.02000000,179.54833000
2025-09-06T12:00:00+00:00,BTC/USDT,1h,110781.03000000,110898.70000000,110753.97000000,110832.58000000,158.76991000
2025-09-06T13:00:00+00:00,BTC/USDT,1h,110832.59000000,110947.91000000,110822.00000000,110936.82000000,154.65819000
2025-09-06T14:00:00+00:00,BTC/USDT,1h,110936.82000000,110999.83000000,110781.96000000,110807.77000000,144.71630000
2025-09-06T15:00:00+00:00,BTC/USDT,1h,110807.78000000,110840.00000000,110358.11000000,110384.15000000,427.86502000
2025-09-06T16:00:00+00:00,BTC/USDT,1h,110384.16000000,110402.00000000,109977.00000000,110267.99000000,876.95944000
2025-09-06T17:00:00+00:00,BTC/USDT,1h,110267.99000000,110275.50000000,110000.00000000,110157.41000000,202.20870000
2025-09-06T18:00:00+00:00,BTC/USDT,1h,110157.41000000,110285.65000000,110056.29000000,110228.00000000,160.96245000
2025-09-06T19:00:00+00:00,BTC/USDT,1h,110228.01000000,110260.00000000,110000.00000000,110038.41000000,151.53000000
2025-09-06T20:00:00+00:00,BTC/USDT,1h,110038.42000000,110167.01000000,110034.44000000,110167.00000000,140.09020000
2025-09-06T21:00:00+00:00,BTC/USDT,1h,110167.01000000,110215.03000000,110093.14000000,110201.00000000,168.43512000
2025-09-06T22:00:00+00:00,BTC/USDT,1h,110200.99000000,110238.12000000,110074.95000000,110170.55000000,159.17265000
2025-09-06T23:00:00+00:00,BTC/USDT,1h,110170.54000000,110282.82000000,110113.96000000,110187.97000000,144.86264000
2025-09-07T00:00:00+00:00,BTC/USDT,1h,110187.98000000,110367.37000000,110180.00000000,110356.75000000,274.12078000
2025-09-07T01:00:00+00:00,BTC/USDT,1h,110356.74000000,110587.86000000,110332.81000000,110546.66000000,251.76683000
2025-09-07T02:00:00+00:00,BTC/USDT,1h,110546.66000000,110692.52000000,110444.43000000,110666.24000000,231.20078000
2025-09-07T03:00:00+00:00,BTC/USDT,1h,110666.24000000,110733.12000000,110596.71000000,110629.15000000,191.54953000
2025-09-07T04:00:00+00:00,BTC/USDT,1h,110629.15000000,110638.00000000,110489.96000000,110557.76000000,140.43398000
2025-09-07T05:00:00+00:00,BTC/USDT,1h,110557.77000000,110699.00000000,110557.76000000,110649.44000000,163.57402000
2025-09-07T06:00:00+00:00,BTC/USDT,1h,110649.45000000,110665.35000000,110472.33000000,110504.15000000,195.71662000
2025-09-07T07:00:00+00:00,BTC/USDT,1h,110504.14000000,110911.42000000,110463.10000000,110753.42000000,373.02249000
2025-09-07T08:00:00+00:00,BTC/USDT,1h,110753.41000000,111377.19000000,110720.01000000,111071.25000000,524.25884000
2025-09-07T09:00:00+00:00,BTC/USDT,1h,111071.25000000,111248.20000000,110876.88000000,111115.98000000,305.63775000
2025-09-07T10:00:00+00:00,BTC/USDT,1h,111115.99000000,111237.97000000,111041.87000000,111225.02000000,152.81384000
2025-09-07T11:00:00+00:00,BTC/USDT,1h,111225.03000000,111292.13000000,111189.75000000,111292.13000000,231.70263000
2025-09-07T12:00:00+00:00,BTC/USDT,1h,111292.12000000,111292.13000000,111073.17000000,111115.92000000,171.89870000
2025-09-07T13:00:00+00:00,BTC/USDT,1h,111115.92000000,111231.60000000,111042.60000000,111214.62000000,159.77105000
2025-09-07T14:00:00+00:00,BTC/USDT,1h,111214.63000000,111412.00000000,111059.57000000,111145.59000000,337.64277000
2025-09-07T15:00:00+00:00,BTC/USDT,1h,111145.59000000,111373.43000000,111120.56000000,111329.99000000,168.21133000
2025-09-07T16:00:00+00:00,BTC/USDT,1h,111329.99000000,111371.35000000,111152.15000000,111202.02000000,223.90897000
2025-09-07T17:00:00+00:00,BTC/USDT,1h,111202.02000000,111237.86000000,110888.07000000,110962.83000000,326.82203000
2025-09-07T18:00:00+00:00,BTC/USDT,1h,110962.84000000,111063.00000000,110861.20000000,111053.76000000,219.80123000
2025-09-07T19:00:00+00:00,BTC/USDT,1h,111053.77000000,111293.99000000,111049.05000000,111259.99000000,169.95303000
2025-09-07T20:00:00+00:00,BTC/USDT,1h,111259.99000000,111371.26000000,111147.25000000,111330.30000000,178.99404000
2025-09-07T21:00:00+00:00,BTC/USDT,1h,111330.31000000,111330.31000000,111050.14000000,111050.14000000,82.99122000
2025-09-07T22:00:00+00:00,BTC/USDT,1h,111050.14000000,111364.40000000,111001.45000000,111250.01000000,270.95197000
2025-09-07T23:00:00+00:00,BTC/USDT,1h,111250.01000000,111600.00000000,111076.92000000,111137.34000000,334.55501000
2025-09-08T00:00:00+00:00,BTC/USDT,1h,111137.35000000,111293.26000000,110733.71000000,110837.96000000,553.54548000
2025-09-08T01:00:00+00:00,BTC/USDT,1h,110837.95000000,110994.58000000,110731.71000000,110890.57000000,352.25138000
2025-09-08T02:00:00+00:00,BTC/USDT,1h,110890.58000000,111372.00000000,110621.78000000,111240.00000000,364.10880000
2025-09-08T03:00:00+00:00,BTC/USDT,1h,111239.99000000,111349.24000000,111026.91000000,111052.11000000,431.56519000
2025-09-08T04:00:00+00:00,BTC/USDT,1h,111052.11000000,111218.49000000,110929.30000000,110979.35000000,318.48361000
2025-09-08T05:00:00+00:00,BTC/USDT,1h,110979.35000000,111061.05000000,110899.69000000,111027.16000000,189.25665000
2025-09-08T06:00:00+00:00,BTC/USDT,1h,111027.15000000,111197.86000000,110917.45000000,111113.26000000,156.58167000
2025-09-08T07:00:00+00:00,BTC/USDT,1h,111113.26000000,111609.04000000,111113.25000000,111280.39000000,665.80320000
2025-09-08T08:00:00+00:00,BTC/USDT,1h,111280.40000000,111910.48000000,111252.90000000,111684.25000000,867.09200000
2025-09-08T09:00:00+00:00,BTC/USDT,1h,111684.26000000,112095.00000000,111591.06000000,112094.99000000,695.25367000
2025-09-08T10:00:00+00:00,BTC/USDT,1h,112094.99000000,112186.98000000,111920.89000000,112048.00000000,648.82485000
2025-09-08T11:00:00+00:00,BTC/USDT,1h,112048.00000000,112121.59000000,111754.31000000,112052.43000000,512.51734000
2025-09-08T12:00:00+00:00,BTC/USDT,1h,112052.43000000,112153.90000000,111934.24000000,112034.51000000,293.01193000
2025-09-08T13:00:00+00:00,BTC/USDT,1h,112034.50000000,112370.30000000,111877.64000000,111906.55000000,1120.28751000
2025-09-08T14:00:00+00:00,BTC/USDT,1h,111906.56000000,112779.50000000,111888.00000000,112645.05000000,989.95574000
2025-09-08T15:00:00+00:00,BTC/USDT,1h,112645.06000000,112924.37000000,112526.61000000,112631.75000000,614.96830000
2025-09-08T16:00:00+00:00,BTC/USDT,1h,112631.74000000,112670.06000000,112293.18000000,112398.00000000,493.93324000
2025-09-08T17:00:00+00:00,BTC/USDT,1h,112398.01000000,112531.60000000,112075.20000000,112214.40000000,461.27895000
2025-09-08T18:00:00+00:00,BTC/USDT,1h,112214.41000000,112515.59000000,112184.97000000,112477.01000000,296.32443000
2025-09-08T19:00:00+00:00,BTC/USDT,1h,112477.01000000,112477.01000000,111978.67000000,112097.31000000,430.27796000
2025-09-08T20:00:00+00:00,BTC/USDT,1h,112097.31000000,112153.07000000,111896.00000000,111958.04000000,288.87626000
2025-09-08T21:00:00+00:00,BTC/USDT,1h,111958.04000000,112331.32000000,111930.73000000,112326.45000000,273.54370000
2025-09-08T22:00:00+00:00,BTC/USDT,1h,112326.45000000,112512.71000000,112210.91000000,112236.71000000,274.21823000
2025-09-08T23:00:00+00:00,BTC/USDT,1h,112236.71000000,112305.03000000,111989.00000000,112065.23000000,290.44202000
2025-09-09T00:00:00+00:00,BTC/USDT,1h,112065.23000000,112104.41000000,111459.87000000,111650.03000000,720.48199000
2025-09-09T01:00:00+00:00,BTC/USDT,1h,111650.03000000,111748.54000000,111258.30000000,111364.73000000,520.52157000
2025-09-09T02:00:00+00:00,BTC/USDT,1h,111364.73000000,111442.95000000,111111.00000000,111330.71000000,536.02045000
2025-09-09T03:00:00+00:00,BTC/USDT,1h,111330.72000000,111740.61000000,111234.16000000,111708.00000000,314.74637000
2025-09-09T04:00:00+00:00,BTC/USDT,1h,111708.01000000,112110.99000000,111624.12000000,112024.01000000,548.42419000
2025-09-09T05:00:00+00:00,BTC/USDT,1h,112024.01000000,112248.84000000,111851.52000000,112200.00000000,298.70562000
2025-09-09T06:00:00+00:00,BTC/USDT,1h,112200.01000000,113156.65000000,112151.16000000,113022.61000000,1080.72151000
2025-09-09T07:00:00+00:00,BTC/USDT,1h,113022.62000000,113293.29000000,112753.61000000,112991.11000000,978.74308000
2025-09-09T08:00:00+00:00,BTC/USDT,1h,112991.11000000,113176.51000000,112886.93000000,112992.69000000,524.35168000
2025-09-09T09:00:00+00:00,BTC/USDT,1h,112992.69000000,113057.99000000,112900.00000000,112966.54000000,367.43684000
2025-09-09T10:00:00+00:00,BTC/USDT,1h,112966.54000000,113040.00000000,112635.38000000,112732.62000000,631.93421000
2025-09-09T11:00:00+00:00,BTC/USDT,1h,112732.62000000,112800.00000000,112403.91000000,112433.59000000,325.19749000
2025-09-09T12:00:00+00:00,BTC/USDT,1h,112433.59000000,112824.00000000,112393.40000000,112671.76000000,397.08345000
2025-09-09T13:00:00+00:00,BTC/USDT,1h,112671.76000000,112932.18000000,112470.18000000,112760.58000000,656.61339000
2025-09-09T14:00:00+00:00,BTC/USDT,1h,112760.58000000,112950.00000000,111511.11000000,111767.45000000,1958.50565000
2025-09-09T15:00:00+00:00,BTC/USDT,1h,111767.45000000,111847.23000000,110766.66000000,110880.76000000,1649.92992000
2025-09-09T16:00:00+00:00,BTC/USDT,1h,110880.76000000,111148.17000000,110788.00000000,110975.99000000,808.62492000
2025-09-09T17:00:00+00:00,BTC/USDT,1h,110975.99000000,111193.39000000,110898.28000000,111025.44000000,539.75817000
2025-09-09T18:00:00+00:00,BTC/USDT,1h,111025.43000000,111298.16000000,110900.02000000,111131.92000000,495.62040000
2025-09-09T19:00:00+00:00,BTC/USDT,1h,111131.92000000,111388.04000000,111124.17000000,111301.53000000,277.49178000
2025-09-09T20:00:00+00:00,BTC/USDT,1h,111301.53000000,111530.16000000,111090.07000000,111530.16000000,761.02989000
2025-09-09T21:00:00+00:00,BTC/USDT,1h,111530.15000000,111745.69000000,111270.75000000,111299.61000000,463.86358000
2025-09-09T22:00:00+00:00,BTC/USDT,1h,111299.61000000,111630.31000000,111266.11000000,111556.16000000,207.57487000
2025-09-09T23:00:00+00:00,BTC/USDT,1h,111556.15000000,111583.81000000,111362.94000000,111546.39000000,315.90146000
2025-09-10T00:00:00+00:00,BTC/USDT,1h,111546.38000000,111572.57000000,110942.33000000,111010.46000000,490.88671000
2025-09-10T01:00:00+00:00,BTC/USDT,1h,111010.47000000,111224.53000000,110917.45000000,111005.64000000,419.72999000
2025-09-10T02:00:00+00:00,BTC/USDT,1h,111005.63000000,111551.04000000,111005.63000000,111411.13000000,492.50873000
2025-09-10T03:00:00+00:00,BTC/USDT,1h,111411.13000000,111586.26000000,111372.08000000,111545.88000000,263.91729000
2025-09-10T04:00:00+00:00,BTC/USDT,1h,111545.88000000,111647.38000000,111410.83000000,111520.43000000,304.12835000
2025-09-10T05:00:00+00:00,BTC/USDT,1h,111520.43000000,111729.65000000,111372.42000000,111577.31000000,436.99878000
2025-09-10T06:00:00+00:00,BTC/USDT,1h,111577.31000000,111969.57000000,111396.08000000,111792.33000000,503.80753000
2025-09-10T07:00:00+00:00,BTC/USDT,1h,111792.34000000,112602.35000000,111760.69000000,112553.65000000,1232.32394000
2025-09-10T08:00:00+00:00,BTC/USDT,1h,112553.65000000,112859.80000000,112336.28000000,112370.08000000,1005.38091000
2025-09-10T09:00:00+00:00,BTC/USDT,1h,112370.07000000,112428.29000000,112097.20000000,112274.29000000,619.63175000
2025-09-10T10:00:00+00:00,BTC/USDT,1h,112274.29000000,112422.63000000,112199.19000000,112270.01000000,532.10538000
2025-09-10T11:00:00+00:00,BTC/USDT,1h,112270.00000000,112409.49000000,112148.49000000,112299.99000000,422.47932000
2025-09-10T12:00:00+00:00,BTC/USDT,1h,112300.00000000,113550.14000000,112299.99000000,113413.51000000,2800.76749000
2025-09-10T13:00:00+00:00,BTC/USDT,1h,113413.50000000,114313.13000000,113384.61000000,113952.00000000,2112.22655000
2025-09-10T14:00:00+00:00,BTC/USDT,1h,113951.99000000,114295.63000000,113802.14000000,113899.99000000,1035.28455000
2025-09-10T15:00:00+00:00,BTC/USDT,1h,113900.00000000,114095.66000000,113723.21000000,113853.99000000,682.44215000
2025-09-10T16:00:00+00:00,BTC/USDT,1h,113853.99000000,113936.99000000,113553.74000000,113759.89000000,577.39326000
2025-09-10T17:00:00+00:00,BTC/USDT,1h,113759.88000000,114074.46000000,113415.20000000,113738.01000000,617.65367000
2025-09-10T18:00:00+00:00,BTC/USDT,1h,113738.01000000,113896.94000000,113347.39000000,113584.85000000,688.96812000
2025-09-10T19:00:00+00:00,BTC/USDT,1h,113584.84000000,113617.09000000,113155.03000000,113574.52000000,744.45366000
2025-09-10T20:00:00+00:00,BTC/USDT,1h,113574.53000000,113900.00000000,113553.26000000,113566.39000000,611.07657000
2025-09-10T21:00:00+00:00,BTC/USDT,1h,113566.40000000,113845.18000000,113528.01000000,113842.53000000,256.17247000
2025-09-10T22:00:00+00:00,BTC/USDT,1h,113842.54000000,113992.39000000,113713.63000000,113881.20000000,264.24584000
2025-09-10T23:00:00+00:00,BTC/USDT,1h,113881.21000000,114025.78000000,113788.00000000,113960.00000000,402.83522000
2025-09-11T00:00:00+00:00,BTC/USDT,1h,113960.00000000,114008.87000000,113669.82000000,113885.70000000,432.57350000
2025-09-11T01:00:00+00:00,BTC/USDT,1h,113885.70000000,114176.66000000,113831.33000000,113903.23000000,380.81020000
2025-09-11T02:00:00+00:00,BTC/USDT,1h,113903.23000000,113953.99000000,113716.00000000,113819.02000000,230.50973000
2025-09-11T03:00:00+00:00,BTC/USDT,1h,113819.02000000,114434.23000000,113819.01000000,114400.01000000,552.73536000
2025-09-11T04:00:00+00:00,BTC/USDT,1h,114400.01000000,114400.01000000,114071.81000000,114158.29000000,489.30630000
2025-09-11T05:00:00+00:00,BTC/USDT,1h,114158.29000000,114348.52000000,113966.46000000,114266.00000000,589.97492000
2025-09-11T06:00:00+00:00,BTC/USDT,1h,114266.00000000,114459.65000000,114076.92000000,114324.64000000,409.80916000
2025-09-11T07:00:00+00:00,BTC/USDT,1h,114324.65000000,114326.52000000,113957.20000000,114083.58000000,465.05247000
2025-09-11T08:00:00+00:00,BTC/USDT,1h,114083.58000000,114200.00000000,113972.00000000,114049.39000000,307.55276000
2025-09-11T09:00:00+00:00,BTC/USDT,1h,114049.39000000,114075.11000000,113776.00000000,113895.29000000,430.23419000
2025-09-11T10:00:00+00:00,BTC/USDT,1h,113895.30000000,114119.40000000,113891.45000000,114062.32000000,373.92428000
2025-09-11T11:00:00+00:00,BTC/USDT,1h,114062.31000000,114112.00000000,113887.98000000,113999.99000000,400.89210000
2025-09-11T12:00:00+00:00,BTC/USDT,1h,113999.99000000,114500.00000000,113500.00000000,113975.99000000,2372.15470000
2025-09-11T13:00:00+00:00,BTC/USDT,1h,113975.99000000,114715.02000000,113430.00000000,114628.08000000,1458.85001000
2025-09-11T14:00:00+00:00,BTC/USDT,1h,114630.06000000,114667.45000000,113927.60000000,114463.73000000,759.30317000
2025-09-11T15:00:00+00:00,BTC/USDT,1h,114463.73000000,114699.25000000,113996.19000000,114180.31000000,553.38549000
2025-09-11T16:00:00+00:00,BTC/USDT,1h,114180.32000000,114588.98000000,114180.31000000,114487.53000000,300.34694000
2025-09-11T17:00:00+00:00,BTC/USDT,1h,114487.53000000,114593.29000000,114328.52000000,114589.84000000,372.57383000
2025-09-11T18:00:00+00:00,BTC/USDT,1h,114589.84000000,114605.54000000,114102.00000000,114312.35000000,416.47348000
2025-09-11T19:00:00+00:00,BTC/USDT,1h,114312.35000000,114525.00000000,114182.04000000,114419.99000000,348.31986000
2025-09-11T20:00:00+00:00,BTC/USDT,1h,114420.00000000,114487.53000000,114246.04000000,114395.99000000,308.36329000
2025-09-11T21:00:00+00:00,BTC/USDT,1h,114395.98000000,114517.60000000,114395.98000000,114482.69000000,190.78211000
2025-09-11T22:00:00+00:00,BTC/USDT,1h,114482.70000000,115266.45000000,114435.63000000,115084.00000000,1104.63013000
2025-09-11T23:00:00+00:00,BTC/USDT,1h,115084.01000000,115488.09000000,115084.00000000,115482.69000000,428.17321000
2025-09-12T00:00:00+00:00,BTC/USDT,1h,115482.69000000,116331.81000000,115420.87000000,115840.69000000,1835.12528000
2025-09-12T01:00:00+00:00,BTC/USDT,1h,115840.69000000,116016.91000000,115371.13000000,115377.29000000,774.94414000
2025-09-12T02:00:00+00:00,BTC/USDT,1h,115377.29000000,115663.05000000,115256.64000000,115391.00000000,535.95115000
2025-09-12T03:00:00+00:00,BTC/USDT,1h,115391.00000000,115429.46000000,115045.45000000,115194.14000000,556.98098000
2025-09-12T04:00:00+00:00,BTC/USDT,1h,115194.14000000,115509.65000000,115086.82000000,115359.99000000,435.01083000
2025-09-12T05:00:00+00:00,BTC/USDT,1h,115360.00000000,115656.87000000,115320.27000000,115612.84000000,397.97519000
2025-09-12T06:00:00+00:00,BTC/USDT,1h,115612.84000000,115612.85000000,115260.38000000,115318.00000000,301.68688000
2025-09-12T07:00:00+00:00,BTC/USDT,1h,115318.01000000,115405.79000000,115086.70000000,115086.70000000,495.74469000
2025-09-12T08:00:00+00:00,BTC/USDT,1h,115086.70000000,115273.12000000,114950.00000000,115048.00000000,931.11012000
2025-09-12T09:00:00+00:00,BTC/USDT,1h,115047.99000000,115127.05000000,114888.01000000,115048.01000000,372.62834000
2025-09-12T10:00:00+00:00,BTC/USDT,1h,115048.00000000,115093.49000000,114926.42000000,114980.85000000,227.81735000
2025-09-12T11:00:00+00:00,BTC/USDT,1h,114980.84000000,115148.00000000,114901.03000000,114913.45000000,427.23394000
2025-09-12T12:00:00+00:00,BTC/USDT,1h,114913.45000000,115172.57000000,114740.99000000,115083.97000000,620.57400000
2025-09-12T13:00:00+00:00,BTC/USDT,1h,115083.98000000,115214.29000000,114822.77000000,115166.45000000,371.74126000
2025-09-12T14:00:00+00:00,BTC/USDT,1h,115166.46000000,115500.95000000,114865.30000000,115260.00000000,719.98267000
2025-09-12T15:00:00+00:00,BTC/USDT,1h,115260.00000000,115294.10000000,114939.53000000,115121.18000000,329.84108000
2025-09-12T16:00:00+00:00,BTC/USDT,1h,115121.18000000,115514.77000000,115030.30000000,115495.56000000,536.60395000
2025-09-12T17:00:00+00:00,BTC/USDT,1h,115495.56000000,115939.39000000,115395.66000000,115815.16000000,944.10930000
2025-09-12T18:00:00+00:00,BTC/USDT,1h,115815.16000000,116495.00000000,115769.88000000,116486.18000000,1014.39133000
2025-09-12T19:00:00+00:00,BTC/USDT,1h,116486.19000000,116665.63000000,116238.64000000,116632.51000000,1368.73979000
2025-09-12T20:00:00+00:00,BTC/USDT,1h,116632.51000000,116632.51000000,115974.00000000,116157.33000000,898.27059000
2025-09-12T21:00:00+00:00,BTC/USDT,1h,116157.34000000,116157.34000000,115752.68000000,115865.89000000,385.45605000
2025-09-12T22:00:00+00:00,BTC/USDT,1h,115865.89000000,116360.43000000,115865.89000000,116027.46000000,494.01734000
2025-09-12T23:00:00+00:00,BTC/USDT,1h,116027.46000000,116161.37000000,115929.06000000,116029.42000000,348.17094000
2025-09-13T00:00:00+00:00,BTC/USDT,1h,116029.41000000,116298.78000000,115959.59000000,116209.32000000,476.47907000
2025-09-13T01:00:00+00:00,BTC/USDT,1h,116209.32000000,116275.81000000,115576.26000000,115764.30000000,632.36146000
2025-09-13T02:00:00+00:00,BTC/USDT,1h,115764.30000000,115991.29000000,115686.47000000,115886.17000000,322.19761000
2025-09-13T03:00:00+00:00,BTC/USDT,1h,115886.16000000,116012.91000000,115837.98000000,115957.00000000,823.27412000
2025-09-13T04:00:00+00:00,BTC/USDT,1h,115957.00000000,115957.01000000,115685.60000000,115698.40000000,314.62389000
2025-09-13T05:00:00+00:00,BTC/USDT,1h,115698.40000000,115845.46000000,115657.81000000,115704.04000000,253.61230000
2025-09-13T06:00:00+00:00,BTC/USDT,1h,115704.03000000,115802.16000000,115662.20000000,115749.99000000,251.18163000
2025-09-13T07:00:00+00:00,BTC/USDT,1h,115750.00000000,115855.89000000,115702.39000000,115778.71000000,242.78688000
2025-09-13T08:00:00+00:00,BTC/USDT,1h,115778.72000000,116056.17000000,115767.33000000,115978.01000000,351.87471000
2025-09-13T09:00:00+00:00,BTC/USDT,1h,115978.01000000,116038.14000000,115871.26000000,116035.33000000,294.98775000
2025-09-13T10:00:00+00:00,BTC/USDT,1h,116035.32000000,116166.71000000,115916.41000000,115937.99000000,318.28855000
2025-09-13T11:00:00+00:00,BTC/USDT,1h,115937.99000000,116005.82000000,115888.00000000,115974.11000000,263.75402000
2025-09-13T12:00:00+00:00,BTC/USDT,1h,115974.11000000,116060.00000000,115872.82000000,116002.91000000,204.03439000
2025-09-13T13:00:00+00:00,BTC/USDT,1h,116002.91000000,116002.91000000,115621.65000000,115761.05000000,440.12472000
2025-09-13T14:00:00+00:00,BTC/USDT,1h,115761.06000000,115950.00000000,115603.98000000,115797.68000000,438.72685000
2025-09-13T15:00:00+00:00,BTC/USDT,1h,115797.67000000,115924.60000000,115619.57000000,115768.68000000,290.44971000
2025-09-13T16:00:00+00:00,BTC/USDT,1h,115768.68000000,115817.37000000,115127.27000000,115334.00000000,700.81830000
2025-09-13T17:00:00+00:00,BTC/USDT,1h,115333.99000000,115587.49000000,115180.00000000,115571.78000000,465.25625000
2025-09-13T18:00:00+00:00,BTC/USDT,1h,115571.79000000,115653.26000000,115433.09000000,115633.92000000,160.49564000
2025-09-13T19:00:00+00:00,BTC/USDT,1h,115633.91000000,115800.88000000,115570.78000000,115797.12000000,263.39165000
2025-09-13T20:00:00+00:00,BTC/USDT,1h,115797.12000000,115991.29000000,115797.11000000,115905.88000000,220.70474000
2025-09-13T21:00:00+00:00,BTC/USDT,1h,115905.88000000,115972.52000000,115839.98000000,115895.39000000,234.38734000
2025-09-13T22:00:00+00:00,BTC/USDT,1h,115895.40000000,115944.64000000,115809.90000000,115871.58000000,159.45156000
2025-09-13T23:00:00+00:00,BTC/USDT,1h,115871.58000000,115979.99000000,115861.39000000,115918.29000000,146.14080000
2025-09-14T00:00:00+00:00,BTC/USDT,1h,115918.29000000,116000.00000000,115815.13000000,115935.60000000,153.28277000
2025-09-14T01:00:00+00:00,BTC/USDT,1h,115935.61000000,115990.20000000,115744.67000000,115962.93000000,185.94891000
2025-09-14T02:00:00+00:00,BTC/USDT,1h,115962.92000000,116109.00000000,115750.00000000,115852.95000000,267.49819000
2025-09-14T03:00:00+00:00,BTC/USDT,1h,115852.95000000,115869.99000000,115651.99000000,115679.98000000,272.91216000
2025-09-14T04:00:00+00:00,BTC/USDT,1h,115679.99000000,115768.00000000,115449.59000000,115750.99000000,247.86689000
2025-09-14T05:00:00+00:00,BTC/USDT,1h,115751.00000000,115924.69000000,115735.58000000,115860.01000000,258.07375000
2025-09-14T06:00:00+00:00,BTC/USDT,1h,115860.01000000,115936.00000000,115693.95000000,115734.23000000,196.84102000
2025-09-14T07:00:00+00:00,BTC/USDT,1h,115734.24000000,115838.41000000,115734.23000000,115805.39000000,212.00183000
2025-09-14T08:00:00+00:00,BTC/USDT,1h,115805.39000000,115983.02000000,115759.44000000,115933.40000000,137.30583000
2025-09-14T09:00:00+00:00,BTC/USDT,1h,115933.40000000,116165.19000000,115905.88000000,116052.09000000,271.65824000
2025-09-14T10:00:00+00:00,BTC/USDT,1h,116052.10000000,116132.85000000,115955.57000000,116027.26000000,156.38468000
2025-09-14T11:00:00+00:00,BTC/USDT,1h,116027.25000000,116100.00000000,115748.78000000,115794.91000000,275.05839000
2025-09-14T12:00:00+00:00,BTC/USDT,1h,115794.92000000,115878.49000000,115662.62000000,115776.31000000,316.97870000
2025-09-14T13:00:00+00:00,BTC/USDT,1h,115776.31000000,115776.32000000,115217.01000000,115348.10000000,617.50773000
2025-09-14T14:00:00+00:00,BTC/USDT,1h,115348.10000000,115691.04000000,115141.80000000,115401.75000000,750.31099000
2025-09-14T15:00:00+00:00,BTC/USDT,1h,115401.75000000,115419.10000000,115200.40000000,115224.01000000,351.71527000
2025-09-14T16:00:00+00:00,BTC/USDT,1h,115224.01000000,115540.00000000,115193.90000000,115480.00000000,284.25459000
2025-09-14T17:00:00+00:00,BTC/USDT,1h,115480.00000000,115657.50000000,115413.46000000,115557.65000000,290.60711000
2025-09-14T18:00:00+00:00,BTC/USDT,1h,115557.65000000,115557.66000000,115375.05000000,115388.21000000,161.60603000
2025-09-14T19:00:00+00:00,BTC/USDT,1h,115388.21000000,115635.00000000,115330.99000000,115634.99000000,132.66154000
2025-09-14T20:00:00+00:00,BTC/USDT,1h,115634.99000000,115851.26000000,115634.99000000,115802.16000000,116.11592000
2025-09-14T21:00:00+00:00,BTC/USDT,1h,115802.16000000,116087.35000000,115607.99000000,116058.88000000,349.40859000
2025-09-14T22:00:00+00:00,BTC/USDT,1h,116059.48000000,116076.89000000,115810.22000000,116009.61000000,262.34337000
2025-09-14T23:00:00+00:00,BTC/USDT,1h,116009.62000000,116009.62000000,115135.00000000,115268.01000000,439.25947000
2025-09-15T00:00:00+00:00,BTC/USDT,1h,115268.01000000,115276.49000000,114972.29000000,115071.32000000,521.11024000
2025-09-15T01:00:00+00:00,BTC/USDT,1h,115071.32000000,115283.50000000,114825.00000000,115231.69000000,362.37165000
2025-09-15T02:00:00+00:00,BTC/USDT,1h,115231.69000000,115443.29000000,115214.55000000,115362.35000000,184.52455000
2025-09-15T03:00:00+00:00,BTC/USDT,1h,115362.35000000,115594.90000000,115347.91000000,115445.45000000,223.49300000
2025-09-15T04:00:00+00:00,BTC/USDT,1h,115445.46000000,116168.26000000,115400.00000000,116058.01000000,698.45937000
2025-09-15T05:00:00+00:00,BTC/USDT,1h,116058.01000000,116583.47000000,116019.05000000,116520.00000000,781.40763000
2025-09-15T06:00:00+00:00,BTC/USDT,1h,116519.13000000,116757.99000000,116043.01000000,116129.99000000,559.85108000
2025-09-15T07:00:00+00:00,BTC/USDT,1h,116130.00000000,116400.00000000,115626.96000000,115806.62000000,605.73350000
2025-09-15T08:00:00+00:00,BTC/USDT,1h,115806.62000000,115806.62000000,114709.18000000,114737.27000000,1325.86164000
2025-09-15T09:00:00+00:00,BTC/USDT,1h,114737.28000000,115188.00000000,114625.87000000,114868.59000000,1072.97754000
2025-09-15T10:00:00+00:00,BTC/USDT,1h,114868.60000000,114954.83000000,114720.69000000,114769.04000000,532.63649000
2025-09-15T11:00:00+00:00,BTC/USDT,1h,114769.03000000,115195.86000000,114740.97000000,115070.00000000,565.80309000
2025-09-15T12:00:00+00:00,BTC/USDT,1h,115070.01000000,115074.51000000,114671.75000000,114721.04000000,599.02223000
2025-09-15T13:00:00+00:00,BTC/USDT,1h,114721.03000000,115099.00000000,114384.00000000,114664.08000000,1056.42151000
2025-09-15T14:00:00+00:00,BTC/USDT,1h,114664.07000000,115029.81000000,114450.28000000,114679.56000000,775.27929000
2025-09-15T15:00:00+00:00,BTC/USDT,1h,114679.55000000,114909.40000000,114404.43000000,114842.90000000,564.69333000
2025-09-15T16:00:00+00:00,BTC/USDT,1h,114842.90000000,114922.59000000,114600.00000000,114662.57000000,364.30154000
2025-09-15T17:00:00+00:00,BTC/USDT,1h,114662.58000000,115130.00000000,114600.00000000,115120.03000000,284.01648000
2025-09-15T18:00:00+00:00,BTC/USDT,1h,115120.02000000,115360.54000000,114904.16000000,115307.79000000,538.96072000
2025-09-15T19:00:00+00:00,BTC/USDT,1h,115307.79000000,115570.00000000,114975.66000000,115307.78000000,685.41151000
2025-09-15T20:00:00+00:00,BTC/USDT,1h,115307.78000000,115515.41000000,115200.07000000,115379.99000000,325.59706000
2025-09-15T21:00:00+00:00,BTC/USDT,1h,115380.00000000,115538.55000000,115283.49000000,115528.00000000,170.93694000
2025-09-15T22:00:00+00:00,BTC/USDT,1h,115528.00000000,115605.07000000,115221.68000000,115288.01000000,235.69782000
2025-09-15T23:00:00+00:00,BTC/USDT,1h,115288.01000000,115476.00000000,115232.58000000,115349.71000000,177.94328000
2025-09-16T00:00:00+00:00,BTC/USDT,1h,115349.71000000,115349.71000000,114945.01000000,115088.66000000,244.26086000
2025-09-16T01:00:00+00:00,BTC/USDT,1h,115088.66000000,115520.00000000,115008.69000000,115024.24000000,232.34980000
2025-09-16T02:00:00+00:00,BTC/USDT,1h,115024.24000000,115227.51000000,115024.23000000,115034.47000000,151.83383000
2025-09-16T03:00:00+00:00,BTC/USDT,1h,115034.48000000,115426.49000000,115034.44000000,115307.25000000,236.03187000
2025-09-16T04:00:00+00:00,BTC/USDT,1h,115307.26000000,115560.01000000,114930.00000000,115503.01000000,446.01382000
2025-09-16T05:00:00+00:00,BTC/USDT,1h,115503.02000000,115957.23000000,115454.30000000,115936.65000000,685.43114000
2025-09-16T06:00:00+00:00,BTC/USDT,1h,115936.65000000,116009.62000000,115591.57000000,115770.35000000,449.53079000
2025-09-16T07:00:00+00:00,BTC/USDT,1h,115770.36000000,115886.17000000,115724.41000000,115840.00000000,319.02367000
2025-09-16T08:00:00+00:00,BTC/USDT,1h,115839.99000000,115981.17000000,115526.50000000,115658.76000000,463.00777000
2025-09-16T09:00:00+00:00,BTC/USDT,1h,115658.76000000,115720.00000000,115443.65000000,115477.27000000,286.71309000
2025-09-16T10:00:00+00:00,BTC/USDT,1h,115477.28000000,115590.49000000,115372.35000000,115372.46000000,292.61330000
2025-09-16T11:00:00+00:00,BTC/USDT,1h,115372.47000000,115431.52000000,115206.15000000,115287.83000000,303.19825000
2025-09-16T12:00:00+00:00,BTC/USDT,1h,115287.84000000,115460.20000000,115287.38000000,115439.36000000,296.84884000
2025-09-16T13:00:00+00:00,BTC/USDT,1h,115439.36000000,115558.06000000,114737.11000000,115200.00000000,1064.59506000
2025-09-16T14:00:00+00:00,BTC/USDT,1h,115200.00000000,115306.71000000,114811.00000000,115296.86000000,607.41382000
2025-09-16T15:00:00+00:00,BTC/USDT,1h,115296.86000000,115905.89000000,115010.66000000,115905.88000000,653.80057000
2025-09-16T16:00:00+00:00,BTC/USDT,1h,115905.88000000,116068.92000000,115608.28000000,116068.06000000,691.27604000
2025-09-16T17:00:00+00:00,BTC/USDT,1h,116068.05000000,116870.76000000,116056.99000000,116461.54000000,1252.39334000
2025-09-16T18:00:00+00:00,BTC/USDT,1h,116461.55000000,116776.66000000,116226.12000000,116418.86000000,486.09455000
2025-09-16T19:00:00+00:00,BTC/USDT,1h,116418.87000000,116820.00000000,116395.60000000,116800.12000000,525.61626000
2025-09-16T20:00:00+00:00,BTC/USDT,1h,116800.13000000,116908.83000000,116722.56000000,116839.47000000,367.21592000
2025-09-16T21:00:00+00:00,BTC/USDT,1h,116839.47000000,116940.26000000,116584.45000000,116800.51000000,295.98351000
2025-09-16T22:00:00+00:00,BTC/USDT,1h,116800.51000000,116964.27000000,116694.73000000,116855.58000000,312.66858000
2025-09-16T23:00:00+00:00,BTC/USDT,1h,116855.58000000,116920.46000000,116632.00000000,116788.96000000,262.99472000
2025-09-17T00:00:00+00:00,BTC/USDT,1h,116788.96000000,116832.00000000,116560.00000000,116560.01000000,269.72360000
2025-09-17T01:00:00+00:00,BTC/USDT,1h,116560.01000000,116768.00000000,116516.92000000,116662.25000000,267.74519000
2025-09-17T02:00:00+00:00,BTC/USDT,1h,116662.25000000,117077.16000000,116556.52000000,116686.43000000,742.45370000
2025-09-17T03:00:00+00:00,BTC/USDT,1h,116686.43000000,116758.83000000,116371.81000000,116372.04000000,377.83050000
2025-09-17T04:00:00+00:00,BTC/USDT,1h,116372.05000000,116480.01000000,116160.22000000,116313.49000000,262.15716000
2025-09-17T05:00:00+00:00,BTC/USDT,1h,116313.50000000,117214.00000000,116313.49000000,117108.30000000,894.88999000
2025-09-17T06:00:00+00:00,BTC/USDT,1h,117108.31000000,117286.73000000,116970.41000000,117234.27000000,770.01131000
2025-09-17T07:00:00+00:00,BTC/USDT,1h,117234.28000000,117275.00000000,117125.78000000,117162.48000000,557.97471000
2025-09-17T08:00:00+00:00,BTC/USDT,1h,117162.48000000,117189.86000000,116683.99000000,116860.00000000,635.73334000
2025-09-17T09:00:00+00:00,BTC/USDT,1h,116860.01000000,116860.01000000,116548.88000000,116550.01000000,380.39506000
2025-09-17T10:00:00+00:00,BTC/USDT,1h,116550.01000000,116604.26000000,116267.44000000,116359.14000000,356.93808000
2025-09-17T11:00:00+00:00,BTC/USDT,1h,116359.14000000,116383.87000000,116253.27000000,116258.13000000,282.02162000
2025-09-17T12:00:00+00:00,BTC/USDT,1h,116258.12000000,116516.93000000,116096.41000000,116204.94000000,387.04674000
2025-09-17T13:00:00+00:00,BTC/USDT,1h,116204.94000000,116330.75000000,115905.88000000,116107.19000000,664.85629000
2025-09-17T14:00:00+00:00,BTC/USDT,1h,116107.18000000,116240.00000000,115432.00000000,115606.61000000,1214.53614000
2025-09-17T15:00:00+00:00,BTC/USDT,1h,115606.62000000,115886.17000000,115527.48000000,115875.32000000,581.89144000
2025-09-17T16:00:00+00:00,BTC/USDT,1h,115875.33000000,115875.33000000,115386.21000000,115640.77000000,659.41460000
2025-09-17T17:00:00+00:00,BTC/USDT,1h,115640.76000000,116288.27000000,115500.00000000,115504.48000000,696.96558000
2025-09-17T18:00:00+00:00,BTC/USDT,1h,115504.49000000,116333.33000000,114720.81000000,115226.93000000,3427.38872000
2025-09-17T19:00:00+00:00,BTC/USDT,1h,115226.93000000,115989.20000000,115068.33000000,115652.02000000,955.04331000
2025-09-17T20:00:00+00:00,BTC/USDT,1h,115652.02000000,116140.20000000,115496.68000000,115621.47000000,455.26463000
2025-09-17T21:00:00+00:00,BTC/USDT,1h,115621.47000000,116120.00000000,115307.33000000,116038.39000000,336.05085000
2025-09-17T22:00:00+00:00,BTC/USDT,1h,116038.39000000,116823.72000000,116038.39000000,116559.69000000,741.17447000
2025-09-17T23:00:00+00:00,BTC/USDT,1h,116559.68000000,116990.68000000,116340.07000000,116447.59000000,836.73837000
2025-09-18T00:00:00+00:00,BTC/USDT,1h,116447.60000000,116470.52000000,116092.76000000,116350.65000000,442.99009000
2025-09-18T01:00:00+00:00,BTC/USDT,1h,116350.65000000,116869.46000000,116340.00000000,116634.84000000,440.77649000
2025-09-18T02:00:00+00:00,BTC/USDT,1h,116634.84000000,116959.96000000,116429.55000000,116950.47000000,318.21360000
2025-09-18T03:00:00+00:00,BTC/USDT,1h,116950.46000000,117896.00000000,116896.93000000,117581.66000000,1879.70060000
2025-09-18T04:00:00+00:00,BTC/USDT,1h,117581.67000000,117750.00000000,117219.50000000,117605.16000000,612.38170000
2025-09-18T05:00:00+00:00,BTC/USDT,1h,117605.16000000,117605.16000000,117176.10000000,117273.36000000,340.19852000
2025-09-18T06:00:00+00:00,BTC/USDT,1h,117273.37000000,117338.05000000,116888.02000000,117102.43000000,474.42047000
2025-09-18T07:00:00+00:00,BTC/USDT,1h,117102.43000000,117208.00000000,117048.81000000,117086.01000000,362.62720000
2025-09-18T08:00:00+00:00,BTC/USDT,1h,117086.01000000,117413.04000000,117010.59000000,117229.59000000,383.66591000
2025-09-18T09:00:00+00:00,BTC/USDT,1h,117229.58000000,117350.00000000,117107.57000000,117298.81000000,260.44715000
2025-09-18T10:00:00+00:00,BTC/USDT,1h,117298.82000000,117307.50000000,117078.72000000,117190.47000000,236.63641000
2025-09-18T11:00:00+00:00,BTC/USDT,1h,117190.48000000,117300.00000000,117013.77000000,117063.40000000,285.00282000
2025-09-18T12:00:00+00:00,BTC/USDT,1h,117063.41000000,117279.00000000,116977.59000000,117124.69000000,249.62123000
2025-09-18T13:00:00+00:00,BTC/USDT,1h,117124.69000000,117655.55000000,117004.28000000,117432.04000000,647.01760000
2025-09-18T14:00:00+00:00,BTC/USDT,1h,117432.04000000,117843.83000000,117400.54000000,117640.54000000,711.59459000
2025-09-18T15:00:00+00:00,BTC/USDT,1h,117640.54000000,117705.51000000,117322.41000000,117583.56000000,808.09852000
2025-09-18T16:00:00+00:00,BTC/USDT,1h,117583.56000000,117789.00000000,117500.01000000,117565.60000000,483.30991000
2025-09-18T17:00:00+00:00,BTC/USDT,1h,117565.59000000,117765.59000000,117418.45000000,117579.93000000,479.43176000
2025-09-18T18:00:00+00:00,BTC/USDT,1h,117579.94000000,117900.00000000,117512.11000000,117822.97000000,474.53821000
2025-09-18T19:00:00+00:00,BTC/USDT,1h,117822.98000000,117822.98000000,117196.33000000,117450.21000000,391.34362000
2025-09-18T20:00:00+00:00,BTC/USDT,1h,117450.21000000,117657.17000000,117337.95000000,117521.14000000,192.47211000
2025-09-18T21:00:00+00:00,BTC/USDT,1h,117521.14000000,117521.14000000,117299.21000000,117299.21000000,187.11636000
2025-09-18T22:00:00+00:00,BTC/USDT,1h,117299.21000000,117334.80000000,117027.34000000,117061.02000000,345.51742000
2025-09-18T23:00:00+00:00,BTC/USDT,1h,117061.02000000,117172.21000000,116612.03000000,117073.53000000,650.11136000
2025-09-19T00:00:00+00:00,BTC/USDT,1h,117073.53000000,117427.70000000,117020.00000000,117424.20000000,328.86734000
2025-09-19T01:00:00+00:00,BTC/USDT,1h,117424.21000000,117459.99000000,117118.21000000,117241.32000000,268.67490000
2025-09-19T02:00:00+00:00,BTC/USDT,1h,117241.32000000,117285.99000000,117044.13000000,117112.80000000,395.51641000
2025-09-19T03:00:00+00:00,BTC/USDT,1h,117112.81000000,117291.01000000,116871.61000000,116977.58000000,333.32919000
2025-09-19T04:00:00+00:00,BTC/USDT,1h,116977.58000000,117100.00000000,116700.02000000,116990.65000000,377.41298000
2025-09-19T05:00:00+00:00,BTC/USDT,1h,116990.65000000,117010.00000000,116780.75000000,116894.83000000,306.31482000
2025-09-19T06:00:00+00:00,BTC/USDT,1h,116894.83000000,116894.83000000,116633.86000000,116669.75000000,430.54942000
2025-09-19T07:00:00+00:00,BTC/USDT,1h,116669.76000000,116992.81000000,116665.00000000,116909.97000000,423.81384000
2025-09-19T08:00:00+00:00,BTC/USDT,1h,116909.98000000,117090.36000000,116882.47000000,116915.88000000,283.85786000
2025-09-19T09:00:00+00:00,BTC/USDT,1h,116915.88000000,116979.86000000,116488.00000000,116488.00000000,361.47256000
2025-09-19T10:00:00+00:00,BTC/USDT,1h,116488.00000000,116551.54000000,116434.23000000,116532.68000000,289.26548000
2025-09-19T11:00:00+00:00,BTC/USDT,1h,116532.68000000,116554.05000000,116300.00000000,116394.72000000,309.23241000
2025-09-19T12:00:00+00:00,BTC/USDT,1h,116394.72000000,116529.08000000,116133.66000000,116162.45000000,488.73837000
2025-09-19T13:00:00+00:00,BTC/USDT,1h,116162.45000000,116465.35000000,116075.00000000,116284.64000000,435.12378000
2025-09-19T14:00:00+00:00,BTC/USDT,1h,116284.63000000,116479.11000000,115800.00000000,115899.99000000,846.39402000
2025-09-19T15:00:00+00:00,BTC/USDT,1h,115899.99000000,115952.95000000,115464.19000000,115884.03000000,887.61948000
2025-09-19T16:00:00+00:00,BTC/USDT,1h,115884.03000000,116136.00000000,115800.00000000,116088.68000000,355.37234000
2025-09-19T17:00:00+00:00,BTC/USDT,1h,116088.68000000,116093.18000000,115538.67000000,115542.73000000,360.56628000
2025-09-19T18:00:00+00:00,BTC/USDT,1h,115542.73000000,115644.73000000,115382.98000000,115407.49000000,388.78402000
2025-09-19T19:00:00+00:00,BTC/USDT,1h,115407.49000000,115479.45000000,115112.58000000,115125.12000000,308.93231000
2025-09-19T20:00:00+00:00,BTC/USDT,1h,115125.13000000,115445.23000000,115100.00000000,115342.57000000,338.84816000
2025-09-19T21:00:00+00:00,BTC/USDT,1h,115342.56000000,115532.73000000,115306.07000000,115465.39000000,178.46294000
2025-09-19T22:00:00+00:00,BTC/USDT,1h,115465.39000000,115657.28000000,115465.39000000,115613.21000000,139.86142000
2025-09-19T23:00:00+00:00,BTC/USDT,1h,115613.21000000,115648.00000000,115448.01000000,115632.38000000,155.08032000
2025-09-20T00:00:00+00:00,BTC/USDT,1h,115632.39000000,115730.41000000,115548.92000000,115723.73000000,220.87363000
2025-09-20T01:00:00+00:00,BTC/USDT,1h,115723.72000000,115723.73000000,115610.84000000,115623.51000000,178.50409000
2025-09-20T02:00:00+00:00,BTC/USDT,1h,115623.50000000,115623.51000000,115444.00000000,115606.39000000,154.74621000
2025-09-20T03:00:00+00:00,BTC/USDT,1h,115606.40000000,115606.40000000,115408.47000000,115445.00000000,162.93905000
2025-09-20T04:00:00+00:00,BTC/USDT,1h,115445.00000000,115582.38000000,115409.08000000,115568.41000000,144.02474000
2025-09-20T05:00:00+00:00,BTC/USDT,1h,115568.41000000,115717.50000000,115512.63000000,115717.49000000,224.42562000
2025-09-20T06:00:00+00:00,BTC/USDT,1h,115717.49000000,115724.34000000,115625.85000000,115700.46000000,159.86607000
2025-09-20T07:00:00+00:00,BTC/USDT,1h,115700.47000000,115985.20000000,115683.47000000,115968.56000000,231.14483000
2025-09-20T08:00:00+00:00,BTC/USDT,1h,115968.56000000,115968.57000000,115700.01000000,115701.43000000,183.70782000
2025-09-20T09:00:00+00:00,BTC/USDT,1h,115701.43000000,115794.39000000,115664.11000000,115672.80000000,196.19831000
2025-09-20T10:00:00+00:00,BTC/USDT,1h,115672.80000000,115798.16000000,115672.79000000,115747.54000000,170.36368000
2025-09-20T11:00:00+00:00,BTC/USDT,1h,115747.54000000,115909.54000000,115747.54000000,115894.06000000,242.77605000
2025-09-20T12:00:00+00:00,BTC/USDT,1h,115894.05000000,115950.89000000,115804.47000000,115874.49000000,155.45643000
2025-09-20T13:00:00+00:00,BTC/USDT,1h,115874.50000000,115951.96000000,115859.48000000,115915.80000000,123.96705000
2025-09-20T14:00:00+00:00,BTC/USDT,1h,115915.79000000,116036.00000000,115883.30000000,115970.36000000,209.62425000
2025-09-20T15:00:00+00:00,BTC/USDT,1h,115970.36000000,116121.81000000,115946.91000000,115986.69000000,347.86651000
2025-09-20T16:00:00+00:00,BTC/USDT,1h,115986.70000000,116057.24000000,115882.58000000,116027.94000000,226.24762000
2025-09-20T17:00:00+00:00,BTC/USDT,1h,116027.95000000,116079.46000000,115817.28000000,115821.72000000,189.06923000
2025-09-20T18:00:00+00:00,BTC/USDT,1h,115821.73000000,115821.73000000,115700.00000000,115711.51000000,191.99051000
2025-09-20T19:00:00+00:00,BTC/USDT,1h,115711.51000000,115812.62000000,115698.08000000,115702.00000000,290.90070000
2025-09-20T20:00:00+00:00,BTC/USDT,1h,115702.00000000,115789.57000000,115689.91000000,115721.10000000,163.21635000
2025-09-20T21:00:00+00:00,BTC/USDT,1h,115721.10000000,115944.70000000,115721.10000000,115786.31000000,200.36310000
2025-09-20T22:00:00+00:00,BTC/USDT,1h,115786.30000000,115796.54000000,115742.14000000,115776.06000000,169.22355000
2025-09-20T23:00:00+00:00,BTC/USDT,1h,115776.06000000,115776.06000000,115603.42000000,115685.63000000,137.43212000
2025-09-21T00:00:00+00:00,BTC/USDT,1h,115685.63000000,115732.94000000,115559.97000000,115660.01000000,204.93197000
2025-09-21T01:00:00+00:00,BTC/USDT,1h,115660.01000000,115660.01000000,115500.00000000,115500.00000000,193.04313000
2025-09-21T02:00:00+00:00,BTC/USDT,1h,115500.01000000,115700.00000000,115441.83000000,115690.76000000,321.18986000
2025-09-21T03:00:00+00:00,BTC/USDT,1h,115690.76000000,115723.43000000,115616.38000000,115669.41000000,199.89426000
2025-09-21T04:00:00+00:00,BTC/USDT,1h,115669.42000000,115669.42000000,115494.22000000,115494.23000000,121.47731000
2025-09-21T05:00:00+00:00,BTC/USDT,1h,115494.23000000,115663.49000000,115487.56000000,115663.48000000,237.18676000
2025-09-21T06:00:00+00:00,BTC/USDT,1h,115663.48000000,115787.39000000,115663.48000000,115687.20000000,201.84931000
2025-09-21T07:00:00+00:00,BTC/USDT,1h,115687.21000000,115815.98000000,115615.00000000,115815.97000000,246.42642000
2025-09-21T08:00:00+00:00,BTC/USDT,1h,115815.98000000,115819.06000000,115560.94000000,115629.60000000,182.84602000
2025-09-21T09:00:00+00:00,BTC/USDT,1h,115629.60000000,115704.53000000,115329.03000000,115683.54000000,335.85586000
2025-09-21T10:00:00+00:00,BTC/USDT,1h,115683.53000000,115708.33000000,115504.13000000,115522.31000000,111.62025000
2025-09-21T11:00:00+00:00,BTC/USDT,1h,115522.31000000,115694.74000000,115522.31000000,115603.45000000,156.53082000
2025-09-21T12:00:00+00:00,BTC/USDT,1h,115603.45000000,115747.23000000,115603.44000000,115683.59000000,183.94971000
2025-09-21T13:00:00+00:00,BTC/USDT,1h,115683.59000000,115747.06000000,115645.20000000,115661.65000000,136.30562000
2025-09-21T14:00:00+00:00,BTC/USDT,1h,115661.65000000,115691.15000000,115500.00000000,115500.01000000,192.82816000
2025-09-21T15:00:00+00:00,BTC/USDT,1h,115500.00000000,115599.60000000,115473.19000000,115531.61000000,158.23691000
2025-09-21T16:00:00+00:00,BTC/USDT,1h,115531.62000000,115549.90000000,115209.02000000,115316.00000000,239.98829000
2025-09-21T17:00:00+00:00,BTC/USDT,1h,115316.01000000,115629.58000000,115249.94000000,115628.18000000,234.56593000
2025-09-21T18:00:00+00:00,BTC/USDT,1h,115628.19000000,115665.52000000,115513.98000000,115530.90000000,173.87321000
2025-09-21T19:00:00+00:00,BTC/USDT,1h,115530.89000000,115530.90000000,115318.02000000,115480.05000000,132.68903000
2025-09-21T20:00:00+00:00,BTC/USDT,1h,115480.05000000,115503.47000000,115307.51000000,115307.51000000,93.55507000
2025-09-21T21:00:00+00:00,BTC/USDT,1h,115307.52000000,115434.53000000,115250.01000000,115405.48000000,101.37440000
2025-09-21T22:00:00+00:00,BTC/USDT,1h,115405.48000000,115545.43000000,115188.00000000,115538.90000000,154.30721000
2025-09-21T23:00:00+00:00,BTC/USDT,1h,115538.91000000,115538.91000000,115200.00000000,115232.29000000,196.99668000
2025-09-22T00:00:00+00:00,BTC/USDT,1h,115232.29000000,115379.25000000,114290.16000000,114407.28000000,1196.13685000
2025-09-22T01:00:00+00:00,BTC/USDT,1h,114407.28000000,114750.00000000,114250.98000000,114273.45000000,660.65043000
2025-09-22T02:00:00+00:00,BTC/USDT,1h,114273.44000000,114618.89000000,114150.00000000,114187.81000000,895.13507000
2025-09-22T03:00:00+00:00,BTC/USDT,1h,114187.80000000,114654.36000000,114187.80000000,114649.89000000,326.66818000
2025-09-22T04:00:00+00:00,BTC/USDT,1h,114649.89000000,114649.90000000,114397.32000000,114433.53000000,208.01066000
2025-09-22T05:00:00+00:00,BTC/USDT,1h,114433.53000000,114551.80000000,113623.00000000,113691.19000000,753.79586000
2025-09-22T06:00:00+00:00,BTC/USDT,1h,113691.18000000,113698.38000000,111800.00000000,112800.77000000,5199.12797000
2025-09-22T07:00:00+00:00,BTC/USDT,1h,112800.77000000,112999.00000000,112476.17000000,112519.99000000,1129.86840000
2025-09-22T08:00:00+00:00,BTC/USDT,1h,112520.00000000,112780.00000000,112452.00000000,112629.07000000,810.01414000
2025-09-22T09:00:00+00:00,BTC/USDT,1h,112629.06000000,112662.87000000,112173.52000000,112336.62000000,1219.89658000
2025-09-22T10:00:00+00:00,BTC/USDT,1h,112336.62000000,112848.33000000,112262.22000000,112792.16000000,523.20588000
2025-09-22T11:00:00+00:00,BTC/USDT,1h,112792.16000000,112976.02000000,112683.49000000,112876.97000000,499.11385000
2025-09-22T12:00:00+00:00,BTC/USDT,1h,112876.97000000,112876.97000000,112520.00000000,112738.65000000,504.05132000
2025-09-22T13:00:00+00:00,BTC/USDT,1h,112738.64000000,113148.29000000,112380.00000000,113130.63000000,813.72754000
2025-09-22T14:00:00+00:00,BTC/USDT,1h,113130.63000000,113432.76000000,112754.15000000,112933.16000000,1386.14648000
2025-09-22T15:00:00+00:00,BTC/USDT,1h,112933.16000000,113024.23000000,112576.42000000,112815.50000000,609.57711000
2025-09-22T16:00:00+00:00,BTC/USDT,1h,112815.50000000,112888.00000000,112585.87000000,112600.68000000,359.00005000
2025-09-22T17:00:00+00:00,BTC/USDT,1h,112600.69000000,112622.95000000,112250.89000000,112398.66000000,595.09480000
2025-09-22T18:00:00+00:00,BTC/USDT,1h,112398.65000000,112816.55000000,112345.54000000,112429.13000000,470.04903000
2025-09-22T19:00:00+00:00,BTC/USDT,1h,112429.12000000,112600.87000000,111936.40000000,112122.90000000,1307.37365000
2025-09-22T20:00:00+00:00,BTC/USDT,1h,112122.90000000,112977.41000000,111975.28000000,112781.88000000,596.84005000
2025-09-22T21:00:00+00:00,BTC/USDT,1h,112781.87000000,112970.00000000,112602.79000000,112969.99000000,293.31156000
2025-09-22T22:00:00+00:00,BTC/USDT,1h,112969.99000000,112970.00000000,112594.33000000,112643.25000000,289.60715000
2025-09-22T23:00:00+00:00,BTC/USDT,1h,112643.25000000,112739.14000000,112592.20000000,112650.99000000,135.31095000
2025-09-23T00:00:00+00:00,BTC/USDT,1h,112650.99000000,112833.09000000,112385.23000000,112395.32000000,400.92095000
2025-09-23T01:00:00+00:00,BTC/USDT,1h,112395.32000000,112502.29000000,112138.88000000,112156.66000000,439.66589000
2025-09-23T02:00:00+00:00,BTC/USDT,1h,112156.66000000,112487.38000000,111674.00000000,111811.88000000,717.47413000
2025-09-23T03:00:00+00:00,BTC/USDT,1h,111811.88000000,112446.97000000,111478.00000000,112339.99000000,840.03485000
2025-09-23T04:00:00+00:00,BTC/USDT,1h,112339.99000000,112469.21000000,111876.15000000,112442.30000000,530.48180000
2025-09-23T05:00:00+00:00,BTC/USDT,1h,112442.29000000,112894.49000000,112413.01000000,112665.44000000,645.16259000
2025-09-23T06:00:00+00:00,BTC/USDT,1h,112665.44000000,113111.89000000,112616.93000000,112974.96000000,574.99132000
2025-09-23T07:00:00+00:00,BTC/USDT,1h,112974.97000000,113114.01000000,112882.48000000,113090.13000000,754.18067000
2025-09-23T08:00:00+00:00,BTC/USDT,1h,113090.13000000,113177.72000000,112936.98000000,113133.84000000,657.66339000
2025-09-23T09:00:00+00:00,BTC/USDT,1h,113133.84000000,113281.50000000,112888.00000000,112934.47000000,430.99222000
2025-09-23T10:00:00+00:00,BTC/USDT,1h,112934.48000000,113006.56000000,112828.62000000,112969.32000000,382.87944000
2025-09-23T11:00:00+00:00,BTC/USDT,1h,112969.32000000,113081.35000000,112683.33000000,112975.99000000,343.04129000
2025-09-23T12:00:00+00:00,BTC/USDT,1h,112975.99000000,113049.90000000,112811.40000000,112941.02000000,342.98937000
2025-09-23T13:00:00+00:00,BTC/USDT,1h,112941.01000000,113024.31000000,112722.78000000,112952.31000000,426.02927000
2025-09-23T14:00:00+00:00,BTC/USDT,1h,112952.32000000,113290.50000000,112571.81000000,112652.91000000,713.09459000
2025-09-23T15:00:00+00:00,BTC/USDT,1h,112652.91000000,113072.89000000,112496.61000000,112882.19000000,466.71943000
2025-09-23T16:00:00+00:00,BTC/USDT,1h,112882.20000000,112958.58000000,112486.37000000,112823.63000000,531.06975000
2025-09-23T17:00:00+00:00,BTC/USDT,1h,112823.62000000,112823.62000000,111888.00000000,111957.76000000,587.62346000
2025-09-23T18:00:00+00:00,BTC/USDT,1h,111957.76000000,112200.00000000,111686.90000000,111780.10000000,710.40527000
2025-09-23T19:00:00+00:00,BTC/USDT,1h,111780.09000000,111979.27000000,111540.20000000,111655.29000000,565.08344000
2025-09-23T20:00:00+00:00,BTC/USDT,1h,111655.29000000,111994.99000000,111458.73000000,111985.77000000,495.90964000
2025-09-23T21:00:00+00:00,BTC/USDT,1h,111985.78000000,112202.24000000,111893.44000000,112161.54000000,270.56814000
2025-09-23T22:00:00+00:00,BTC/USDT,1h,112161.53000000,112213.95000000,112002.16000000,112159.23000000,231.71626000
2025-09-23T23:00:00+00:00,BTC/USDT,1h,112159.24000000,112220.54000000,111879.73000000,111998.80000000,242.62314000
2025-09-24T00:00:00+00:00,BTC/USDT,1h,111998.80000000,112380.00000000,111816.86000000,112230.72000000,457.37128000
2025-09-24T01:00:00+00:00,BTC/USDT,1h,112230.73000000,112500.00000000,112140.00000000,112451.26000000,263.95045000
2025-09-24T02:00:00+00:00,BTC/USDT,1h,112451.25000000,112500.00000000,111896.43000000,112111.62000000,1045.64078000
2025-09-24T03:00:00+00:00,BTC/USDT,1h,112111.62000000,112223.15000000,111683.09000000,111683.09000000,1081.07058000
2025-09-24T04:00:00+00:00,BTC/USDT,1h,111683.10000000,112374.32000000,111042.66000000,112161.93000000,1377.98323000
2025-09-24T05:00:00+00:00,BTC/USDT,1h,112161.94000000,112666.74000000,112133.83000000,112636.84000000,480.95742000
2025-09-24T06:00:00+00:00,BTC/USDT,1h,112636.85000000,112779.37000000,112535.78000000,112596.69000000,508.56699000
2025-09-24T07:00:00+00:00,BTC/USDT,1h,112596.70000000,112742.06000000,112459.44000000,112583.54000000,538.18220000
2025-09-24T08:00:00+00:00,BTC/USDT,1h,112583.54000000,112636.85000000,112405.62000000,112622.80000000,369.32812000
2025-09-24T09:00:00+00:00,BTC/USDT,1h,112622.81000000,112837.42000000,112501.38000000,112735.06000000,247.34844000
2025-09-24T10:00:00+00:00,BTC/USDT,1h,112735.05000000,112960.00000000,112668.51000000,112941.98000000,402.84076000
2025-09-24T11:00:00+00:00,BTC/USDT,1h,112941.99000000,113162.17000000,112877.30000000,113029.46000000,548.21142000
2025-09-24T12:00:00+00:00,BTC/USDT,1h,113029.45000000,113097.99000000,112944.00000000,113070.69000000,272.77737000
2025-09-24T13:00:00+00:00,BTC/USDT,1h,113070.69000000,113222.69000000,112808.00000000,112823.62000000,578.33959000
2025-09-24T14:00:00+00:00,BTC/USDT,1h,112823.62000000,113890.00000000,112823.61000000,113720.64000000,966.18934000
2025-09-24T15:00:00+00:00,BTC/USDT,1h,113720.64000000,113883.68000000,113257.01000000,113346.41000000,717.74437000
2025-09-24T16:00:00+00:00,BTC/USDT,1h,113346.40000000,113753.00000000,113163.21000000,113732.01000000,447.67953000
2025-09-24T17:00:00+00:00,BTC/USDT,1h,113732.01000000,113940.00000000,113616.00000000,113761.30000000,361.88913000
2025-09-24T18:00:00+00:00,BTC/USDT,1h,113761.31000000,113830.66000000,113512.53000000,113639.80000000,202.61449000
2025-09-24T19:00:00+00:00,BTC/USDT,1h,113639.80000000,113682.46000000,113292.25000000,113420.01000000,306.51270000
2025-09-24T20:00:00+00:00,BTC/USDT,1h,113420.00000000,113609.25000000,113401.99000000,113501.52000000,233.37909000
2025-09-24T21:00:00+00:00,BTC/USDT,1h,113501.52000000,113584.02000000,113283.99000000,113339.63000000,274.44453000
2025-09-24T22:00:00+00:00,BTC/USDT,1h,113339.63000000,113647.58000000,113250.59000000,113336.33000000,268.57434000
2025-09-24T23:00:00+00:00,BTC/USDT,1h,113336.34000000,113429.12000000,113204.71000000,113307.00000000,417.66352000
2025-09-25T00:00:00+00:00,BTC/USDT,1h,113307.01000000,113510.23000000,112960.00000000,113062.35000000,567.08586000
2025-09-25T01:00:00+00:00,BTC/USDT,1h,113062.35000000,113369.98000000,112446.15000000,112661.24000000,1139.29698000
2025-09-25T02:00:00+00:00,BTC/USDT,1h,112661.24000000,113179.94000000,112510.06000000,112907.38000000,569.88139000
2025-09-25T03:00:00+00:00,BTC/USDT,1h,112907.38000000,112907.39000000,112214.74000000,112546.21000000,773.34995000
2025-09-25T04:00:00+00:00,BTC/USDT,1h,112546.22000000,112614.43000000,111584.23000000,111735.66000000,1337.55309000
2025-09-25T05:00:00+00:00,BTC/USDT,1h,111735.67000000,112040.00000000,111597.86000000,111749.91000000,705.54263000
2025-09-25T06:00:00+00:00,BTC/USDT,1h,111749.91000000,111843.30000000,111515.87000000,111533.26000000,371.96659000
2025-09-25T07:00:00+00:00,BTC/USDT,1h,111533.26000000,111883.23000000,111450.42000000,111766.72000000,515.14719000
2025-09-25T08:00:00+00:00,BTC/USDT,1h,111766.73000000,112031.18000000,111689.38000000,111727.21000000,537.91010000
2025-09-25T09:00:00+00:00,BTC/USDT,1h,111727.20000000,112246.46000000,111571.57000000,111571.58000000,771.79377000
2025-09-25T10:00:00+00:00,BTC/USDT,1h,111571.58000000,111854.12000000,111525.81000000,111648.19000000,434.41742000
2025-09-25T11:00:00+00:00,BTC/USDT,1h,111648.19000000,111728.48000000,111283.63000000,111348.00000000,543.64106000
2025-09-25T12:00:00+00:00,BTC/USDT,1h,111347.99000000,111656.81000000,111020.00000000,111111.00000000,1058.26970000
2025-09-25T13:00:00+00:00,BTC/USDT,1h,111111.01000000,111719.05000000,110629.99000000,111000.00000000,2220.16862000
2025-09-25T14:00:00+00:00,BTC/USDT,1h,111000.00000000,111729.52000000,110983.03000000,111540.00000000,856.73547000
2025-09-25T15:00:00+00:00,BTC/USDT,1h,111540.01000000,111587.75000000,110868.90000000,111580.77000000,599.58449000
2025-09-25T16:00:00+00:00,BTC/USDT,1h,111580.77000000,111672.58000000,110904.91000000,110957.29000000,585.10481000
2025-09-25T17:00:00+00:00,BTC/USDT,1h,110957.28000000,110968.40000000,108654.00000000,108833.63000000,2899.70308000
2025-09-25T18:00:00+00:00,BTC/USDT,1h,108833.63000000,109801.78000000,108631.51000000,109760.20000000,1427.42291000
2025-09-25T19:00:00+00:00,BTC/USDT,1h,109760.20000000,109973.40000000,109302.54000000,109360.00000000,1217.19366000
2025-09-25T20:00:00+00:00,BTC/USDT,1h,109360.00000000,109482.62000000,109057.06000000,109163.44000000,424.71820000
2025-09-25T21:00:00+00:00,BTC/USDT,1h,109163.45000000,109666.30000000,109074.11000000,109420.00000000,347.85454000
2025-09-25T22:00:00+00:00,BTC/USDT,1h,109420.00000000,109587.99000000,109261.02000000,109419.97000000,280.53982000
2025-09-25T23:00:00+00:00,BTC/USDT,1h,109419.97000000,109685.72000000,108765.00000000,108994.49000000,1046.26824000
2025-09-26T00:00:00+00:00,BTC/USDT,1h,108994.49000000,109614.67000000,108809.24000000,109472.13000000,868.75424000
2025-09-26T01:00:00+00:00,BTC/USDT,1h,109472.12000000,109762.59000000,109313.17000000,109680.40000000,452.15578000
2025-09-26T02:00:00+00:00,BTC/USDT,1h,109680.39000000,109798.84000000,109487.26000000,109621.70000000,497.29551000
2025-09-26T03:00:00+00:00,BTC/USDT,1h,109621.70000000,109635.80000000,109293.25000000,109580.01000000,504.99021000
2025-09-26T04:00:00+00:00,BTC/USDT,1h,109580.00000000,109625.94000000,109250.87000000,109338.01000000,315.34456000
2025-09-26T05:00:00+00:00,BTC/USDT,1h,109338.02000000,109579.99000000,109085.78000000,109252.79000000,371.75832000
2025-09-26T06:00:00+00:00,BTC/USDT,1h,109252.79000000,109624.16000000,109016.00000000,109360.00000000,592.34105000
2025-09-26T07:00:00+00:00,BTC/USDT,1h,109360.00000000,109593.49000000,108913.00000000,109320.02000000,1776.45411000
2025-09-26T08:00:00+00:00,BTC/USDT,1h,109320.02000000,109607.50000000,109304.72000000,109567.20000000,575.78415000
2025-09-26T09:00:00+00:00,BTC/USDT,1h,109567.20000000,109690.98000000,109393.37000000,109568.72000000,441.33309000
2025-09-26T10:00:00+00:00,BTC/USDT,1h,109568.72000000,109568.72000000,108697.42000000,108895.00000000,735.10273000
2025-09-26T11:00:00+00:00,BTC/USDT,1h,108894.99000000,109200.00000000,108620.07000000,109133.50000000,923.24217000
2025-09-26T12:00:00+00:00,BTC/USDT,1h,109133.50000000,109579.00000000,108824.82000000,109372.68000000,863.36244000
2025-09-26T13:00:00+00:00,BTC/USDT,1h,109372.68000000,109779.73000000,109000.00000000,109669.73000000,991.99403000
2025-09-26T14:00:00+00:00,BTC/USDT,1h,109669.72000000,109779.73000000,108764.76000000,108836.00000000,900.45250000
2025-09-26T15:00:00+00:00,BTC/USDT,1h,108836.00000000,109358.50000000,108802.04000000,109027.78000000,486.11543000
2025-09-26T16:00:00+00:00,BTC/USDT,1h,109027.79000000,109618.00000000,109027.78000000,109460.01000000,291.37899000
2025-09-26T17:00:00+00:00,BTC/USDT,1h,109460.00000000,110000.00000000,109392.35000000,109899.99000000,627.01224000
2025-09-26T18:00:00+00:00,BTC/USDT,1h,109900.00000000,110300.00000000,109700.00000000,109727.99000000,571.22129000
2025-09-26T19:00:00+00:00,BTC/USDT,1h,109727.99000000,109727.99000000,109030.41000000,109172.20000000,603.81607000
2025-09-26T20:00:00+00:00,BTC/USDT,1h,109172.21000000,109347.59000000,109087.57000000,109288.44000000,245.23004000
2025-09-26T21:00:00+00:00,BTC/USDT,1h,109288.45000000,109530.00000000,109189.17000000,109469.07000000,210.90009000
2025-09-26T22:00:00+00:00,BTC/USDT,1h,109469.07000000,109607.38000000,109348.00000000,109558.25000000,183.31873000
2025-09-26T23:00:00+00:00,BTC/USDT,1h,109558.24000000,109687.69000000,109432.07000000,109643.46000000,213.65814000
2025-09-27T00:00:00+00:00,BTC/USDT,1h,109643.46000000,109660.88000000,109472.23000000,109649.29000000,268.55384000
2025-09-27T01:00:00+00:00,BTC/USDT,1h,109649.29000000,109657.45000000,109330.08000000,109431.92000000,230.21003000
2025-09-27T02:00:00+00:00,BTC/USDT,1h,109431.92000000,109482.64000000,109324.42000000,109408.18000000,280.63961000
2025-09-27T03:00:00+00:00,BTC/USDT,1h,109408.18000000,109743.91000000,109384.63000000,109553.77000000,262.25571000
2025-09-27T04:00:00+00:00,BTC/USDT,1h,109553.77000000,109742.27000000,109514.63000000,109654.99000000,248.07725000
2025-09-27T05:00:00+00:00,BTC/USDT,1h,109654.99000000,109684.29000000,109593.65000000,109635.72000000,128.97939000
2025-09-27T06:00:00+00:00,BTC/USDT,1h,109635.73000000,109635.73000000,109481.44000000,109541.36000000,241.06138000
2025-09-27T07:00:00+00:00,BTC/USDT,1h,109541.36000000,109570.36000000,109332.02000000,109411.20000000,290.72314000
2025-09-27T08:00:00+00:00,BTC/USDT,1h,109411.19000000,109411.20000000,109252.00000000,109252.01000000,379.23249000
2025-09-27T09:00:00+00:00,BTC/USDT,1h,109252.01000000,109347.59000000,109064.40000000,109292.73000000,409.97831000
2025-09-27T10:00:00+00:00,BTC/USDT,1h,109292.74000000,109477.69000000,109256.07000000,109431.70000000,322.59239000
2025-09-27T11:00:00+00:00,BTC/USDT,1h,109431.71000000,109440.65000000,109280.00000000,109310.21000000,244.48710000
2025-09-27T12:00:00+00:00,BTC/USDT,1h,109310.22000000,109477.59000000,109227.14000000,109400.05000000,336.07633000
2025-09-27T13:00:00+00:00,BTC/USDT,1h,109400.06000000,109412.14000000,109299.64000000,109306.61000000,336.77227000
2025-09-27T14:00:00+00:00,BTC/USDT,1h,109306.61000000,109387.51000000,109255.90000000,109287.89000000,273.62629000
2025-09-27T15:00:00+00:00,BTC/USDT,1h,109287.89000000,109427.40000000,109193.00000000,109402.24000000,204.90854000
2025-09-27T16:00:00+00:00,BTC/USDT,1h,109402.25000000,109427.76000000,109308.00000000,109389.04000000,176.55452000
2025-09-27T17:00:00+00:00,BTC/USDT,1h,109389.05000000,109410.00000000,109243.89000000,109382.47000000,183.15972000
2025-09-27T18:00:00+00:00,BTC/USDT,1h,109382.48000000,109434.99000000,109345.11000000,109434.96000000,154.76580000
2025-09-27T19:00:00+00:00,BTC/USDT,1h,109434.96000000,109440.00000000,109383.48000000,109424.20000000,76.33855000
2025-09-27T20:00:00+00:00,BTC/USDT,1h,109424.21000000,109435.00000000,109362.72000000,109390.00000000,60.18528000
2025-09-27T21:00:00+00:00,BTC/USDT,1h,109390.00000000,109483.55000000,109389.47000000,109474.99000000,119.69499000
2025-09-27T22:00:00+00:00,BTC/USDT,1h,109474.98000000,109699.98000000,109474.98000000,109605.62000000,175.35372000
2025-09-27T23:00:00+00:00,BTC/USDT,1h,109605.63000000,109683.16000000,109461.53000000,109635.85000000,97.55978000
2025-09-28T00:00:00+00:00,BTC/USDT,1h,109635.85000000,109787.75000000,109548.00000000,109607.81000000,283.02575000
2025-09-28T01:00:00+00:00,BTC/USDT,1h,109607.81000000,109654.85000000,109325.05000000,109353.67000000,221.51490000
2025-09-28T02:00:00+00:00,BTC/USDT,1h,109353.68000000,109535.00000000,109353.67000000,109447.55000000,194.54739000
2025-09-28T03:00:00+00:00,BTC/USDT,1h,109447.54000000,109535.00000000,109409.17000000,109436.00000000,123.06023000
2025-09-28T04:00:00+00:00,BTC/USDT,1h,109436.00000000,109486.10000000,109365.88000000,109365.90000000,99.29239000
2025-09-28T05:00:00+00:00,BTC/USDT,1h,109365.90000000,109398.00000000,109356.42000000,109356.43000000,124.07352000
2025-09-28T06:00:00+00:00,BTC/USDT,1h,109356.44000000,109455.97000000,109260.00000000,109410.00000000,167.02015000
2025-09-28T07:00:00+00:00,BTC/USDT,1h,109410.00000000,109537.80000000,109350.00000000,109513.06000000,178.66470000
2025-09-28T08:00:00+00:00,BTC/USDT,1h,109513.06000000,109585.39000000,109423.21000000,109509.91000000,216.27847000
2025-09-28T09:00:00+00:00,BTC/USDT,1h,109509.91000000,109559.89000000,109323.88000000,109519.42000000,209.63846000
2025-09-28T10:00:00+00:00,BTC/USDT,1h,109519.43000000,109519.43000000,109368.43000000,109368.44000000,143.70537000
2025-09-28T11:00:00+00:00,BTC/USDT,1h,109368.43000000,109447.28000000,109250.00000000,109369.02000000,293.31231000
2025-09-28T12:00:00+00:00,BTC/USDT,1h,109369.02000000,109451.04000000,109189.99000000,109314.99000000,308.15163000
2025-09-28T13:00:00+00:00,BTC/USDT,1h,109314.99000000,109668.98000000,109314.98000000,109639.00000000,332.00919000
2025-09-28T14:00:00+00:00,BTC/USDT,1h,109639.00000000,109888.00000000,109502.56000000,109850.01000000,370.11862000
2025-09-28T15:00:00+00:00,BTC/USDT,1h,109850.00000000,110037.93000000,109712.23000000,110037.93000000,338.92347000
2025-09-28T16:00:00+00:00,BTC/USDT,1h,110037.92000000,110393.63000000,110008.54000000,110222.02000000,516.23853000
2025-09-28T17:00:00+00:00,BTC/USDT,1h,110222.01000000,110377.05000000,110130.26000000,110203.52000000,374.79675000
2025-09-28T18:00:00+00:00,BTC/USDT,1h,110203.53000000,110293.56000000,110060.88000000,110293.56000000,140.49771000
2025-09-28T19:00:00+00:00,BTC/USDT,1h,110293.56000000,110388.46000000,110119.71000000,110337.60000000,184.24395000
2025-09-28T20:00:00+00:00,BTC/USDT,1h,110337.61000000,110945.00000000,110294.78000000,110803.80000000,510.06540000
2025-09-28T21:00:00+00:00,BTC/USDT,1h,110803.80000000,110896.33000000,110640.81000000,110833.99000000,275.55071000
2025-09-28T22:00:00+00:00,BTC/USDT,1h,110833.99000000,112014.00000000,110833.99000000,111938.51000000,1130.21918000
2025-09-28T23:00:00+00:00,BTC/USDT,1h,111938.51000000,112350.00000000,111938.51000000,112163.95000000,807.38282000
2025-09-29T00:00:00+00:00,BTC/USDT,1h,112163.96000000,112309.98000000,111985.00000000,112260.57000000,716.58660000
2025-09-29T01:00:00+00:00,BTC/USDT,1h,112260.57000000,112310.00000000,111721.79000000,111855.30000000,649.21896000
2025-09-29T02:00:00+00:00,BTC/USDT,1h,111855.30000000,112022.27000000,111632.72000000,111750.02000000,621.54504000
2025-09-29T03:00:00+00:00,BTC/USDT,1h,111750.02000000,111857.51000000,111588.07000000,111857.51000000,310.12302000
2025-09-29T04:00:00+00:00,BTC/USDT,1h,111857.51000000,111904.34000000,111750.00000000,111812.00000000,278.79762000
2025-09-29T05:00:00+00:00,BTC/USDT,1h,111812.01000000,111812.01000000,111575.38000000,111753.34000000,348.73721000
2025-09-29T06:00:00+00:00,BTC/USDT,1h,111753.34000000,111850.00000000,111624.00000000,111632.83000000,334.53443000
2025-09-29T07:00:00+00:00,BTC/USDT,1h,111632.83000000,111865.96000000,111560.65000000,111865.95000000,869.29090000
2025-09-29T08:00:00+00:00,BTC/USDT,1h,111865.96000000,112421.99000000,111865.95000000,112099.75000000,787.97678000
2025-09-29T09:00:00+00:00,BTC/USDT,1h,112099.74000000,112219.00000000,111988.13000000,112110.90000000,460.23123000
2025-09-29T10:00:00+00:00,BTC/USDT,1h,112110.90000000,112225.00000000,112012.73000000,112090.18000000,476.12298000
2025-09-29T11:00:00+00:00,BTC/USDT,1h,112090.19000000,112112.86000000,111923.13000000,112100.00000000,401.91096000
2025-09-29T12:00:00+00:00,BTC/USDT,1h,112100.00000000,112515.00000000,111940.00000000,112022.16000000,744.63691000
2025-09-29T13:00:00+00:00,BTC/USDT,1h,112022.00000000,113490.00000000,111901.26000000,113227.29000000,1670.66371000
2025-09-29T14:00:00+00:00,BTC/USDT,1h,113227.29000000,114231.56000000,113220.21000000,114033.53000000,1791.07159000
2025-09-29T15:00:00+00:00,BTC/USDT,1h,114033.54000000,114127.13000000,113686.06000000,113815.57000000,858.42631000
2025-09-29T16:00:00+00:00,BTC/USDT,1h,113815.57000000,114053.00000000,113600.00000000,113626.15000000,728.01207000
2025-09-29T17:00:00+00:00,BTC/USDT,1h,113626.15000000,114151.00000000,113449.74000000,114043.91000000,843.56729000
2025-09-29T18:00:00+00:00,BTC/USDT,1h,114043.92000000,114137.73000000,113867.02000000,114008.79000000,396.89151000
2025-09-29T19:00:00+00:00,BTC/USDT,1h,114008.78000000,114390.93000000,113848.63000000,114265.55000000,747.93438000
2025-09-29T20:00:00+00:00,BTC/USDT,1h,114265.56000000,114400.00000000,114122.12000000,114258.29000000,497.44944000
2025-09-29T21:00:00+00:00,BTC/USDT,1h,114258.29000000,114329.80000000,114095.36000000,114176.73000000,218.26557000
2025-09-29T22:00:00+00:00,BTC/USDT,1h,114176.72000000,114216.41000000,114020.00000000,114189.81000000,443.81221000
2025-09-29T23:00:00+00:00,BTC/USDT,1h,114189.80000000,114395.92000000,114189.80000000,114311.96000000,345.31333000
2025-09-30T00:00:00+00:00,BTC/USDT,1h,114311.97000000,114758.00000000,114040.35000000,114525.97000000,953.85322000
2025-09-30T01:00:00+00:00,BTC/USDT,1h,114525.97000000,114792.00000000,114255.38000000,114500.31000000,766.25660000
2025-09-30T02:00:00+00:00,BTC/USDT,1h,114500.32000000,114583.19000000,114360.00000000,114455.96000000,385.99253000
2025-09-30T03:00:00+00:00,BTC/USDT,1h,114455.96000000,114514.50000000,114303.06000000,114376.39000000,388.27883000
2025-09-30T04:00:00+00:00,BTC/USDT,1h,114376.39000000,114376.40000000,114091.62000000,114091.63000000,355.43204000
2025-09-30T05:00:00+00:00,BTC/USDT,1h,114091.63000000,114205.17000000,113827.24000000,113904.00000000,698.31455000
2025-09-30T06:00:00+00:00,BTC/USDT,1h,113904.00000000,114084.22000000,113838.41000000,113891.64000000,527.62041000
2025-09-30T07:00:00+00:00,BTC/USDT,1h,113891.64000000,113994.61000000,113585.00000000,113699.23000000,745.45417000
2025-09-30T08:00:00+00:00,BTC/USDT,1h,113699.24000000,113741.37000000,113350.35000000,113451.89000000,653.46315000
2025-09-30T09:00:00+00:00,BTC/USDT,1h,113451.89000000,113451.89000000,112731.41000000,112781.97000000,995.05591000
2025-09-30T10:00:00+00:00,BTC/USDT,1h,112781.97000000,113085.23000000,112656.27000000,112923.49000000,721.99583000
2025-09-30T11:00:00+00:00,BTC/USDT,1h,112923.50000000,113135.44000000,112810.62000000,113055.01000000,498.77683000
2025-09-30T12:00:00+00:00,BTC/USDT,1h,113055.00000000,113255.99000000,112990.75000000,113002.06000000,347.59460000
2025-09-30T13:00:00+00:00,BTC/USDT,1h,113002.06000000,113677.23000000,112866.11000000,113404.53000000,823.64679000
2025-09-30T14:00:00+00:00,BTC/USDT,1h,113404.53000000,113630.13000000,112900.00000000,113595.05000000,910.17644000
2025-09-30T15:00:00+00:00,BTC/USDT,1h,113595.04000000,113598.27000000,112919.95000000,113106.16000000,758.86878000
2025-09-30T16:00:00+00:00,BTC/USDT,1h,113106.15000000,113279.92000000,112800.00000000,112841.24000000,386.78887000
2025-09-30T17:00:00+00:00,BTC/USDT,1h,112841.23000000,113503.99000000,112813.82000000,113246.11000000,745.57241000
2025-09-30T18:00:00+00:00,BTC/USDT,1h,113246.12000000,113714.56000000,113177.37000000,113714.56000000,431.85830000
2025-09-30T19:00:00+00:00,BTC/USDT,1h,113714.55000000,114563.46000000,113702.01000000,114359.99000000,971.66803000
2025-09-30T20:00:00+00:00,BTC/USDT,1h,114359.99000000,114723.57000000,114110.09000000,114626.36000000,710.64838000
2025-09-30T21:00:00+00:00,BTC/USDT,1h,114626.36000000,114754.87000000,114136.50000000,114161.00000000,649.46746000
2025-09-30T22:00:00+00:00,BTC/USDT,1h,114161.00000000,114356.98000000,113883.01000000,113940.39000000,348.93460000
2025-09-30T23:00:00+00:00,BTC/USDT,1h,113940.40000000,114048.94000000,113765.42000000,114048.93000000,268.43760000
2025-10-01T00:00:00+00:00,BTC/USDT,1h,114048.94000000,114308.00000000,113966.67000000,114239.53000000,434.59016000
2025-10-01T01:00:00+00:00,BTC/USDT,1h,114239.53000000,114550.00000000,114142.99000000,114549.99000000,597.25360000
2025-10-01T02:00:00+00:00,BTC/USDT,1h,114549.99000000,114551.76000000,114272.15000000,114272.15000000,508.42422000
2025-10-01T03:00:00+00:00,BTC/USDT,1h,114272.16000000,114530.48000000,114096.58000000,114176.92000000,502.30318000
2025-10-01T04:00:00+00:00,BTC/USDT,1h,114176.93000000,114700.00000000,114151.00000000,114289.01000000,597.89328000
2025-10-01T05:00:00+00:00,BTC/USDT,1h,114289.02000000,114740.00000000,114265.63000000,114569.84000000,559.75519000
2025-10-01T06:00:00+00:00,BTC/USDT,1h,114569.84000000,114624.30000000,114224.88000000,114256.81000000,392.52281000
2025-10-01T07:00:00+00:00,BTC/USDT,1h,114256.82000000,114584.35000000,114236.59000000,114539.02000000,446.26236000
2025-10-01T08:00:00+00:00,BTC/USDT,1h,114539.02000000,116591.80000000,114484.43000000,116111.28000000,2944.06599000
2025-10-01T09:00:00+00:00,BTC/USDT,1h,116111.27000000,116529.93000000,115950.00000000,116412.10000000,1081.73774000
2025-10-01T10:00:00+00:00,BTC/USDT,1h,116412.10000000,116551.00000000,116203.50000000,116281.64000000,549.64831000
2025-10-01T11:00:00+00:00,BTC/USDT,1h,116281.64000000,116795.85000000,116269.00000000,116789.58000000,642.47832000
2025-10-01T12:00:00+00:00,BTC/USDT,1h,116789.57000000,116887.00000000,116363.38000000,116402.65000000,645.19981000
2025-10-01T13:00:00+00:00,BTC/USDT,1h,116402.65000000,116843.73000000,116399.50000000,116806.96000000,1233.59755000
2025-10-01T14:00:00+00:00,BTC/USDT,1h,116806.96000000,117441.26000000,116704.74000000,117292.74000000,1631.53193000
2025-10-01T15:00:00+00:00,BTC/USDT,1h,117292.73000000,117649.99000000,117091.84000000,117423.73000000,1008.01671000
2025-10-01T16:00:00+00:00,BTC/USDT,1h,117423.73000000,118199.00000000,117319.04000000,117535.79000000,1840.40868000
2025-10-01T17:00:00+00:00,BTC/USDT,1h,117535.79000000,117681.27000000,116724.56000000,116768.07000000,962.36022000
2025-10-01T18:00:00+00:00,BTC/USDT,1h,116768.08000000,117339.09000000,116768.07000000,117234.01000000,528.26692000
2025-10-01T19:00:00+00:00,BTC/USDT,1h,117234.01000000,117623.59000000,117214.80000000,117439.53000000,483.28734000
2025-10-01T20:00:00+00:00,BTC/USDT,1h,117439.53000000,117542.24000000,117163.25000000,117536.12000000,412.83403000
2025-10-01T21:00:00+00:00,BTC/USDT,1h,117536.13000000,117579.43000000,117339.54000000,117554.96000000,278.91184000
2025-10-01T22:00:00+00:00,BTC/USDT,1h,117554.95000000,118080.00000000,117554.95000000,117745.39000000,593.82096000
2025-10-01T23:00:00+00:00,BTC/USDT,1h,117745.39000000,118649.10000000,117686.28000000,118594.99000000,1161.22401000
2025-10-02T00:00:00+00:00,BTC/USDT,1h,118594.99000000,119456.92000000,118397.32000000,118428.46000000,2212.72285000
2025-10-02T01:00:00+00:00,BTC/USDT,1h,118428.46000000,118894.12000000,118368.05000000,118617.37000000,734.61790000
2025-10-02T02:00:00+00:00,BTC/USDT,1h,118617.37000000,118784.87000000,118483.39000000,118753.73000000,644.14993000
2025-10-02T03:00:00+00:00,BTC/USDT,1h,118753.73000000,119058.82000000,118688.61000000,118733.99000000,595.85707000
2025-10-02T04:00:00+00:00,BTC/USDT,1h,118733.99000000,118930.29000000,118432.64000000,118662.04000000,410.46135000
2025-10-02T05:00:00+00:00,BTC/USDT,1h,118662.04000000,118677.32000000,118279.31000000,118377.34000000,484.81157000
2025-10-02T06:00:00+00:00,BTC/USDT,1h,118377.34000000,118672.34000000,118295.87000000,118649.06000000,380.89847000
2025-10-02T07:00:00+00:00,BTC/USDT,1h,118649.07000000,118678.98000000,118424.00000000,118489.76000000,496.19299000
2025-10-02T08:00:00+00:00,BTC/USDT,1h,118489.76000000,118680.00000000,118354.61000000,118668.89000000,309.01675000
2025-10-02T09:00:00+00:00,BTC/USDT,1h,118668.89000000,118850.00000000,118567.00000000,118849.99000000,343.02582000
2025-10-02T10:00:00+00:00,BTC/USDT,1h,118849.99000000,118926.49000000,118567.85000000,118619.56000000,393.64914000
2025-10-02T11:00:00+00:00,BTC/USDT,1h,118619.55000000,118900.01000000,118537.10000000,118765.73000000,414.31674000
2025-10-02T12:00:00+00:00,BTC/USDT,1h,118765.72000000,119402.43000000,118742.91000000,119402.42000000,924.16679000
2025-10-02T13:00:00+00:00,BTC/USDT,1h,119402.43000000,119761.36000000,118933.25000000,119621.20000000,1531.32643000
2025-10-02T14:00:00+00:00,BTC/USDT,1h,119621.19000000,119788.00000000,118642.20000000,118814.09000000,1237.92150000
2025-10-02T15:00:00+00:00,BTC/USDT,1h,118814.09000000,119910.79000000,118516.39000000,119910.78000000,1405.75154000
2025-10-02T16:00:00+00:00,BTC/USDT,1h,119910.78000000,120300.00000000,119607.82000000,119731.40000000,1570.77716000
2025-10-02T17:00:00+00:00,BTC/USDT,1h,119731.40000000,119956.84000000,119359.63000000,119917.52000000,625.48952000
2025-10-02T18:00:00+00:00,BTC/USDT,1h,119917.52000000,120663.96000000,119907.01000000,120506.61000000,1340.08580000
2025-10-02T19:00:00+00:00,BTC/USDT,1h,120506.60000000,121022.07000000,120439.97000000,120836.49000000,1332.75893000
2025-10-02T20:00:00+00:00,BTC/USDT,1h,120836.49000000,120914.00000000,120306.02000000,120652.01000000,833.01817000
2025-10-02T21:00:00+00:00,BTC/USDT,1h,120652.01000000,120774.97000000,120141.72000000,120150.10000000,546.60875000
2025-10-02T22:00:00+00:00,BTC/USDT,1h,120150.10000000,120412.24000000,120072.46000000,120257.49000000,379.08266000
2025-10-02T23:00:00+00:00,BTC/USDT,1h,120257.49000000,120680.35000000,120251.81000000,120529.35000000,524.12720000
2025-10-03T00:00:00+00:00,BTC/USDT,1h,120529.35000000,120550.90000000,120079.00000000,120132.80000000,776.43359000
2025-10-03T01:00:00+00:00,BTC/USDT,1h,120132.80000000,120293.68000000,119820.00000000,119875.72000000,537.61051000
2025-10-03T02:00:00+00:00,BTC/USDT,1h,119875.72000000,120269.11000000,119866.18000000,120157.82000000,451.19476000
2025-10-03T03:00:00+00:00,BTC/USDT,1h,120157.82000000,120472.12000000,120157.82000000,120225.89000000,503.41637000
2025-10-03T04:00:00+00:00,BTC/USDT,1h,120225.88000000,120324.53000000,120000.40000000,120039.98000000,289.32576000
2025-10-03T05:00:00+00:00,BTC/USDT,1h,120039.98000000,120065.41000000,119746.81000000,119920.40000000,454.73200000
2025-10-03T06:00:00+00:00,BTC/USDT,1h,119920.41000000,120075.62000000,119765.99000000,119916.93000000,356.16347000
2025-10-03T07:00:00+00:00,BTC/USDT,1h,119916.94000000,120011.05000000,119610.59000000,119640.21000000,1193.69400000
2025-10-03T08:00:00+00:00,BTC/USDT,1h,119640.22000000,120072.59000000,119248.30000000,120038.60000000,1368.04834000
2025-10-03T09:00:00+00:00,BTC/USDT,1h,120038.60000000,120365.35000000,120008.60000000,120300.00000000,1073.47178000
2025-10-03T10:00:00+00:00,BTC/USDT,1h,120300.01000000,120515.89000000,120271.18000000,120425.95000000,575.58075000
2025-10-03T11:00:00+00:00,BTC/USDT,1h,120425.95000000,120471.00000000,120130.76000000,120334.50000000,450.30439000
2025-10-03T12:00:00+00:00,BTC/USDT,1h,120334.51000000,120400.00000000,120102.18000000,120358.07000000,423.63897000
2025-10-03T13:00:00+00:00,BTC/USDT,1h,120358.07000000,120691.44000000,120113.00000000,120374.73000000,795.86923000
2025-10-03T14:00:00+00:00,BTC/USDT,1h,120374.72000000,120975.00000000,119881.24000000,120917.85000000,1151.84039000
2025-10-03T15:00:00+00:00,BTC/USDT,1h,120917.10000000,122366.00000000,120641.27000000,122258.05000000,2558.07247000
2025-10-03T16:00:00+00:00,BTC/USDT,1h,122258.04000000,123894.99000000,122258.04000000,122553.30000000,4679.27540000
2025-10-03T17:00:00+00:00,BTC/USDT,1h,122553.30000000,123113.97000000,121603.42000000,122073.25000000,2932.08887000
2025-10-03T18:00:00+00:00,BTC/USDT,1h,122073.26000000,122732.12000000,121466.25000000,122538.46000000,1175.09154000
2025-10-03T19:00:00+00:00,BTC/USDT,1h,122538.46000000,122961.63000000,122355.08000000,122660.99000000,661.21371000
2025-10-03T20:00:00+00:00,BTC/USDT,1h,122661.00000000,122734.92000000,122037.43000000,122447.94000000,617.65815000
2025-10-03T21:00:00+00:00,BTC/USDT,1h,122447.94000000,122452.10000000,121999.33000000,122306.57000000,392.75542000
2025-10-03T22:00:00+00:00,BTC/USDT,1h,122306.57000000,122665.00000000,122306.56000000,122477.00000000,227.99530000
2025-10-03T23:00:00+00:00,BTC/USDT,1h,122477.00000000,122477.00000000,122180.79000000,122232.00000000,290.85283000
2025-10-04T00:00:00+00:00,BTC/USDT,1h,122232.21000000,122295.56000000,121982.23000000,122100.00000000,444.36212000
2025-10-04T01:00:00+00:00,BTC/USDT,1h,122100.00000000,122103.24000000,121698.80000000,121865.21000000,486.29697000
2025-10-04T02:00:00+00:00,BTC/USDT,1h,121865.22000000,122030.00000000,121684.97000000,121854.53000000,443.51459000
2025-10-04T03:00:00+00:00,BTC/USDT,1h,121854.53000000,122325.60000000,121829.54000000,122243.99000000,356.40352000
2025-10-04T04:00:00+00:00,BTC/USDT,1h,122243.99000000,122522.00000000,122219.30000000,122495.00000000,315.41672000
2025-10-04T05:00:00+00:00,BTC/USDT,1h,122495.01000000,122800.00000000,122405.64000000,122522.70000000,588.87932000
2025-10-04T06:00:00+00:00,BTC/USDT,1h,122522.70000000,122606.86000000,122373.90000000,122430.27000000,358.53969000
2025-10-04T07:00:00+00:00,BTC/USDT,1h,122430.27000000,122455.00000000,122259.98000000,122324.08000000,253.33958000
2025-10-04T08:00:00+00:00,BTC/USDT,1h,122324.08000000,122539.83000000,122197.63000000,122267.57000000,499.04210000
2025-10-04T09:00:00+00:00,BTC/USDT,1h,122267.58000000,122457.17000000,122186.03000000,122208.78000000,244.01487000
2025-10-04T10:00:00+00:00,BTC/USDT,1h,122208.79000000,122331.01000000,122099.69000000,122129.53000000,208.78248000
2025-10-04T11:00:00+00:00,BTC/USDT,1h,122129.53000000,122215.97000000,121962.81000000,121973.26000000,316.89688000
2025-10-04T12:00:00+00:00,BTC/USDT,1h,121973.26000000,122103.00000000,121945.00000000,122005.62000000,214.19564000
2025-10-04T13:00:00+00:00,BTC/USDT,1h,122005.62000000,122509.52000000,122005.62000000,122385.42000000,319.16828000
2025-10-04T14:00:00+00:00,BTC/USDT,1h,122385.42000000,122459.98000000,122000.00000000,122000.01000000,229.86148000
2025-10-04T15:00:00+00:00,BTC/USDT,1h,122000.01000000,122144.28000000,121698.88000000,121791.31000000,700.83126000
2025-10-04T16:00:00+00:00,BTC/USDT,1h,121791.31000000,121964.95000000,121595.67000000,121719.99000000,652.05349000
2025-10-04T17:00:00+00:00,BTC/USDT,1h,121720.00000000,121910.24000000,121660.57000000,121747.37000000,289.33463000
2025-10-04T18:00:00+00:00,BTC/USDT,1h,121747.36000000,121829.69000000,121510.00000000,121574.66000000,288.12119000
2025-10-04T19:00:00+00:00,BTC/USDT,1h,121574.66000000,121959.25000000,121574.65000000,121959.25000000,213.72533000
2025-10-04T20:00:00+00:00,BTC/USDT,1h,121959.25000000,122079.65000000,121891.49000000,121892.89000000,211.24587000
2025-10-04T21:00:00+00:00,BTC/USDT,1h,121892.89000000,122347.55000000,121871.01000000,122190.67000000,282.54040000
2025-10-04T22:00:00+00:00,BTC/USDT,1h,122190.67000000,122365.14000000,122139.98000000,122287.19000000,158.14137000
2025-10-04T23:00:00+00:00,BTC/USDT,1h,122287.19000000,122410.00000000,122214.00000000,122391.00000000,133.45900000
2025-10-05T00:00:00+00:00,BTC/USDT,1h,122390.99000000,122410.00000000,122157.70000000,122157.70000000,191.66559000
2025-10-05T01:00:00+00:00,BTC/USDT,1h,122157.71000000,122410.00000000,122136.00000000,122377.72000000,308.73428000
2025-10-05T02:00:00+00:00,BTC/USDT,1h,122377.71000000,124362.28000000,122342.00000000,124031.44000000,2633.63494000
2025-10-05T03:00:00+00:00,BTC/USDT,1h,124031.44000000,124173.00000000,123344.98000000,123776.22000000,1077.99134000
2025-10-05T04:00:00+00:00,BTC/USDT,1h,123776.23000000,125708.42000000,123734.00000000,125172.81000000,3667.07177300
2025-10-05T05:00:00+00:00,BTC/USDT,1h,125172.81000000,125437.91000000,124876.72000000,125127.99000000,1956.24996000
2025-10-05T06:00:00+00:00,BTC/USDT,1h,125127.99000000,125225.54000000,124805.34000000,125000.01000000,821.20016000
2025-10-05T07:00:00+00:00,BTC/USDT,1h,125000.01000000,125164.26000000,124622.60000000,124713.63000000,898.02731000
2025-10-05T08:00:00+00:00,BTC/USDT,1h,124713.63000000,124838.37000000,124558.00000000,124595.99000000,532.28794000
2025-10-05T09:00:00+00:00,BTC/USDT,1h,124596.00000000,124665.37000000,122789.35000000,123020.50000000,2214.92936000
2025-10-05T10:00:00+00:00,BTC/USDT,1h,123020.51000000,123130.00000000,122520.24000000,123028.01000000,993.89021000
2025-10-05T11:00:00+00:00,BTC/USDT,1h,123028.01000000,123538.46000000,122850.00000000,123464.64000000,714.20213000
2025-10-05T12:00:00+00:00,BTC/USDT,1h,123464.64000000,123464.65000000,122927.17000000,123085.88000000,573.79261000
2025-10-05T13:00:00+00:00,BTC/USDT,1h,123085.89000000,123358.83000000,123070.46000000,123161.39000000,684.83212000
2025-10-05T14:00:00+00:00,BTC/USDT,1h,123161.40000000,123339.42000000,122770.32000000,123034.67000000,553.48643000
2025-10-05T15:00:00+00:00,BTC/USDT,1h,123034.67000000,123034.67000000,122675.00000000,122803.17000000,420.97888000
2025-10-05T16:00:00+00:00,BTC/USDT,1h,122803.17000000,123348.45000000,122301.63000000,123265.54000000,1014.58046000
2025-10-05T17:00:00+00:00,BTC/USDT,1h,123265.55000000,123464.00000000,122890.38000000,123057.05000000,390.32827000
2025-10-05T18:00:00+00:00,BTC/USDT,1h,123057.05000000,123220.30000000,122856.05000000,122999.44000000,586.52026000
2025-10-05T19:00:00+00:00,BTC/USDT,1h,122999.44000000,123026.00000000,122500.00000000,122591.79000000,394.73151000
2025-10-05T20:00:00+00:00,BTC/USDT,1h,122591.80000000,123055.05000000,122473.62000000,122705.32000000,347.70826000
2025-10-05T21:00:00+00:00,BTC/USDT,1h,122705.31000000,122801.44000000,122489.85000000,122729.99000000,239.86372000
2025-10-05T22:00:00+00:00,BTC/USDT,1h,122730.00000000,123278.76000000,122730.00000000,123237.40000000,329.01936000
2025-10-05T23:00:00+00:00,BTC/USDT,1h,123237.40000000,123548.83000000,123219.62000000,123482.31000000,497.37068000
2025-10-06T00:00:00+00:00,BTC/USDT,1h,123482.32000000,124358.46000000,123084.00000000,123347.29000000,1305.09536000
2025-10-06T01:00:00+00:00,BTC/USDT,1h,123347.29000000,124239.70000000,123192.01000000,124035.32000000,720.59287000
2025-10-06T02:00:00+00:00,BTC/USDT,1h,124035.33000000,124244.93000000,123476.04000000,124110.61000000,696.06889000
2025-10-06T03:00:00+00:00,BTC/USDT,1h,124110.61000000,124126.31000000,123742.64000000,123839.09000000,303.52731000
2025-10-06T04:00:00+00:00,BTC/USDT,1h,123839.09000000,123988.00000000,123554.27000000,123580.26000000,374.67011000
2025-10-06T05:00:00+00:00,BTC/USDT,1h,123580.27000000,123750.00000000,123294.93000000,123586.00000000,558.79238000
2025-10-06T06:00:00+00:00,BTC/USDT,1h,123586.01000000,124165.56000000,123586.00000000,123947.90000000,527.83575000
2025-10-06T07:00:00+00:00,BTC/USDT,1h,123947.91000000,124035.89000000,123280.49000000,123390.47000000,749.33011000
2025-10-06T08:00:00+00:00,BTC/USDT,1h,123390.47000000,123880.00000000,123390.46000000,123846.55000000,556.77898000
2025-10-06T09:00:00+00:00,BTC/USDT,1h,123846.56000000,124056.73000000,123779.31000000,123955.30000000,791.39727000
2025-10-06T10:00:00+00:00,BTC/USDT,1h,123955.29000000,124142.85000000,123899.42000000,123978.00000000,459.97878000
2025-10-06T11:00:00+00:00,BTC/USDT,1h,123978.00000000,124531.66000000,123735.73000000,124215.00000000,960.05678000
2025-10-06T12:00:00+00:00,BTC/USDT,1h,124215.00000000,124691.81000000,124178.00000000,124556.64000000,977.10945000
2025-10-06T13:00:00+00:00,BTC/USDT,1h,124556.65000000,125079.85000000,124385.74000000,125031.33000000,1406.49106000
2025-10-06T14:00:00+00:00,BTC/USDT,1h,125031.34000000,125330.00000000,124339.38000000,124530.00000000,1331.91784000
2025-10-06T15:00:00+00:00,BTC/USDT,1h,124529.99000000,125408.29000000,124513.35000000,125000.00000000,852.17645000
2025-10-06T16:00:00+00:00,BTC/USDT,1h,125000.00000000,125499.63000000,124800.00000000,125455.24000000,911.48586000
2025-10-06T17:00:00+00:00,BTC/USDT,1h,125455.25000000,125819.20000000,125126.67000000,125284.00000000,1451.39316000
2025-10-06T18:00:00+00:00,BTC/USDT,1h,125284.01000000,126199.63000000,125044.46000000,126011.18000000,1439.87325300
2025-10-06T19:00:00+00:00,BTC/USDT,1h,126011.18000000,126134.71000000,125252.74000000,125410.81000000,919.42008000
2025-10-06T20:00:00+00:00,BTC/USDT,1h,125410.80000000,125534.00000000,125032.01000000,125211.02000000,512.32035000
2025-10-06T21:00:00+00:00,BTC/USDT,1h,125211.03000000,125268.50000000,124511.15000000,125097.85000000,907.58302000
2025-10-06T22:00:00+00:00,BTC/USDT,1h,125097.86000000,125298.43000000,124784.41000000,125039.13000000,416.67058000
2025-10-06T23:00:00+00:00,BTC/USDT,1h,125039.13000000,125100.00000000,124628.00000000,124658.54000000,364.06310000
2025-10-07T00:00:00+00:00,BTC/USDT,1h,124658.54000000,124925.14000000,124600.00000000,124900.93000000,399.28672000
2025-10-07T01:00:00+00:00,BTC/USDT,1h,124900.93000000,125082.27000000,124442.87000000,124699.99000000,470.23469000
2025-10-07T02:00:00+00:00,BTC/USDT,1h,124699.99000000,124700.00000000,124159.22000000,124259.90000000,524.92821000
2025-10-07T03:00:00+00:00,BTC/USDT,1h,124259.91000000,124568.44000000,124101.26000000,124329.74000000,379.16017000
2025-10-07T04:00:00+00:00,BTC/USDT,1h,124329.74000000,124654.47000000,124109.10000000,124500.00000000,438.34342000
2025-10-07T05:00:00+00:00,BTC/USDT,1h,124499.99000000,124640.76000000,124240.37000000,124414.17000000,424.20697000
2025-10-07T06:00:00+00:00,BTC/USDT,1h,124414.17000000,124460.00000000,123800.00000000,123890.84000000,862.57843000
2025-10-07T07:00:00+00:00,BTC/USDT,1h,123890.84000000,124038.00000000,123567.60000000,123667.99000000,730.09708000
2025-10-07T08:00:00+00:00,BTC/USDT,1h,123668.00000000,123999.98000000,123322.90000000,123861.75000000,1172.93284000
2025-10-07T09:00:00+00:00,BTC/USDT,1h,123861.75000000,124246.64000000,123861.74000000,124117.48000000,423.70195000
2025-10-07T10:00:00+00:00,BTC/USDT,1h,124117.48000000,124413.75000000,124020.00000000,124282.19000000,385.65308000
2025-10-07T11:00:00+00:00,BTC/USDT,1h,124282.18000000,124509.60000000,124179.99000000,124453.38000000,462.44628000
2025-10-07T12:00:00+00:00,BTC/USDT,1h,124453.37000000,125126.00000000,124340.00000000,124917.99000000,747.53263000
2025-10-07T13:00:00+00:00,BTC/USDT,1h,124918.00000000,125046.16000000,123288.00000000,123891.68000000,1734.89100000
2025-10-07T14:00:00+00:00,BTC/USDT,1h,123891.68000000,124000.00000000,122568.00000000,122725.36000000,2078.91770000
2025-10-07T15:00:00+00:00,BTC/USDT,1h,122725.36000000,122865.36000000,121172.89000000,121846.01000000,2798.67322000
2025-10-07T16:00:00+00:00,BTC/USDT,1h,121846.01000000,122084.14000000,120800.02000000,121684.17000000,2051.61019000
2025-10-07T17:00:00+00:00,BTC/USDT,1h,121684.17000000,121822.58000000,121100.00000000,121130.02000000,1241.13249000
2025-10-07T18:00:00+00:00,BTC/USDT,1h,121130.02000000,121306.13000000,120574.94000000,120895.37000000,1099.60495000
2025-10-07T19:00:00+00:00,BTC/USDT,1h,120895.37000000,122027.30000000,120860.46000000,121637.17000000,1334.54837000
2025-10-07T20:00:00+00:00,BTC/USDT,1h,121637.18000000,122196.48000000,121637.18000000,121943.61000000,493.62814000
2025-10-07T21:00:00+00:00,BTC/USDT,1h,121943.61000000,122292.62000000,121765.90000000,122016.00000000,397.91117000
2025-10-07T22:00:00+00:00,BTC/USDT,1h,122016.00000000,122173.50000000,121797.60000000,122011.17000000,404.31119000
2025-10-07T23:00:00+00:00,BTC/USDT,1h,122011.17000000,122022.88000000,121258.08000000,121332.95000000,577.66296000
2025-10-08T00:00:00+00:00,BTC/USDT,1h,121332.96000000,122089.68000000,121276.00000000,121914.09000000,651.73891000
2025-10-08T01:00:00+00:00,BTC/USDT,1h,121914.09000000,122056.00000000,121605.75000000,121950.01000000,519.56378000
2025-10-08T02:00:00+00:00,BTC/USDT,1h,121950.00000000,122229.66000000,121825.74000000,122048.28000000,534.11266000
2025-10-08T03:00:00+00:00,BTC/USDT,1h,122048.28000000,122048.28000000,121200.00000000,121374.75000000,701.35291000
2025-10-08T04:00:00+00:00,BTC/USDT,1h,121374.76000000,121910.24000000,121066.14000000,121900.00000000,712.46180000
2025-10-08T05:00:00+00:00,BTC/USDT,1h,121900.01000000,121900.01000000,121173.86000000,121374.01000000,708.85271000
2025-10-08T06:00:00+00:00,BTC/USDT,1h,121374.02000000,121841.54000000,121068.96000000,121784.29000000,552.19718000
2025-10-08T07:00:00+00:00,BTC/USDT,1h,121784.30000000,121872.37000000,121311.91000000,121597.06000000,697.34775000
2025-10-08T08:00:00+00:00,BTC/USDT,1h,121597.05000000,122850.00000000,121524.01000000,122381.85000000,1462.35304000
2025-10-08T09:00:00+00:00,BTC/USDT,1h,122381.84000000,122644.00000000,122381.84000000,122516.98000000,474.15682000
2025-10-08T10:00:00+00:00,BTC/USDT,1h,122516.99000000,123100.00000000,122498.05000000,122934.60000000,654.29848000
2025-10-08T11:00:00+00:00,BTC/USDT,1h,122934.61000000,123200.00000000,122743.36000000,122884.14000000,817.93210000
2025-10-08T12:00:00+00:00,BTC/USDT,1h,122884.14000000,123090.75000000,122542.27000000,122631.52000000,464.26090000
2025-10-08T13:00:00+00:00,BTC/USDT,1h,122631.52000000,122774.96000000,121649.68000000,122599.04000000,886.89853000
2025-10-08T14:00:00+00:00,BTC/USDT,1h,122599.04000000,123350.00000000,122112.16000000,122320.00000000,1462.74459000
2025-10-08T15:00:00+00:00,BTC/USDT,1h,122319.99000000,122622.55000000,121954.34000000,122189.72000000,559.46428000
2025-10-08T16:00:00+00:00,BTC/USDT,1h,122189.72000000,123129.23000000,122110.08000000,123051.03000000,641.94768000
2025-10-08T17:00:00+00:00,BTC/USDT,1h,123051.02000000,124164.36000000,122958.05000000,124033.19000000,1336.46427000
2025-10-08T18:00:00+00:00,BTC/USDT,1h,124033.19000000,124197.25000000,123415.58000000,123460.22000000,1152.35838000
2025-10-08T19:00:00+00:00,BTC/USDT,1h,123460.21000000,123759.94000000,123160.82000000,123450.00000000,664.75988000
2025-10-08T20:00:00+00:00,BTC/USDT,1h,123450.01000000,123737.00000000,122814.00000000,122856.69000000,673.60553000
2025-10-08T21:00:00+00:00,BTC/USDT,1h,122856.70000000,123332.01000000,122794.40000000,123277.33000000,261.93729000
2025-10-08T22:00:00+00:00,BTC/USDT,1h,123277.34000000,123416.73000000,123200.81000000,123200.82000000,132.25319000
2025-10-08T23:00:00+00:00,BTC/USDT,1h,123200.82000000,123537.11000000,123056.31000000,123306.00000000,289.55534000
2025-10-09T00:00:00+00:00,BTC/USDT,1h,123306.01000000,123348.32000000,122839.15000000,122839.15000000,383.18910000
2025-10-09T01:00:00+00:00,BTC/USDT,1h,122839.16000000,122857.32000000,122339.41000000,122548.23000000,649.56359000
2025-10-09T02:00:00+00:00,BTC/USDT,1h,122548.23000000,122548.23000000,121475.98000000,121617.81000000,831.85568000
2025-10-09T03:00:00+00:00,BTC/USDT,1h,121617.81000000,122120.28000000,121603.59000000,122038.01000000,454.57002000
2025-10-09T04:00:00+00:00,BTC/USDT,1h,122038.01000000,122264.00000000,121904.81000000,122144.70000000,328.47326000
2025-10-09T05:00:00+00:00,BTC/USDT,1h,122144.70000000,122196.99000000,121823.94000000,122100.92000000,394.74775000
2025-10-09T06:00:00+00:00,BTC/USDT,1h,122100.92000000,122185.98000000,121883.43000000,121957.32000000,336.40438000
2025-10-09T07:00:00+00:00,BTC/USDT,1h,121957.32000000,122067.61000000,121724.71000000,121906.10000000,391.52251000
2025-10-09T08:00:00+00:00,BTC/USDT,1h,121906.09000000,121960.97000000,121145.49000000,121261.62000000,951.24212000
2025-10-09T09:00:00+00:00,BTC/USDT,1h,121261.62000000,121855.44000000,121261.62000000,121813.04000000,495.55613000
2025-10-09T10:00:00+00:00,BTC/USDT,1h,121813.04000000,122340.00000000,121650.22000000,122170.27000000,462.62367000
2025-10-09T11:00:00+00:00,BTC/USDT,1h,122170.26000000,122833.02000000,122170.26000000,122737.57000000,780.01914000
2025-10-09T12:00:00+00:00,BTC/USDT,1h,122737.56000000,123762.94000000,122709.10000000,123563.38000000,1483.31285000
2025-10-09T13:00:00+00:00,BTC/USDT,1h,123563.38000000,123658.38000000,122277.76000000,122415.74000000,1233.13253000
2025-10-09T14:00:00+00:00,BTC/USDT,1h,122415.74000000,122608.00000000,120736.96000000,121315.00000000,2613.44219000
2025-10-09T15:00:00+00:00,BTC/USDT,1h,121315.01000000,121734.27000000,120673.99000000,121147.14000000,1236.17443000
2025-10-09T16:00:00+00:00,BTC/USDT,1h,121147.15000000,121481.90000000,119707.29000000,119819.77000000,2831.42858000
2025-10-09T17:00:00+00:00,BTC/USDT,1h,119819.76000000,121046.15000000,119651.47000000,120974.00000000,1671.39797000
2025-10-09T18:00:00+00:00,BTC/USDT,1h,120971.22000000,121100.00000000,120396.00000000,120649.32000000,956.31004000
2025-10-09T19:00:00+00:00,BTC/USDT,1h,120649.33000000,121108.12000000,120649.32000000,120951.72000000,714.92310000
2025-10-09T20:00:00+00:00,BTC/USDT,1h,120951.72000000,121199.97000000,120838.00000000,121109.09000000,743.67096000
2025-10-09T21:00:00+00:00,BTC/USDT,1h,121109.08000000,121512.70000000,121065.77000000,121461.02000000,436.22306000
2025-10-09T22:00:00+00:00,BTC/USDT,1h,121461.03000000,121768.01000000,121411.55000000,121686.19000000,467.98367000
2025-10-09T23:00:00+00:00,BTC/USDT,1h,121686.19000000,121900.00000000,121341.22000000,121662.40000000,711.59334000
2025-10-10T00:00:00+00:00,BTC/USDT,1h,121662.41000000,121863.74000000,121595.75000000,121745.27000000,292.90359000
2025-10-10T01:00:00+00:00,BTC/USDT,1h,121745.26000000,121874.13000000,121489.06000000,121623.97000000,353.28358000
2025-10-10T02:00:00+00:00,BTC/USDT,1h,121623.96000000,121651.33000000,120900.00000000,121059.73000000,812.25118000
2025-10-10T03:00:00+00:00,BTC/USDT,1h,121059.73000000,121575.99000000,120909.15000000,121026.01000000,636.24310000
2025-10-10T04:00:00+00:00,BTC/USDT,1h,121026.00000000,121388.58000000,121018.33000000,121234.51000000,480.17378000
2025-10-10T05:00:00+00:00,BTC/USDT,1h,121234.52000000,121604.49000000,120986.08000000,121583.89000000,503.29572000
2025-10-10T06:00:00+00:00,BTC/USDT,1h,121583.89000000,121754.34000000,121265.26000000,121378.18000000,687.86577000
2025-10-10T07:00:00+00:00,BTC/USDT,1h,121378.19000000,121388.61000000,120855.41000000,120932.05000000,895.21452000
2025-10-10T08:00:00+00:00,BTC/USDT,1h,120932.05000000,121660.43000000,120916.44000000,121631.54000000,433.11300000
2025-10-10T09:00:00+00:00,BTC/USDT,1h,121631.54000000,121777.07000000,121276.56000000,121314.73000000,473.35018000
2025-10-10T10:00:00+00:00,BTC/USDT,1h,121314.73000000,121543.59000000,121228.83000000,121496.33000000,289.70624000
2025-10-10T11:00:00+00:00,BTC/USDT,1h,121496.34000000,121661.62000000,121424.50000000,121554.55000000,357.66752000
2025-10-10T12:00:00+00:00,BTC/USDT,1h,121554.55000000,121682.42000000,121420.00000000,121597.21000000,288.32785000
2025-10-10T13:00:00+00:00,BTC/USDT,1h,121597.22000000,122550.00000000,121384.60000000,121684.20000000,1452.77007000
2025-10-10T14:00:00+00:00,BTC/USDT,1h,121684.18000000,122069.76000000,120479.20000000,120493.17000000,1335.80488000
2025-10-10T15:00:00+00:00,BTC/USDT,1h,120493.16000000,120626.55000000,118500.00000000,119018.98000000,4690.68973000
2025-10-10T16:00:00+00:00,BTC/USDT,1h,119018.99000000,119456.28000000,118205.60000000,118205.61000000,2074.44286000
2025-10-10T17:00:00+00:00,BTC/USDT,1h,118205.61000000,118427.51000000,117579.79000000,117623.80000000,2197.93519000
2025-10-10T18:00:00+00:00,BTC/USDT,1h,117623.80000000,117851.50000000,117237.00000000,117237.70000000,1448.75320000
2025-10-10T19:00:00+00:00,BTC/USDT,1h,117237.70000000,117341.92000000,115952.47000000,116661.50000000,2733.41302000
2025-10-10T20:00:00+00:00,BTC/USDT,1h,116661.50000000,117214.64000000,113039.00000000,114266.82000000,4454.56036000
2025-10-10T21:00:00+00:00,BTC/USDT,1h,114266.82000000,115112.69000000,102000.00000000,113451.86000000,22932.63034000
2025-10-10T22:00:00+00:00,BTC/USDT,1h,113451.87000000,114109.03000000,110879.69000000,113700.00000000,9370.17448000
2025-10-10T23:00:00+00:00,BTC/USDT,1h,113700.00000000,114807.41000000,112652.76000000,112774.50000000,4977.36911000
2025-10-11T00:00:00+00:00,BTC/USDT,1h,112774.49000000,113178.66000000,111620.30000000,112514.58000000,3620.32878000
2025-10-11T01:00:00+00:00,BTC/USDT,1h,112514.57000000,112530.01000000,111019.43000000,111095.37000000,2796.42603000
2025-10-11T02:00:00+00:00,BTC/USDT,1h,111095.38000000,113297.92000000,111082.00000000,113196.48000000,2926.55879000
2025-10-11T03:00:00+00:00,BTC/USDT,1h,113196.48000000,113322.39000000,111800.00000000,112300.01000000,2190.21309000
2025-10-11T04:00:00+00:00,BTC/USDT,1h,112300.00000000,112991.16000000,111700.00000000,112945.79000000,1446.73937000
2025-10-11T05:00:00+00:00,BTC/USDT,1h,112945.79000000,112945.79000000,111992.85000000,112389.48000000,1256.87010000
2025-10-11T06:00:00+00:00,BTC/USDT,1h,112389.48000000,112753.91000000,112000.00000000,112045.99000000,1208.64004000
2025-10-11T07:00:00+00:00,BTC/USDT,1h,112046.00000000,112084.61000000,110090.29000000,110384.61000000,3230.51321000
2025-10-11T08:00:00+00:00,BTC/USDT,1h,110384.60000000,111535.29000000,110162.23000000,111328.38000000,1981.19694000
2025-10-11T09:00:00+00:00,BTC/USDT,1h,111328.38000000,111887.19000000,111274.41000000,111642.78000000,1627.28360000
2025-10-11T10:00:00+00:00,BTC/USDT,1h,111642.78000000,112271.34000000,111621.77000000,112114.64000000,1350.75190000
2025-10-11T11:00:00+00:00,BTC/USDT,1h,112114.63000000,112359.67000000,111700.00000000,112280.00000000,969.90748000
2025-10-11T12:00:00+00:00,BTC/USDT,1h,112280.01000000,112466.66000000,112037.98000000,112380.14000000,997.55713000
2025-10-11T13:00:00+00:00,BTC/USDT,1h,112380.13000000,112500.00000000,111890.33000000,112267.86000000,973.48531000
2025-10-11T14:00:00+00:00,BTC/USDT,1h,112267.86000000,112342.11000000,111890.29000000,111991.97000000,1058.55252000
2025-10-11T15:00:00+00:00,BTC/USDT,1h,111991.97000000,112385.93000000,111793.20000000,111793.20000000,651.64855000
2025-10-11T16:00:00+00:00,BTC/USDT,1h,111793.21000000,112089.92000000,111442.91000000,111846.18000000,834.57688000
2025-10-11T17:00:00+00:00,BTC/USDT,1h,111846.18000000,112185.53000000,111715.99000000,112005.57000000,678.72551000
2025-10-11T18:00:00+00:00,BTC/USDT,1h,112005.56000000,112025.40000000,111836.45000000,111955.27000000,292.78948000
2025-10-11T19:00:00+00:00,BTC/USDT,1h,111955.27000000,112025.40000000,110865.82000000,111178.31000000,1332.81972000
2025-10-11T20:00:00+00:00,BTC/USDT,1h,111178.30000000,111368.29000000,109653.65000000,110244.98000000,1752.53778000
2025-10-11T21:00:00+00:00,BTC/USDT,1h,110244.98000000,111000.00000000,109561.59000000,110893.54000000,1099.41658000
2025-10-11T22:00:00+00:00,BTC/USDT,1h,110893.55000000,111291.61000000,110652.00000000,111043.27000000,571.09600000
2025-10-11T23:00:00+00:00,BTC/USDT,1h,111043.26000000,111114.46000000,110644.00000000,110644.40000000,599.88173000
2025-10-12T00:00:00+00:00,BTC/USDT,1h,110644.40000000,110685.63000000,109565.06000000,109641.54000000,1171.55172000
2025-10-12T01:00:00+00:00,BTC/USDT,1h,109641.54000000,110318.01000000,109641.46000000,109978.56000000,1205.41028000
2025-10-12T02:00:00+00:00,BTC/USDT,1h,109978.56000000,110708.89000000,109600.00000000,110119.02000000,1047.04823000
2025-10-12T03:00:00+00:00,BTC/USDT,1h,110119.02000000,111368.14000000,110002.20000000,110676.00000000,1361.57401000
2025-10-12T04:00:00+00:00,BTC/USDT,1h,110676.00000000,111957.14000000,110617.10000000,111524.87000000,887.82401000
2025-10-12T05:00:00+00:00,BTC/USDT,1h,111524.87000000,111816.04000000,111188.00000000,111700.38000000,537.50918000
2025-10-12T06:00:00+00:00,BTC/USDT,1h,111700.38000000,112125.51000000,111616.00000000,111686.01000000,764.04714000
2025-10-12T07:00:00+00:00,BTC/USDT,1h,111686.02000000,111933.85000000,111491.09000000,111525.20000000,541.91728000
2025-10-12T08:00:00+00:00,BTC/USDT,1h,111525.19000000,111798.99000000,111300.00000000,111310.90000000,573.49914000
2025-10-12T09:00:00+00:00,BTC/USDT,1h,111310.90000000,111920.01000000,111139.87000000,111837.04000000,596.04536000
2025-10-12T10:00:00+00:00,BTC/USDT,1h,111837.05000000,112026.63000000,111450.00000000,111651.64000000,536.97781000
2025-10-12T11:00:00+00:00,BTC/USDT,1h,111651.64000000,112133.33000000,111477.61000000,111848.36000000,1104.29864000
2025-10-12T12:00:00+00:00,BTC/USDT,1h,111848.35000000,112250.00000000,111555.00000000,111789.60000000,1014.55206000
2025-10-12T13:00:00+00:00,BTC/USDT,1h,111789.61000000,111934.51000000,111265.99000000,111297.52000000,1163.81644000
2025-10-12T14:00:00+00:00,BTC/USDT,1h,111297.51000000,112990.90000000,111177.75000000,112338.10000000,2798.77100000
2025-10-12T15:00:00+00:00,BTC/USDT,1h,112338.11000000,113745.84000000,112078.00000000,113198.20000000,4043.27714000
2025-10-12T16:00:00+00:00,BTC/USDT,1h,113198.20000000,114700.00000000,113198.20000000,114069.35000000,3600.56207000
2025-10-12T17:00:00+00:00,BTC/USDT,1h,114069.35000000,114466.94000000,113516.38000000,113799.99000000,1614.34137000
2025-10-12T18:00:00+00:00,BTC/USDT,1h,113799.99000000,114236.87000000,113553.81000000,113878.93000000,817.92540000
2025-10-12T19:00:00+00:00,BTC/USDT,1h,113878.93000000,114396.69000000,113826.65000000,114342.28000000,602.52008000
2025-10-12T20:00:00+00:00,BTC/USDT,1h,114342.28000000,115468.65000000,114342.27000000,114927.97000000,1817.36254000
2025-10-12T21:00:00+00:00,BTC/USDT,1h,114927.97000000,115600.00000000,114217.75000000,114882.06000000,1611.66087000
2025-10-12T22:00:00+00:00,BTC/USDT,1h,114882.06000000,115770.00000000,114882.06000000,115221.40000000,1743.39625000
2025-10-12T23:00:00+00:00,BTC/USDT,1h,115221.40000000,115350.80000000,114733.65000000,114958.80000000,1099.41470000
2025-10-13T00:00:00+00:00,BTC/USDT,1h,114958.81000000,115888.00000000,114766.69000000,115280.84000000,1480.23716000
2025-10-13T01:00:00+00:00,BTC/USDT,1h,115280.83000000,115750.00000000,115079.18000000,115713.32000000,814.49823000
2025-10-13T02:00:00+00:00,BTC/USDT,1h,115713.31000000,115963.81000000,115001.62000000,115319.97000000,982.84078000
2025-10-13T03:00:00+00:00,BTC/USDT,1h,115319.98000000,115613.70000000,114619.45000000,114821.12000000,846.03241000
2025-10-13T04:00:00+00:00,BTC/USDT,1h,114821.13000000,115000.00000000,114398.24000000,114708.15000000,1086.01022000
2025-10-13T05:00:00+00:00,BTC/USDT,1h,114708.15000000,114834.70000000,114500.02000000,114611.82000000,834.97755000
2025-10-13T06:00:00+00:00,BTC/USDT,1h,114611.82000000,115379.84000000,114417.77000000,115221.22000000,599.41221000
2025-10-13T07:00:00+00:00,BTC/USDT,1h,115221.23000000,115554.83000000,115034.00000000,115399.67000000,916.61315000
2025-10-13T08:00:00+00:00,BTC/USDT,1h,115399.66000000,115438.17000000,115138.00000000,115254.23000000,644.85187000
2025-10-13T09:00:00+00:00,BTC/USDT,1h,115254.23000000,115254.23000000,114748.38000000,115127.04000000,1037.56556000
2025-10-13T10:00:00+00:00,BTC/USDT,1h,115127.05000000,115162.00000000,114740.34000000,114810.62000000,896.68402000
2025-10-13T11:00:00+00:00,BTC/USDT,1h,114810.61000000,114810.61000000,113616.50000000,114180.00000000,1981.76101000
2025-10-13T12:00:00+00:00,BTC/USDT,1h,114180.00000000,114748.97000000,113931.16000000,114412.26000000,1209.47056000
2025-10-13T13:00:00+00:00,BTC/USDT,1h,114412.25000000,115530.00000000,114220.07000000,115345.79000000,1815.19891000
2025-10-13T14:00:00+00:00,BTC/USDT,1h,115345.79000000,115476.18000000,113800.01000000,114036.63000000,1434.88366000
2025-10-13T15:00:00+00:00,BTC/USDT,1h,114036.63000000,114727.95000000,113968.02000000,114312.10000000,1078.57574000
2025-10-13T16:00:00+00:00,BTC/USDT,1h,114312.09000000,115174.00000000,114270.89000000,114669.24000000,985.04262000
2025-10-13T17:00:00+00:00,BTC/USDT,1h,114669.25000000,115053.43000000,114215.79000000,115040.55000000,669.90056000
2025-10-13T18:00:00+00:00,BTC/USDT,1h,115040.55000000,115377.48000000,114710.00000000,115160.63000000,724.92234000
2025-10-13T19:00:00+00:00,BTC/USDT,1h,115160.63000000,115891.30000000,115070.00000000,115792.84000000,989.05749000
2025-10-13T20:00:00+00:00,BTC/USDT,1h,115792.84000000,115868.00000000,115400.00000000,115713.37000000,419.35754000
2025-10-13T21:00:00+00:00,BTC/USDT,1h,115713.37000000,115786.04000000,115553.33000000,115700.00000000,221.77830000
2025-10-13T22:00:00+00:00,BTC/USDT,1h,115700.00000000,115835.04000000,115442.67000000,115507.19000000,332.95022000
2025-10-13T23:00:00+00:00,BTC/USDT,1h,115507.20000000,115507.20000000,115005.44000000,115166.00000000,554.61822000
2025-10-14T00:00:00+00:00,BTC/USDT,1h,115166.00000000,115409.96000000,114871.93000000,114959.03000000,759.03973000
2025-10-14T01:00:00+00:00,BTC/USDT,1h,114959.02000000,114991.99000000,114137.93000000,114274.57000000,705.31924000
2025-10-14T02:00:00+00:00,BTC/USDT,1h,114274.57000000,114298.08000000,113647.05000000,113647.05000000,851.40075000
2025-10-14T03:00:00+00:00,BTC/USDT,1h,113647.05000000,113700.00000000,113279.76000000,113500.00000000,1141.08489000
2025-10-14T04:00:00+00:00,BTC/USDT,1h,113500.00000000,113599.99000000,112787.00000000,113062.09000000,1189.90441000
2025-10-14T05:00:00+00:00,BTC/USDT,1h,113062.09000000,113691.00000000,112390.00000000,112493.11000000,1796.26245000
2025-10-14T06:00:00+00:00,BTC/USDT,1h,112493.10000000,112699.21000000,111355.01000000,111987.38000000,1853.68057000
2025-10-14T07:00:00+00:00,BTC/USDT,1h,111987.39000000,112194.00000000,111445.72000000,111724.41000000,1446.45172000
2025-10-14T08:00:00+00:00,BTC/USDT,1h,111724.41000000,112140.00000000,111513.63000000,111803.33000000,979.88421000
2025-10-14T09:00:00+00:00,BTC/USDT,1h,111803.33000000,112000.00000000,111055.91000000,111287.89000000,937.93171000
2025-10-14T10:00:00+00:00,BTC/USDT,1h,111287.90000000,111336.11000000,110012.24000000,110623.58000000,1937.91268000
2025-10-14T11:00:00+00:00,BTC/USDT,1h,110623.58000000,111630.28000000,110614.25000000,111313.98000000,1426.10618000
2025-10-14T12:00:00+00:00,BTC/USDT,1h,111313.98000000,111361.15000000,110737.29000000,110803.28000000,976.90627000
2025-10-14T13:00:00+00:00,BTC/USDT,1h,110803.29000000,111329.71000000,109866.00000000,111014.38000000,2420.02151000
2025-10-14T14:00:00+00:00,BTC/USDT,1h,111014.38000000,112200.00000000,110905.73000000,111435.21000000,2108.64964000
2025-10-14T15:00:00+00:00,BTC/USDT,1h,111435.20000000,112943.82000000,111062.15000000,112900.43000000,1681.40989000
2025-10-14T16:00:00+00:00,BTC/USDT,1h,112900.44000000,113187.62000000,112189.42000000,112328.83000000,2429.54292000
2025-10-14T17:00:00+00:00,BTC/USDT,1h,112328.83000000,112933.65000000,111692.31000000,112774.97000000,2031.41315000
2025-10-14T18:00:00+00:00,BTC/USDT,1h,112774.98000000,113450.00000000,112662.72000000,112861.36000000,1289.26282000
2025-10-14T19:00:00+00:00,BTC/USDT,1h,112861.36000000,113544.53000000,112021.59000000,112613.70000000,1685.79274000
2025-10-14T20:00:00+00:00,BTC/USDT,1h,112613.69000000,113008.47000000,112230.46000000,112992.87000000,564.85759000
2025-10-14T21:00:00+00:00,BTC/USDT,1h,112992.88000000,113186.00000000,112683.58000000,113128.70000000,561.06072000
2025-10-14T22:00:00+00:00,BTC/USDT,1h,113128.70000000,113577.00000000,112822.16000000,113211.87000000,588.63193000
2025-10-14T23:00:00+00:00,BTC/USDT,1h,113211.87000000,113520.00000000,112998.22000000,113028.14000000,507.80202000
2025-10-15T00:00:00+00:00,BTC/USDT,1h,113028.13000000,113112.41000000,112602.02000000,112993.86000000,1081.32570000
2025-10-15T01:00:00+00:00,BTC/USDT,1h,112993.85000000,113005.57000000,112326.26000000,112738.17000000,870.72777000
2025-10-15T02:00:00+00:00,BTC/USDT,1h,112738.17000000,113612.35000000,112673.90000000,112809.94000000,812.09712000
2025-10-15T03:00:00+00:00,BTC/USDT,1h,112809.94000000,112866.77000000,111825.93000000,112024.29000000,762.39853000
2025-10-15T04:00:00+00:00,BTC/USDT,1h,112024.30000000,112465.50000000,111746.76000000,112344.81000000,1145.73005000
2025-10-15T05:00:00+00:00,BTC/USDT,1h,112344.81000000,112659.00000000,112188.74000000,112431.95000000,623.36683000
2025-10-15T06:00:00+00:00,BTC/USDT,1h,112431.95000000,112563.80000000,111896.07000000,112460.47000000,740.50832000
2025-10-15T07:00:00+00:00,BTC/USDT,1h,112460.48000000,112680.00000000,112235.76000000,112584.50000000,932.59854000
2025-10-15T08:00:00+00:00,BTC/USDT,1h,112584.49000000,113520.88000000,112550.00000000,112944.85000000,1236.81640000
2025-10-15T09:00:00+00:00,BTC/USDT,1h,112944.84000000,113127.39000000,112380.80000000,112564.01000000,848.43925000
2025-10-15T10:00:00+00:00,BTC/USDT,1h,112564.00000000,112645.61000000,112072.86000000,112266.71000000,847.65271000
2025-10-15T11:00:00+00:00,BTC/USDT,1h,112266.70000000,112600.00000000,111693.26000000,111905.73000000,766.17498000
2025-10-15T12:00:00+00:00,BTC/USDT,1h,111905.72000000,112085.68000000,111400.00000000,111711.25000000,1005.50463000
2025-10-15T13:00:00+00:00,BTC/USDT,1h,111711.25000000,112011.75000000,110725.40000000,111389.00000000,1971.06330000
2025-10-15T14:00:00+00:00,BTC/USDT,1h,111389.01000000,112238.41000000,110800.00000000,111059.76000000,1777.74911000
2025-10-15T15:00:00+00:00,BTC/USDT,1h,111059.77000000,111588.69000000,110400.00000000,110798.01000000,1836.18334000
2025-10-15T16:00:00+00:00,BTC/USDT,1h,110798.01000000,111125.18000000,110602.80000000,110748.00000000,830.13195000
2025-10-15T17:00:00+00:00,BTC/USDT,1h,110748.00000000,111186.78000000,110164.00000000,111186.78000000,1335.06163000
2025-10-15T18:00:00+00:00,BTC/USDT,1h,111186.77000000,111512.41000000,110826.21000000,111444.76000000,562.70484000
2025-10-15T19:00:00+00:00,BTC/USDT,1h,111444.76000000,111557.70000000,111099.33000000,111271.73000000,589.84937000
2025-10-15T20:00:00+00:00,BTC/USDT,1h,111271.73000000,111556.27000000,110515.84000000,111109.76000000,852.76487000
2025-10-15T21:00:00+00:00,BTC/USDT,1h,111109.77000000,111424.69000000,110500.00000000,110854.19000000,779.36355000
2025-10-15T22:00:00+00:00,BTC/USDT,1h,110854.20000000,111395.82000000,110667.97000000,110667.97000000,422.73990000
2025-10-15T23:00:00+00:00,BTC/USDT,1h,110667.97000000,111006.00000000,110590.10000000,110763.28000000,355.53542000
2025-10-16T00:00:00+00:00,BTC/USDT,1h,110763.28000000,110856.11000000,110361.00000000,110431.27000000,753.88930000
2025-10-16T01:00:00+00:00,BTC/USDT,1h,110431.27000000,111330.00000000,110417.32000000,111299.99000000,776.36767000
2025-10-16T02:00:00+00:00,BTC/USDT,1h,111300.00000000,111562.24000000,111014.12000000,111510.43000000,544.40968000
2025-10-16T03:00:00+00:00,BTC/USDT,1h,111510.43000000,111867.17000000,111271.49000000,111329.48000000,640.75803000
2025-10-16T04:00:00+00:00,BTC/USDT,1h,111329.48000000,111675.21000000,110800.88000000,110966.03000000,573.55869000
2025-10-16T05:00:00+00:00,BTC/USDT,1h,110966.03000000,111485.03000000,110750.00000000,110951.14000000,831.06310000
2025-10-16T06:00:00+00:00,BTC/USDT,1h,110951.13000000,111716.86000000,110922.17000000,111666.83000000,576.47831000
2025-10-16T07:00:00+00:00,BTC/USDT,1h,111666.83000000,111773.70000000,110553.19000000,110584.20000000,1116.04250000
2025-10-16T08:00:00+00:00,BTC/USDT,1h,110584.21000000,110893.91000000,110405.00000000,110817.50000000,898.50628000
2025-10-16T09:00:00+00:00,BTC/USDT,1h,110817.50000000,111633.14000000,109635.15000000,111146.31000000,2599.38969000
2025-10-16T10:00:00+00:00,BTC/USDT,1h,111146.31000000,111728.70000000,111021.02000000,111469.63000000,1021.52177000
2025-10-16T11:00:00+00:00,BTC/USDT,1h,111469.63000000,111567.85000000,111001.44000000,111404.72000000,762.70034000
2025-10-16T12:00:00+00:00,BTC/USDT,1h,111404.73000000,111982.45000000,111332.18000000,111519.07000000,925.41606000
2025-10-16T13:00:00+00:00,BTC/USDT,1h,111519.08000000,111548.00000000,110684.32000000,110860.00000000,1245.15513000
2025-10-16T14:00:00+00:00,BTC/USDT,1h,110860.00000000,111420.02000000,109728.00000000,110529.34000000,2218.73000000
2025-10-16T15:00:00+00:00,BTC/USDT,1h,110529.35000000,110727.35000000,108361.69000000,108549.21000000,3863.51050000
2025-10-16T16:00:00+00:00,BTC/USDT,1h,108549.21000000,109254.00000000,107577.57000000,109232.43000000,3658.11859000
2025-10-16T17:00:00+00:00,BTC/USDT,1h,109232.43000000,109244.91000000,108227.54000000,108276.70000000,1542.50028000
2025-10-16T18:00:00+00:00,BTC/USDT,1h,108276.69000000,108656.30000000,107680.00000000,108656.19000000,1228.35335000
2025-10-16T19:00:00+00:00,BTC/USDT,1h,108656.19000000,108751.02000000,107685.40000000,108197.66000000,1826.29670000
2025-10-16T20:00:00+00:00,BTC/USDT,1h,108197.67000000,108424.11000000,107427.00000000,107838.01000000,941.04286000
2025-10-16T21:00:00+00:00,BTC/USDT,1h,107838.00000000,108463.31000000,107592.00000000,108443.70000000,490.84182000
2025-10-16T22:00:00+00:00,BTC/USDT,1h,108443.71000000,108500.00000000,107783.76000000,107798.85000000,451.11345000
2025-10-16T23:00:00+00:00,BTC/USDT,1h,107798.85000000,108420.73000000,107736.56000000,108194.28000000,371.40842000
2025-10-17T00:00:00+00:00,BTC/USDT,1h,108194.27000000,108849.19000000,107934.40000000,108800.00000000,657.03622000
2025-10-17T01:00:00+00:00,BTC/USDT,1h,108799.99000000,109115.08000000,108506.79000000,108839.84000000,663.22366000
2025-10-17T02:00:00+00:00,BTC/USDT,1h,108839.84000000,109082.80000000,108390.21000000,108972.97000000,559.71151000
2025-10-17T03:00:00+00:00,BTC/USDT,1h,108972.98000000,109240.00000000,108910.45000000,109176.74000000,537.92170000
2025-10-17T04:00:00+00:00,BTC/USDT,1h,109176.74000000,109236.01000000,108786.00000000,108787.26000000,487.87266000
2025-10-17T05:00:00+00:00,BTC/USDT,1h,108787.26000000,108926.06000000,108299.12000000,108381.76000000,800.45747000
2025-10-17T06:00:00+00:00,BTC/USDT,1h,108381.75000000,108519.49000000,106639.79000000,106741.28000000,2840.49166000
2025-10-17T07:00:00+00:00,BTC/USDT,1h,106741.28000000,106901.85000000,105542.09000000,105633.75000000,3891.25354000
2025-10-17T08:00:00+00:00,BTC/USDT,1h,105633.75000000,105716.15000000,104505.00000000,104884.38000000,4632.98336000
2025-10-17T09:00:00+00:00,BTC/USDT,1h,104884.38000000,105626.67000000,104520.70000000,104531.35000000,2034.60892000
2025-10-17T10:00:00+00:00,BTC/USDT,1h,104530.00000000,104926.19000000,103528.23000000,104751.99000000,3620.28453000
2025-10-17T11:00:00+00:00,BTC/USDT,1h,104751.99000000,106651.22000000,104674.00000000,105683.72000000,3620.45641000
2025-10-17T12:00:00+00:00,BTC/USDT,1h,105683.71000000,106070.14000000,105227.45000000,105350.40000000,1384.38576000
2025-10-17T13:00:00+00:00,BTC/USDT,1h,105350.40000000,106166.00000000,104876.19000000,105835.63000000,2340.35273000
2025-10-17T14:00:00+00:00,BTC/USDT,1h,105835.62000000,105989.01000000,104533.21000000,105163.42000000,1894.44771000
2025-10-17T15:00:00+00:00,BTC/USDT,1h,105163.41000000,106852.14000000,105087.29000000,106803.53000000,2228.15693000
2025-10-17T16:00:00+00:00,BTC/USDT,1h,106803.52000000,107575.60000000,106239.75000000,106372.34000000,1909.04788000
2025-10-17T17:00:00+00:00,BTC/USDT,1h,106372.34000000,106729.00000000,106071.42000000,106453.27000000,723.50939000
2025-10-17T18:00:00+00:00,BTC/USDT,1h,106453.26000000,107089.99000000,106453.26000000,106647.11000000,761.17199000
2025-10-17T19:00:00+00:00,BTC/USDT,1h,106647.11000000,106889.11000000,106233.65000000,106454.72000000,522.73818000
2025-10-17T20:00:00+00:00,BTC/USDT,1h,106457.24000000,107177.08000000,106342.47000000,107021.37000000,502.81407000
2025-10-17T21:00:00+00:00,BTC/USDT,1h,107021.38000000,107440.02000000,107016.87000000,107301.40000000,474.97927000
2025-10-17T22:00:00+00:00,BTC/USDT,1h,107301.41000000,107415.73000000,106807.50000000,107000.10000000,467.14000000
2025-10-17T23:00:00+00:00,BTC/USDT,1h,107000.09000000,107000.10000000,106392.08000000,106431.68000000,365.62283000
2025-10-18T00:00:00+00:00,BTC/USDT,1h,106431.68000000,106845.52000000,106322.20000000,106845.52000000,471.69377000
2025-10-18T01:00:00+00:00,BTC/USDT,1h,106845.52000000,107306.06000000,106824.00000000,107149.30000000,525.12520000
2025-10-18T02:00:00+00:00,BTC/USDT,1h,107149.30000000,107297.87000000,106493.23000000,106597.98000000,923.59727000
2025-10-18T03:00:00+00:00,BTC/USDT,1h,106597.97000000,107126.55000000,106573.60000000,107070.40000000,747.88716000
2025-10-18T04:00:00+00:00,BTC/USDT,1h,107070.41000000,107070.41000000,106439.38000000,106478.71000000,738.59104000
2025-10-18T05:00:00+00:00,BTC/USDT,1h,106478.66000000,106842.50000000,106478.66000000,106812.52000000,357.02039000
2025-10-18T06:00:00+00:00,BTC/USDT,1h,106812.52000000,106950.00000000,106711.95000000,106839.96000000,582.06053000
2025-10-18T07:00:00+00:00,BTC/USDT,1h,106839.97000000,107499.00000000,106607.20000000,106665.00000000,1298.66311000
2025-10-18T08:00:00+00:00,BTC/USDT,1h,106665.01000000,106966.62000000,106605.93000000,106719.20000000,1204.63747000
2025-10-18T09:00:00+00:00,BTC/USDT,1h,106719.20000000,106938.00000000,106629.66000000,106884.41000000,371.44202000
2025-10-18T10:00:00+00:00,BTC/USDT,1h,106884.41000000,107145.81000000,106788.41000000,106924.47000000,365.74020000
2025-10-18T11:00:00+00:00,BTC/USDT,1h,106924.47000000,107222.00000000,106770.00000000,107208.60000000,394.90850000
2025-10-18T12:00:00+00:00,BTC/USDT,1h,107208.61000000,107300.00000000,106965.23000000,107065.17000000,265.11201000
2025-10-18T13:00:00+00:00,BTC/USDT,1h,107065.17000000,107102.14000000,106810.00000000,106888.78000000,270.57628000
2025-10-18T14:00:00+00:00,BTC/USDT,1h,106888.77000000,107111.11000000,106739.33000000,107028.36000000,552.94765000
2025-10-18T15:00:00+00:00,BTC/USDT,1h,107028.37000000,107146.18000000,106815.86000000,106948.75000000,336.98269000
2025-10-18T16:00:00+00:00,BTC/USDT,1h,106948.75000000,107063.89000000,106484.00000000,106664.01000000,353.04791000
2025-10-18T17:00:00+00:00,BTC/USDT,1h,106664.01000000,106955.79000000,106567.95000000,106880.03000000,246.03342000
2025-10-18T18:00:00+00:00,BTC/USDT,1h,106880.04000000,106920.00000000,106722.72000000,106843.75000000,158.99856000
2025-10-18T19:00:00+00:00,BTC/USDT,1h,106843.75000000,107091.87000000,106762.83000000,107080.14000000,153.17902000
2025-10-18T20:00:00+00:00,BTC/USDT,1h,107080.14000000,107339.03000000,107000.00000000,107018.51000000,262.63077000
2025-10-18T21:00:00+00:00,BTC/USDT,1h,107018.50000000,107220.24000000,106851.84000000,107177.05000000,198.46296000
2025-10-18T22:00:00+00:00,BTC/USDT,1h,107177.05000000,107283.71000000,107067.54000000,107125.87000000,219.09125000
2025-10-18T23:00:00+00:00,BTC/USDT,1h,107125.88000000,107200.00000000,107014.58000000,107185.01000000,124.75848000
2025-10-19T00:00:00+00:00,BTC/USDT,1h,107185.00000000,107267.20000000,106755.88000000,106898.03000000,393.96341000
2025-10-19T01:00:00+00:00,BTC/USDT,1h,106898.03000000,106988.81000000,106734.17000000,106973.26000000,184.14483000
2025-10-19T02:00:00+00:00,BTC/USDT,1h,106973.27000000,107000.00000000,106805.05000000,106847.02000000,121.85742000
2025-10-19T03:00:00+00:00,BTC/USDT,1h,106847.03000000,107367.16000000,106802.32000000,107275.78000000,358.14644000
2025-10-19T04:00:00+00:00,BTC/USDT,1h,107275.79000000,107290.00000000,106949.90000000,107046.90000000,256.58858000
2025-10-19T05:00:00+00:00,BTC/USDT,1h,107046.89000000,107180.00000000,106794.23000000,106888.59000000,516.95583000
2025-10-19T06:00:00+00:00,BTC/USDT,1h,106888.60000000,106909.98000000,106558.61000000,106777.75000000,315.62124000
2025-10-19T07:00:00+00:00,BTC/USDT,1h,106777.75000000,106912.08000000,106702.00000000,106786.00000000,158.03024000
2025-10-19T08:00:00+00:00,BTC/USDT,1h,106786.00000000,107203.29000000,106278.74000000,106443.95000000,969.35569000
2025-10-19T09:00:00+00:00,BTC/USDT,1h,106443.96000000,108213.04000000,106103.36000000,107401.47000000,2187.76100000
2025-10-19T10:00:00+00:00,BTC/USDT,1h,107401.47000000,107887.99000000,106999.57000000,107882.71000000,889.96820000
2025-10-19T11:00:00+00:00,BTC/USDT,1h,107882.71000000,108260.50000000,107633.05000000,107783.47000000,1012.47378000
2025-10-19T12:00:00+00:00,BTC/USDT,1h,107783.47000000,107859.42000000,107421.90000000,107631.43000000,816.58870000
2025-10-19T13:00:00+00:00,BTC/USDT,1h,107631.43000000,108227.44000000,107355.02000000,108096.34000000,912.20232000
2025-10-19T14:00:00+00:00,BTC/USDT,1h,108096.33000000,108508.00000000,107887.28000000,108405.47000000,1356.87620000
2025-10-19T15:00:00+00:00,BTC/USDT,1h,108405.47000000,108621.68000000,108328.25000000,108486.70000000,550.80586000
2025-10-19T16:00:00+00:00,BTC/USDT,1h,108486.71000000,108988.27000000,108240.00000000,108624.19000000,746.00280000
2025-10-19T17:00:00+00:00,BTC/USDT,1h,108624.19000000,109437.43000000,108615.20000000,109113.52000000,842.94186000
2025-10-19T18:00:00+00:00,BTC/USDT,1h,109113.53000000,109450.07000000,109037.50000000,109383.01000000,390.21394000
2025-10-19T19:00:00+00:00,BTC/USDT,1h,109383.00000000,109383.01000000,108800.57000000,108908.43000000,451.40437000
2025-10-19T20:00:00+00:00,BTC/USDT,1h,108908.43000000,108984.90000000,108810.17000000,108845.06000000,661.43199000
2025-10-19T21:00:00+00:00,BTC/USDT,1h,108845.07000000,108869.87000000,108620.00000000,108744.82000000,272.94763000
2025-10-19T22:00:00+00:00,BTC/USDT,1h,108744.83000000,109370.99000000,108744.83000000,109146.80000000,673.56143000
2025-10-19T23:00:00+00:00,BTC/USDT,1h,109146.80000000,109146.80000000,108471.10000000,108642.78000000,440.82047000
2025-10-20T00:00:00+00:00,BTC/USDT,1h,108642.77000000,108642.77000000,107402.52000000,108047.46000000,1198.86530000
2025-10-20T01:00:00+00:00,BTC/USDT,1h,108047.46000000,108276.04000000,107894.00000000,108053.58000000,602.84285000
2025-10-20T02:00:00+00:00,BTC/USDT,1h,108053.57000000,108970.51000000,107854.71000000,108767.02000000,605.86943000
2025-10-20T03:00:00+00:00,BTC/USDT,1h,108767.03000000,110427.86000000,108571.59000000,110145.44000000,1275.97750000
2025-10-20T04:00:00+00:00,BTC/USDT,1h,110145.45000000,110535.13000000,109951.96000000,110422.10000000,865.34314000
2025-10-20T05:00:00+00:00,BTC/USDT,1h,110422.10000000,111111.00000000,110291.27000000,111033.79000000,991.81207000
2025-10-20T06:00:00+00:00,BTC/USDT,1h,111033.79000000,111377.34000000,111001.91000000,111298.55000000,1196.86696000
2025-10-20T07:00:00+00:00,BTC/USDT,1h,111298.55000000,111445.67000000,111050.78000000,111169.92000000,913.95455000
2025-10-20T08:00:00+00:00,BTC/USDT,1h,111169.91000000,111679.25000000,110943.40000000,111097.15000000,925.77025000
2025-10-20T09:00:00+00:00,BTC/USDT,1h,111097.16000000,111200.00000000,110691.96000000,110964.13000000,1095.42239000
2025-10-20T10:00:00+00:00,BTC/USDT,1h,110964.14000000,111098.01000000,110612.00000000,110731.78000000,644.26773000
2025-10-20T11:00:00+00:00,BTC/USDT,1h,110731.78000000,111026.93000000,110608.27000000,111016.75000000,787.40667000
2025-10-20T12:00:00+00:00,BTC/USDT,1h,111016.75000000,111203.06000000,110780.00000000,110843.81000000,425.00243000
2025-10-20T13:00:00+00:00,BTC/USDT,1h,110843.82000000,111203.06000000,110588.23000000,111161.35000000,666.08434000
2025-10-20T14:00:00+00:00,BTC/USDT,1h,111161.35000000,111395.84000000,110736.00000000,111210.86000000,911.55485000
2025-10-20T15:00:00+00:00,BTC/USDT,1h,111210.86000000,111705.56000000,111001.34000000,111144.55000000,1003.56342000
2025-10-20T16:00:00+00:00,BTC/USDT,1h,111144.55000000,111303.05000000,110110.00000000,110683.19000000,1717.87854000
2025-10-20T17:00:00+00:00,BTC/USDT,1h,110683.20000000,111071.40000000,109855.83000000,110282.76000000,1077.41690000
2025-10-20T18:00:00+00:00,BTC/USDT,1h,110282.76000000,110968.98000000,110220.00000000,110937.92000000,457.18317000
2025-10-20T19:00:00+00:00,BTC/USDT,1h,110937.92000000,111067.33000000,110542.00000000,110803.22000000,464.17808000
2025-10-20T20:00:00+00:00,BTC/USDT,1h,110803.22000000,111272.00000000,110665.03000000,111091.46000000,480.99811000
2025-10-20T21:00:00+00:00,BTC/USDT,1h,111091.46000000,111243.64000000,110464.91000000,110563.20000000,332.06604000
2025-10-20T22:00:00+00:00,BTC/USDT,1h,110563.20000000,110867.39000000,110418.25000000,110794.08000000,267.98447000
2025-10-20T23:00:00+00:00,BTC/USDT,1h,110794.08000000,110828.75000000,110521.85000000,110532.09000000,285.13241000
2025-10-21T00:00:00+00:00,BTC/USDT,1h,110532.09000000,110532.09000000,110168.00000000,110446.69000000,437.52159000
2025-10-21T01:00:00+00:00,BTC/USDT,1h,110446.68000000,110489.41000000,109555.00000000,109863.19000000,677.11170000
2025-10-21T02:00:00+00:00,BTC/USDT,1h,109863.18000000,109922.89000000,109303.86000000,109514.92000000,773.29938000
2025-10-21T03:00:00+00:00,BTC/USDT,1h,109514.92000000,109620.31000000,109052.09000000,109059.22000000,517.88075000
2025-10-21T04:00:00+00:00,BTC/USDT,1h,109059.23000000,109059.23000000,107650.94000000,107779.70000000,1936.39331000
2025-10-21T05:00:00+00:00,BTC/USDT,1h,107779.71000000,107979.46000000,107473.72000000,107537.12000000,1531.85421000
2025-10-21T06:00:00+00:00,BTC/USDT,1h,107537.12000000,108200.00000000,107499.19000000,107909.79000000,754.26623000
2025-10-21T07:00:00+00:00,BTC/USDT,1h,107909.79000000,108200.00000000,107645.21000000,108086.37000000,707.81305000
2025-10-21T08:00:00+00:00,BTC/USDT,1h,108086.38000000,108098.72000000,107484.22000000,107695.79000000,804.21106000
2025-10-21T09:00:00+00:00,BTC/USDT,1h,107695.79000000,107866.72000000,107540.09000000,107754.27000000,543.10308000
2025-10-21T10:00:00+00:00,BTC/USDT,1h,107754.27000000,108811.47000000,107580.00000000,108499.56000000,1096.00730000
2025-10-21T11:00:00+00:00,BTC/USDT,1h,108499.56000000,108639.76000000,108169.81000000,108580.01000000,546.40513000
2025-10-21T12:00:00+00:00,BTC/USDT,1h,108580.00000000,109485.78000000,108466.48000000,108793.40000000,1229.63283000
2025-10-21T13:00:00+00:00,BTC/USDT,1h,108793.39000000,108913.68000000,107922.06000000,108426.98000000,1261.18680000
2025-10-21T14:00:00+00:00,BTC/USDT,1h,108426.98000000,112290.31000000,108408.00000000,112170.52000000,3335.72830000
2025-10-21T15:00:00+00:00,BTC/USDT,1h,112170.52000000,113557.62000000,111716.91000000,113422.61000000,4175.55944000
2025-10-21T16:00:00+00:00,BTC/USDT,1h,113422.60000000,114000.00000000,112465.33000000,112565.88000000,2654.63776000
2025-10-21T17:00:00+00:00,BTC/USDT,1h,112565.88000000,112993.67000000,111813.18000000,111973.42000000,5531.17962000
2025-10-21T18:00:00+00:00,BTC/USDT,1h,111973.41000000,112297.14000000,111324.29000000,111990.55000000,1962.19243000
2025-10-21T19:00:00+00:00,BTC/USDT,1h,111990.55000000,112200.00000000,111562.94000000,111780.39000000,583.46835000
2025-10-21T20:00:00+00:00,BTC/USDT,1h,111780.40000000,111801.41000000,110554.22000000,110787.56000000,1166.16267000
2025-10-21T21:00:00+00:00,BTC/USDT,1h,110787.56000000,111111.00000000,110111.00000000,110816.32000000,986.90737000
2025-10-21T22:00:00+00:00,BTC/USDT,1h,110816.33000000,110816.33000000,108271.68000000,109066.98000000,2484.48697000
2025-10-21T23:00:00+00:00,BTC/USDT,1h,109066.98000000,109423.19000000,108045.81000000,108297.67000000,1531.00726000
2025-10-22T00:00:00+00:00,BTC/USDT,1h,108297.66000000,108643.61000000,107841.20000000,107986.14000000,1537.60176000
2025-10-22T01:00:00+00:00,BTC/USDT,1h,107986.15000000,108460.02000000,107986.14000000,108364.21000000,1493.26761000
2025-10-22T02:00:00+00:00,BTC/USDT,1h,108364.22000000,108678.21000000,108198.85000000,108198.85000000,699.65823000
2025-10-22T03:00:00+00:00,BTC/USDT,1h,108198.85000000,108219.12000000,107860.92000000,108216.02000000,1121.03699000
2025-10-22T04:00:00+00:00,BTC/USDT,1h,108216.03000000,108635.92000000,108162.09000000,108625.60000000,696.45277000
2025-10-22T05:00:00+00:00,BTC/USDT,1h,108625.61000000,108638.99000000,107879.93000000,108166.81000000,1434.44211000
2025-10-22T06:00:00+00:00,BTC/USDT,1h,108166.82000000,108331.75000000,107945.50000000,107980.02000000,675.25677000
2025-10-22T07:00:00+00:00,BTC/USDT,1h,107980.02000000,108321.64000000,107610.00000000,108321.63000000,1077.00799000
2025-10-22T08:00:00+00:00,BTC/USDT,1h,108321.64000000,108358.76000000,108079.86000000,108229.30000000,505.66169000
2025-10-22T09:00:00+00:00,BTC/USDT,1h,108229.30000000,108274.43000000,107773.89000000,107963.13000000,557.31037000
2025-10-22T10:00:00+00:00,BTC/USDT,1h,107963.12000000,108114.80000000,107650.00000000,107657.98000000,497.00462000
2025-10-22T11:00:00+00:00,BTC/USDT,1h,107657.98000000,108207.99000000,106708.18000000,107555.05000000,2452.68318000
2025-10-22T12:00:00+00:00,BTC/USDT,1h,107555.04000000,108399.00000000,107443.01000000,108044.96000000,841.76229000
2025-10-22T13:00:00+00:00,BTC/USDT,1h,108044.96000000,109014.34000000,107630.39000000,108783.36000000,1889.17586000
2025-10-22T14:00:00+00:00,BTC/USDT,1h,108783.35000000,108998.00000000,107500.00000000,108947.50000000,3240.71769000
2025-10-22T15:00:00+00:00,BTC/USDT,1h,108947.49000000,109163.88000000,107737.04000000,108416.50000000,1954.01743000
2025-10-22T16:00:00+00:00,BTC/USDT,1h,108416.50000000,108796.42000000,107877.27000000,108226.00000000,1590.12287000
2025-10-22T17:00:00+00:00,BTC/USDT,1h,108226.00000000,108339.89000000,107566.65000000,107778.45000000,913.68528000
2025-10-22T18:00:00+00:00,BTC/USDT,1h,107778.45000000,108200.00000000,107463.29000000,108023.33000000,668.80381000
2025-10-22T19:00:00+00:00,BTC/USDT,1h,108023.33000000,108411.61000000,107685.61000000,107870.35000000,835.44242000
2025-10-22T20:00:00+00:00,BTC/USDT,1h,107870.35000000,108069.93000000,107500.00000000,107696.03000000,1003.67170000
2025-10-22T21:00:00+00:00,BTC/USDT,1h,107696.03000000,107749.02000000,106666.69000000,107207.98000000,1548.13803000
2025-10-22T22:00:00+00:00,BTC/USDT,1h,107207.98000000,107683.25000000,106917.57000000,107196.82000000,742.32871000
2025-10-22T23:00:00+00:00,BTC/USDT,1h,107196.82000000,107946.15000000,107169.69000000,107567.44000000,635.53433000
2025-10-23T00:00:00+00:00,BTC/USDT,1h,107567.45000000,107980.52000000,107500.00000000,107845.30000000,396.06020000
2025-10-23T01:00:00+00:00,BTC/USDT,1h,107845.30000000,108500.00000000,107813.20000000,108150.00000000,1012.18554000
2025-10-23T02:00:00+00:00,BTC/USDT,1h,108150.01000000,108410.30000000,108058.66000000,108410.29000000,360.75702000
2025-10-23T03:00:00+00:00,BTC/USDT,1h,108410.29000000,108720.39000000,108323.59000000,108377.96000000,604.50041000
2025-10-23T04:00:00+00:00,BTC/USDT,1h,108377.96000000,108940.33000000,108350.36000000,108644.32000000,394.82009000
2025-10-23T05:00:00+00:00,BTC/USDT,1h,108644.31000000,108991.81000000,108622.05000000,108940.58000000,448.44483000
2025-10-23T06:00:00+00:00,BTC/USDT,1h,108940.58000000,110298.29000000,108849.07000000,110246.94000000,1472.30240000
2025-10-23T07:00:00+00:00,BTC/USDT,1h,110246.93000000,110273.48000000,109207.75000000,109269.90000000,999.21853000
2025-10-23T08:00:00+00:00,BTC/USDT,1h,109269.90000000,109903.83000000,109245.48000000,109505.44000000,737.41671000
2025-10-23T09:00:00+00:00,BTC/USDT,1h,109505.45000000,109545.76000000,109123.01000000,109426.99000000,503.07972000
2025-10-23T10:00:00+00:00,BTC/USDT,1h,109427.00000000,109701.90000000,109370.05000000,109439.20000000,401.49030000
2025-10-23T11:00:00+00:00,BTC/USDT,1h,109439.20000000,109655.89000000,109100.40000000,109253.89000000,562.02430000
2025-10-23T12:00:00+00:00,BTC/USDT,1h,109253.88000000,109253.89000000,108685.72000000,109164.94000000,953.31213000
2025-10-23T13:00:00+00:00,BTC/USDT,1h,109164.95000000,109650.01000000,108800.01000000,109500.62000000,1286.55668000
2025-10-23T14:00:00+00:00,BTC/USDT,1h,109500.62000000,109851.62000000,108723.13000000,109594.90000000,1111.45274000
2025-10-23T15:00:00+00:00,BTC/USDT,1h,109594.90000000,110109.99000000,109486.38000000,109908.28000000,933.26870000
2025-10-23T16:00:00+00:00,BTC/USDT,1h,109908.29000000,110576.50000000,109647.34000000,110263.74000000,883.87893000
2025-10-23T17:00:00+00:00,BTC/USDT,1h,110263.74000000,111293.61000000,109650.00000000,111241.71000000,1605.70962000
2025-10-23T18:00:00+00:00,BTC/USDT,1h,111241.71000000,111289.36000000,110261.48000000,110571.66000000,761.73368000
2025-10-23T19:00:00+00:00,BTC/USDT,1h,110571.66000000,110619.90000000,110106.00000000,110200.00000000,388.99846000
2025-10-23T20:00:00+00:00,BTC/USDT,1h,110200.01000000,110200.01000000,109341.28000000,109524.81000000,629.20848000
2025-10-23T21:00:00+00:00,BTC/USDT,1h,109524.81000000,109727.22000000,109380.12000000,109532.97000000,424.08473000
2025-10-23T22:00:00+00:00,BTC/USDT,1h,109532.96000000,110158.37000000,109517.37000000,109943.94000000,443.21336000
2025-10-23T23:00:00+00:00,BTC/USDT,1h,109943.95000000,110099.17000000,109839.00000000,110078.18000000,259.37538000
2025-10-24T00:00:00+00:00,BTC/USDT,1h,110078.19000000,110709.22000000,109983.93000000,110500.28000000,531.07612000
2025-10-24T01:00:00+00:00,BTC/USDT,1h,110500.29000000,110665.53000000,110141.38000000,110585.08000000,371.99990000
2025-10-24T02:00:00+00:00,BTC/USDT,1h,110585.09000000,110829.67000000,110358.34000000,110570.12000000,303.69215000
2025-10-24T03:00:00+00:00,BTC/USDT,1h,110570.13000000,110630.81000000,110274.85000000,110441.46000000,332.11629000
2025-10-24T04:00:00+00:00,BTC/USDT,1h,110441.46000000,111470.32000000,110332.00000000,111178.55000000,958.63918000
2025-10-24T05:00:00+00:00,BTC/USDT,1h,111178.54000000,111310.31000000,110941.02000000,111261.36000000,515.30958000
2025-10-24T06:00:00+00:00,BTC/USDT,1h,111261.37000000,111488.00000000,111120.71000000,111464.36000000,480.69090000
2025-10-24T07:00:00+00:00,BTC/USDT,1h,111464.36000000,111522.30000000,110768.23000000,111054.61000000,750.55477000
2025-10-24T08:00:00+00:00,BTC/USDT,1h,111054.61000000,111226.02000000,110680.01000000,111097.80000000,627.57826000
2025-10-24T09:00:00+00:00,BTC/USDT,1h,111097.79000000,111482.99000000,111000.00000000,111324.51000000,446.13074000
2025-10-24T10:00:00+00:00,BTC/USDT,1h,111324.51000000,111325.42000000,111069.46000000,111114.03000000,346.40996000
2025-10-24T11:00:00+00:00,BTC/USDT,1h,111114.03000000,111267.99000000,110600.00000000,111066.29000000,561.52762000
2025-10-24T12:00:00+00:00,BTC/USDT,1h,111066.29000000,112104.98000000,110867.15000000,111297.01000000,1692.92113000
2025-10-24T13:00:00+00:00,BTC/USDT,1h,111297.02000000,111451.47000000,110379.51000000,110937.94000000,1200.08389000
2025-10-24T14:00:00+00:00,BTC/USDT,1h,110937.94000000,110937.95000000,109700.01000000,110219.17000000,1902.54077000
2025-10-24T15:00:00+00:00,BTC/USDT,1h,110219.17000000,110620.00000000,109896.51000000,110046.91000000,737.57678000
2025-10-24T16:00:00+00:00,BTC/USDT,1h,110046.92000000,110387.79000000,109797.13000000,110261.81000000,441.40283000
2025-10-24T17:00:00+00:00,BTC/USDT,1h,110261.81000000,110571.18000000,110180.74000000,110235.22000000,368.64619000
2025-10-24T18:00:00+00:00,BTC/USDT,1h,110235.22000000,110639.04000000,110166.00000000,110619.39000000,336.10914000
2025-10-24T19:00:00+00:00,BTC/USDT,1h,110619.39000000,110945.39000000,110525.06000000,110615.07000000,323.90966000
2025-10-24T20:00:00+00:00,BTC/USDT,1h,110615.07000000,111025.95000000,110478.00000000,110893.70000000,514.06470000
2025-10-24T21:00:00+00:00,BTC/USDT,1h,110893.69000000,111100.00000000,110646.64000000,111085.57000000,915.59401000
2025-10-24T22:00:00+00:00,BTC/USDT,1h,111085.57000000,111138.62000000,110927.23000000,111023.01000000,203.92240000
2025-10-24T23:00:00+00:00,BTC/USDT,1h,111023.01000000,111123.87000000,110882.05000000,111004.89000000,142.67216000
2025-10-25T00:00:00+00:00,BTC/USDT,1h,111004.90000000,111044.86000000,110672.86000000,110766.60000000,210.65830000
2025-10-25T01:00:00+00:00,BTC/USDT,1h,110766.61000000,111226.67000000,110750.00000000,111070.31000000,235.37952000
2025-10-25T02:00:00+00:00,BTC/USDT,1h,111070.31000000,111128.91000000,110950.02000000,111025.77000000,134.00021000
2025-10-25T03:00:00+00:00,BTC/USDT,1h,111025.77000000,111136.65000000,110998.21000000,111029.99000000,249.31110000
2025-10-25T04:00:00+00:00,BTC/USDT,1h,111029.99000000,111458.81000000,111029.99000000,111228.00000000,411.01306000
2025-10-25T05:00:00+00:00,BTC/USDT,1h,111228.00000000,111433.54000000,111093.99000000,111386.79000000,235.19046000
2025-10-25T06:00:00+00:00,BTC/USDT,1h,111386.78000000,111497.10000000,111261.01000000,111366.42000000,334.48878000
2025-10-25T07:00:00+00:00,BTC/USDT,1h,111366.43000000,111820.87000000,111366.43000000,111489.60000000,436.39799000
2025-10-25T08:00:00+00:00,BTC/USDT,1h,111489.59000000,111805.10000000,111488.44000000,111763.80000000,348.94057000
2025-10-25T09:00:00+00:00,BTC/USDT,1h,111763.81000000,111850.13000000,111491.62000000,111521.47000000,474.02907000
2025-10-25T10:00:00+00:00,BTC/USDT,1h,111521.47000000,111718.99000000,111375.81000000,111559.94000000,382.43284000
2025-10-25T11:00:00+00:00,BTC/USDT,1h,111559.94000000,111664.00000000,111480.68000000,111563.81000000,172.78406000
2025-10-25T12:00:00+00:00,BTC/USDT,1h,111563.81000000,111943.19000000,111530.38000000,111899.03000000,363.41104000
2025-10-25T13:00:00+00:00,BTC/USDT,1h,111899.03000000,111916.00000000,111520.00000000,111680.91000000,355.08597000
2025-10-25T14:00:00+00:00,BTC/USDT,1h,111680.92000000,111765.97000000,111520.01000000,111591.19000000,216.60101000
2025-10-25T15:00:00+00:00,BTC/USDT,1h,111591.20000000,111591.20000000,111311.19000000,111385.18000000,318.98695000
2025-10-25T16:00:00+00:00,BTC/USDT,1h,111385.18000000,111479.99000000,111164.39000000,111372.25000000,430.41077000
2025-10-25T17:00:00+00:00,BTC/USDT,1h,111372.25000000,111451.16000000,111300.00000000,111374.96000000,134.57742000
2025-10-25T18:00:00+00:00,BTC/USDT,1h,111374.97000000,111731.78000000,111317.34000000,111719.98000000,227.92326000
2025-10-25T19:00:00+00:00,BTC/USDT,1h,111719.98000000,111720.00000000,111579.75000000,111623.45000000,170.60799000
2025-10-25T20:00:00+00:00,BTC/USDT,1h,111623.46000000,111659.39000000,111370.00000000,111431.94000000,154.33849000
2025-10-25T21:00:00+00:00,BTC/USDT,1h,111431.94000000,111477.76000000,111342.25000000,111477.76000000,133.46965000
2025-10-25T22:00:00+00:00,BTC/USDT,1h,111477.76000000,111683.64000000,111409.54000000,111621.69000000,159.63737000
2025-10-25T23:00:00+00:00,BTC/USDT,1h,111621.69000000,111675.49000000,111535.48000000,111646.27000000,118.29276000
2025-10-26T00:00:00+00:00,BTC/USDT,1h,111646.27000000,111899.56000000,111544.15000000,111715.98000000,370.92714000
2025-10-26T01:00:00+00:00,BTC/USDT,1h,111715.98000000,111835.85000000,111520.00000000,111644.42000000,270.69687000
2025-10-26T02:00:00+00:00,BTC/USDT,1h,111644.41000000,111687.37000000,111408.54000000,111448.85000000,214.46307000
2025-10-26T03:00:00+00:00,BTC/USDT,1h,111448.85000000,111500.00000000,111260.45000000,111260.46000000,170.69475000
2025-10-26T04:00:00+00:00,BTC/USDT,1h,111260.46000000,111479.99000000,111260.46000000,111430.40000000,129.38461000
2025-10-26T05:00:00+00:00,BTC/USDT,1h,111430.39000000,111650.90000000,111367.19000000,111615.32000000,209.94274000
2025-10-26T06:00:00+00:00,BTC/USDT,1h,111615.33000000,111686.65000000,111548.75000000,111635.95000000,156.20448000
2025-10-26T07:00:00+00:00,BTC/USDT,1h,111635.96000000,111724.96000000,111620.02000000,111723.98000000,169.97811000
2025-10-26T08:00:00+00:00,BTC/USDT,1h,111723.98000000,111850.00000000,111723.98000000,111776.94000000,240.40616000
2025-10-26T09:00:00+00:00,BTC/USDT,1h,111776.94000000,112779.81000000,111708.63000000,112528.83000000,1330.29795000
2025-10-26T10:00:00+00:00,BTC/USDT,1h,112528.82000000,112571.26000000,112189.33000000,112477.10000000,337.77399000
2025-10-26T11:00:00+00:00,BTC/USDT,1h,112477.11000000,113466.23000000,112430.56000000,113286.09000000,1079.09408000
2025-10-26T12:00:00+00:00,BTC/USDT,1h,113286.09000000,113827.02000000,113279.85000000,113575.05000000,1229.55057000
2025-10-26T13:00:00+00:00,BTC/USDT,1h,113575.06000000,114000.00000000,113283.80000000,113711.53000000,1099.62143000
2025-10-26T14:00:00+00:00,BTC/USDT,1h,113711.53000000,113885.27000000,113544.02000000,113575.36000000,739.58798000
2025-10-26T15:00:00+00:00,BTC/USDT,1h,113575.35000000,113725.48000000,113425.87000000,113694.97000000,437.55153000
2025-10-26T16:00:00+00:00,BTC/USDT,1h,113694.97000000,113761.98000000,113290.62000000,113517.53000000,556.71599000
2025-10-26T17:00:00+00:00,BTC/USDT,1h,113517.54000000,113747.85000000,113442.12000000,113442.13000000,319.42533000
2025-10-26T18:00:00+00:00,BTC/USDT,1h,113442.14000000,113793.93000000,113442.13000000,113575.15000000,279.30190000
2025-10-26T19:00:00+00:00,BTC/USDT,1h,113575.15000000,113720.63000000,113503.82000000,113585.99000000,204.67267000
2025-10-26T20:00:00+00:00,BTC/USDT,1h,113585.98000000,113585.98000000,113283.11000000,113320.80000000,248.15480000
2025-10-26T21:00:00+00:00,BTC/USDT,1h,113320.80000000,113590.48000000,112901.00000000,113497.06000000,464.11186000
2025-10-26T22:00:00+00:00,BTC/USDT,1h,113497.06000000,115466.80000000,113497.06000000,114681.33000000,2524.96249000
2025-10-26T23:00:00+00:00,BTC/USDT,1h,114681.34000000,114966.15000000,114385.13000000,114559.40000000,670.95687000
2025-10-27T00:00:00+00:00,BTC/USDT,1h,114559.41000000,115176.47000000,114362.26000000,114767.29000000,1142.27258000
2025-10-27T01:00:00+00:00,BTC/USDT,1h,114767.28000000,115388.96000000,114710.92000000,115284.01000000,725.93495000
2025-10-27T02:00:00+00:00,BTC/USDT,1h,115284.01000000,115445.39000000,114815.60000000,114883.39000000,826.25748000
2025-10-27T03:00:00+00:00,BTC/USDT,1h,114883.40000000,115242.65000000,114829.48000000,114958.51000000,587.18766000
2025-10-27T04:00:00+00:00,BTC/USDT,1h,114958.52000000,115283.27000000,114938.01000000,115256.44000000,400.40691000
2025-10-27T05:00:00+00:00,BTC/USDT,1h,115256.43000000,115652.89000000,115256.43000000,115556.57000000,828.01463000
2025-10-27T06:00:00+00:00,BTC/USDT,1h,115556.56000000,116129.50000000,115361.65000000,116053.49000000,1794.85942000
2025-10-27T07:00:00+00:00,BTC/USDT,1h,116053.50000000,116400.00000000,115489.53000000,115554.60000000,2455.66454000
2025-10-27T08:00:00+00:00,BTC/USDT,1h,115554.59000000,115607.48000000,114900.00000000,115014.88000000,1249.66033000
2025-10-27T09:00:00+00:00,BTC/USDT,1h,115014.88000000,115356.99000000,114814.69000000,115254.01000000,1148.54888000
2025-10-27T10:00:00+00:00,BTC/USDT,1h,115254.01000000,115550.02000000,115120.90000000,115447.94000000,557.73562000
2025-10-27T11:00:00+00:00,BTC/USDT,1h,115447.93000000,115528.74000000,115128.04000000,115362.02000000,745.97843000
2025-10-27T12:00:00+00:00,BTC/USDT,1h,115362.02000000,115437.48000000,115000.00000000,115065.67000000,1172.23501000
2025-10-27T13:00:00+00:00,BTC/USDT,1h,115065.96000000,115415.99000000,114566.83000000,115264.28000000,1010.17279000
2025-10-27T14:00:00+00:00,BTC/USDT,1h,115264.29000000,115358.00000000,114503.99000000,114810.05000000,987.16577000
2025-10-27T15:00:00+00:00,BTC/USDT,1h,114810.06000000,115224.44000000,114778.00000000,114969.68000000,1323.86576000
2025-10-27T16:00:00+00:00,BTC/USDT,1h,114969.68000000,115636.86000000,114872.12000000,115497.57000000,818.25063000
2025-10-27T17:00:00+00:00,BTC/USDT,1h,115497.57000000,115706.06000000,115311.19000000,115706.06000000,442.08673000
2025-10-27T18:00:00+00:00,BTC/USDT,1h,115706.06000000,115790.00000000,115325.00000000,115342.19000000,400.61809000
2025-10-27T19:00:00+00:00,BTC/USDT,1h,115342.18000000,115342.19000000,114790.81000000,114942.64000000,597.25209000
2025-10-27T20:00:00+00:00,BTC/USDT,1h,114942.64000000,114942.64000000,114408.00000000,114455.17000000,550.98109000
2025-10-27T21:00:00+00:00,BTC/USDT,1h,114455.17000000,114626.99000000,114135.61000000,114302.70000000,494.80813000
2025-10-27T22:00:00+00:00,BTC/USDT,1h,114302.69000000,114585.01000000,114059.40000000,114112.51000000,475.05268000
2025-10-27T23:00:00+00:00,BTC/USDT,1h,114112.50000000,114226.23000000,113830.01000000,114107.65000000,715.22221000
2025-10-28T00:00:00+00:00,BTC/USDT,1h,114107.65000000,114374.20000000,113788.32000000,113961.67000000,554.91770000
2025-10-28T01:00:00+00:00,BTC/USDT,1h,113961.67000000,114547.20000000,113961.67000000,114424.76000000,485.50547000
2025-10-28T02:00:00+00:00,BTC/USDT,1h,114424.76000000,114474.10000000,113569.91000000,113936.94000000,686.42190000
2025-10-28T03:00:00+00:00,BTC/USDT,1h,113936.93000000,114109.86000000,113717.00000000,113908.24000000,457.29772000
2025-10-28T04:00:00+00:00,BTC/USDT,1h,113908.25000000,114076.91000000,113761.71000000,113964.59000000,440.12507000
2025-10-28T05:00:00+00:00,BTC/USDT,1h,113964.60000000,113981.73000000,113483.30000000,113605.31000000,628.71639000
2025-10-28T06:00:00+00:00,BTC/USDT,1h,113605.32000000,114186.01000000,113605.32000000,114115.52000000,542.51916000
2025-10-28T07:00:00+00:00,BTC/USDT,1h,114115.52000000,114364.99000000,114091.51000000,114188.37000000,579.31808000
2025-10-28T08:00:00+00:00,BTC/USDT,1h,114188.38000000,114480.19000000,114113.30000000,114427.23000000,307.52828000
2025-10-28T09:00:00+00:00,BTC/USDT,1h,114427.23000000,114634.46000000,114205.28000000,114528.60000000,373.30544000
2025-10-28T10:00:00+00:00,BTC/USDT,1h,114528.61000000,114608.78000000,114429.78000000,114595.71000000,230.01260000
2025-10-28T11:00:00+00:00,BTC/USDT,1h,114595.70000000,114673.68000000,114297.06000000,114357.73000000,326.08736000
2025-10-28T12:00:00+00:00,BTC/USDT,1h,114357.72000000,114517.29000000,114138.06000000,114449.55000000,421.93096000
2025-10-28T13:00:00+00:00,BTC/USDT,1h,114449.55000000,115522.91000000,114449.55000000,115522.90000000,1045.59275000
2025-10-28T14:00:00+00:00,BTC/USDT,1h,115522.91000000,116086.00000000,114223.63000000,115068.17000000,1820.63839000
2025-10-28T15:00:00+00:00,BTC/USDT,1h,115068.18000000,115425.84000000,114516.00000000,114641.38000000,720.35046000
2025-10-28T16:00:00+00:00,BTC/USDT,1h,114641.38000000,115500.00000000,114530.00000000,115341.59000000,754.64859000
2025-10-28T17:00:00+00:00,BTC/USDT,1h,115341.59000000,115591.41000000,115229.45000000,115290.00000000,436.86490000
2025-10-28T18:00:00+00:00,BTC/USDT,1h,115289.99000000,115366.45000000,114642.94000000,115022.80000000,370.32321000
2025-10-28T19:00:00+00:00,BTC/USDT,1h,115022.80000000,115075.08000000,113566.44000000,113689.99000000,1157.95866000
2025-10-28T20:00:00+00:00,BTC/USDT,1h,113689.00000000,113703.32000000,112324.82000000,112808.05000000,1738.00789000
2025-10-28T21:00:00+00:00,BTC/USDT,1h,112808.05000000,113225.53000000,112211.00000000,112994.40000000,726.23538000
2025-10-28T22:00:00+00:00,BTC/USDT,1h,112994.41000000,113289.02000000,112838.81000000,113224.08000000,336.06989000
2025-10-28T23:00:00+00:00,BTC/USDT,1h,113224.08000000,113224.08000000,112779.57000000,112898.45000000,383.04632000
2025-10-29T00:00:00+00:00,BTC/USDT,1h,112898.44000000,112898.45000000,112442.87000000,112442.88000000,505.29871000
2025-10-29T01:00:00+00:00,BTC/USDT,1h,112442.87000000,112975.75000000,112100.00000000,112500.03000000,916.66416000
2025-10-29T02:00:00+00:00,BTC/USDT,1h,112500.03000000,112780.00000000,112414.47000000,112666.75000000,352.69724000
2025-10-29T03:00:00+00:00,BTC/USDT,1h,112666.75000000,112666.75000000,112339.77000000,112523.49000000,301.56130000
2025-10-29T04:00:00+00:00,BTC/USDT,1h,112523.49000000,112878.65000000,112505.58000000,112810.55000000,311.50456000
2025-10-29T05:00:00+00:00,BTC/USDT,1h,112810.56000000,113379.00000000,112807.34000000,113039.10000000,640.93765000
2025-10-29T06:00:00+00:00,BTC/USDT,1h,113039.09000000,113348.78000000,112976.93000000,113284.20000000,443.58086000
2025-10-29T07:00:00+00:00,BTC/USDT,1h,113284.21000000,113577.90000000,113240.01000000,113577.90000000,640.61019000
2025-10-29T08:00:00+00:00,BTC/USDT,1h,113577.90000000,113624.12000000,112956.00000000,113070.94000000,507.26681000
2025-10-29T09:00:00+00:00,BTC/USDT,1h,113070.94000000,113105.08000000,112768.63000000,112974.44000000,659.57288000
2025-10-29T10:00:00+00:00,BTC/USDT,1h,112974.44000000,113186.58000000,112732.91000000,112870.01000000,425.87130000
2025-10-29T11:00:00+00:00,BTC/USDT,1h,112870.00000000,113240.72000000,112741.26000000,113132.36000000,378.28227000
2025-10-29T12:00:00+00:00,BTC/USDT,1h,113132.35000000,113325.13000000,113050.01000000,113139.13000000,343.38468000
2025-10-29T13:00:00+00:00,BTC/USDT,1h,113139.13000000,113643.73000000,112705.00000000,112873.07000000,1155.92441000
2025-10-29T14:00:00+00:00,BTC/USDT,1h,112873.08000000,112916.00000000,112234.74000000,112488.44000000,1185.34226000
2025-10-29T15:00:00+00:00,BTC/USDT,1h,112488.45000000,112564.31000000,111401.50000000,111509.74000000,1921.74476000
2025-10-29T16:00:00+00:00,BTC/USDT,1h,111509.74000000,111523.32000000,110960.00000000,111106.35000000,1388.36304000
2025-10-29T17:00:00+00:00,BTC/USDT,1h,111106.35000000,111922.44000000,111002.23000000,111883.49000000,811.18965000
2025-10-29T18:00:00+00:00,BTC/USDT,1h,111883.50000000,112030.23000000,109200.00000000,110806.38000000,4372.18973000
2025-10-29T19:00:00+00:00,BTC/USDT,1h,110806.38000000,111438.65000000,110157.03000000,110640.00000000,1170.09639000
2025-10-29T20:00:00+00:00,BTC/USDT,1h,110640.00000000,111538.16000000,110403.28000000,111433.46000000,728.51015000
2025-10-29T21:00:00+00:00,BTC/USDT,1h,111433.45000000,111800.00000000,111368.02000000,111617.26000000,405.07841000
2025-10-29T22:00:00+00:00,BTC/USDT,1h,111617.26000000,111618.46000000,110949.68000000,111028.20000000,447.25113000
2025-10-29T23:00:00+00:00,BTC/USDT,1h,111028.20000000,111077.76000000,109733.22000000,110021.29000000,1066.79122000
2025-10-30T00:00:00+00:00,BTC/USDT,1h,110021.30000000,110583.86000000,109703.43000000,110559.48000000,649.59178000
2025-10-30T01:00:00+00:00,BTC/USDT,1h,110559.48000000,110725.64000000,110257.77000000,110460.76000000,575.63954000
2025-10-30T02:00:00+00:00,BTC/USDT,1h,110460.75000000,111011.99000000,110331.04000000,110985.92000000,488.21463000
2025-10-30T03:00:00+00:00,BTC/USDT,1h,110985.93000000,110985.93000000,110538.68000000,110751.47000000,628.73987000
2025-10-30T04:00:00+00:00,BTC/USDT,1h,110751.48000000,110761.43000000,107925.06000000,108575.27000000,3536.96505000
2025-10-30T05:00:00+00:00,BTC/USDT,1h,108575.26000000,110434.58000000,108420.00000000,110248.29000000,1212.17428000
2025-10-30T06:00:00+00:00,BTC/USDT,1h,110248.28000000,110964.09000000,109978.01000000,110768.01000000,1000.82897000
2025-10-30T07:00:00+00:00,BTC/USDT,1h,110768.01000000,111592.00000000,110639.25000000,111366.72000000,831.79805000
2025-10-30T08:00:00+00:00,BTC/USDT,1h,111366.72000000,111467.01000000,110681.22000000,110714.31000000,1187.21618000
2025-10-30T09:00:00+00:00,BTC/USDT,1h,110714.31000000,110814.00000000,110125.17000000,110171.69000000,659.11121000
2025-10-30T10:00:00+00:00,BTC/USDT,1h,110171.68000000,110231.92000000,109829.54000000,110105.75000000,573.15523000
2025-10-30T11:00:00+00:00,BTC/USDT,1h,110105.75000000,110144.25000000,109692.30000000,109717.29000000,551.05951000
2025-10-30T12:00:00+00:00,BTC/USDT,1h,109717.19000000,109777.93000000,108280.65000000,108387.86000000,1449.48653000
2025-10-30T13:00:00+00:00,BTC/USDT,1h,108387.86000000,108728.54000000,107400.00000000,107627.16000000,2868.53704000
2025-10-30T14:00:00+00:00,BTC/USDT,1h,107627.15000000,108374.21000000,107610.44000000,108285.54000000,1206.17345000
2025-10-30T15:00:00+00:00,BTC/USDT,1h,108285.54000000,108350.44000000,107328.00000000,107711.56000000,1019.91386000
2025-10-30T16:00:00+00:00,BTC/USDT,1h,107711.56000000,108214.85000000,107559.98000000,108144.57000000,667.54851000
2025-10-30T17:00:00+00:00,BTC/USDT,1h,108144.58000000,108150.56000000,106801.00000000,107486.69000000,1492.47982000
2025-10-30T18:00:00+00:00,BTC/USDT,1h,107486.69000000,107556.65000000,106791.78000000,106837.09000000,766.54153000
2025-10-30T19:00:00+00:00,BTC/USDT,1h,106837.09000000,107158.62000000,106304.34000000,106536.39000000,1440.69222000
2025-10-30T20:00:00+00:00,BTC/USDT,1h,106536.39000000,107652.00000000,106316.17000000,107510.91000000,1205.05225000
2025-10-30T21:00:00+00:00,BTC/USDT,1h,107510.91000000,107950.00000000,107400.00000000,107907.68000000,846.16919000
2025-10-30T22:00:00+00:00,BTC/USDT,1h,107907.67000000,107939.00000000,107472.00000000,107912.81000000,333.78851000
2025-10-30T23:00:00+00:00,BTC/USDT,1h,107912.81000000,108334.53000000,107600.01000000,108322.88000000,797.95117000
2025-10-31T00:00:00+00:00,BTC/USDT,1h,108322.87000000,109586.94000000,108275.28000000,109317.21000000,1084.42941000
2025-10-31T01:00:00+00:00,BTC/USDT,1h,109317.21000000,110042.16000000,109180.00000000,109619.77000000,1402.71517000
2025-10-31T02:00:00+00:00,BTC/USDT,1h,109619.77000000,109685.32000000,108565.26000000,108857.99000000,866.79172000
2025-10-31T03:00:00+00:00,BTC/USDT,1h,108858.00000000,109324.40000000,108613.11000000,109227.86000000,820.34500000
2025-10-31T04:00:00+00:00,BTC/USDT,1h,109227.87000000,110215.00000000,109114.88000000,110084.02000000,1133.07928000
2025-10-31T05:00:00+00:00,BTC/USDT,1h,110084.02000000,110084.03000000,109691.92000000,109899.15000000,939.00824000
2025-10-31T06:00:00+00:00,BTC/USDT,1h,109899.15000000,109968.71000000,109517.49000000,109650.00000000,532.21593000
2025-10-31T07:00:00+00:00,BTC/USDT,1h,109650.00000000,109807.90000000,109266.58000000,109449.31000000,994.16577000
2025-10-31T08:00:00+00:00,BTC/USDT,1h,109449.32000000,110100.00000000,109214.13000000,110062.44000000,719.63357000
2025-10-31T09:00:00+00:00,BTC/USDT,1h,110062.45000000,110450.00000000,109807.89000000,109848.39000000,632.93862000
2025-10-31T10:00:00+00:00,BTC/USDT,1h,109848.39000000,110117.32000000,109710.08000000,109819.20000000,375.06762000
2025-10-31T11:00:00+00:00,BTC/USDT,1h,109819.21000000,110550.00000000,109461.53000000,110415.61000000,712.18313000
2025-10-31T12:00:00+00:00,BTC/USDT,1h,110415.62000000,110681.00000000,109619.94000000,109653.19000000,904.10139000
2025-10-31T13:00:00+00:00,BTC/USDT,1h,109653.20000000,110240.00000000,109366.91000000,110157.54000000,1164.32028000
2025-10-31T14:00:00+00:00,BTC/USDT,1h,110157.54000000,111054.61000000,109590.46000000,110790.14000000,2487.24179000
2025-10-31T15:00:00+00:00,BTC/USDT,1h,110790.14000000,111190.00000000,110132.02000000,110202.90000000,1557.65344000
2025-10-31T16:00:00+00:00,BTC/USDT,1h,110202.90000000,110300.00000000,108671.25000000,108845.40000000,1222.91214000
2025-10-31T17:00:00+00:00,BTC/USDT,1h,108845.40000000,109417.91000000,108635.00000000,109299.98000000,1008.03929000
2025-10-31T18:00:00+00:00,BTC/USDT,1h,109299.98000000,109817.51000000,108974.76000000,109452.35000000,808.98594000
2025-10-31T19:00:00+00:00,BTC/USDT,1h,109452.20000000,110237.66000000,109114.52000000,109828.78000000,824.47324000
2025-10-31T20:00:00+00:00,BTC/USDT,1h,109828.78000000,109828.79000000,109438.12000000,109493.85000000,531.76370000
2025-10-31T21:00:00+00:00,BTC/USDT,1h,109493.84000000,109750.00000000,109329.15000000,109558.48000000,331.78769000
2025-10-31T22:00:00+00:00,BTC/USDT,1h,109558.48000000,109801.89000000,109483.66000000,109580.09000000,286.93529000
2025-10-31T23:00:00+00:00,BTC/USDT,1h,109580.08000000,109683.31000000,109518.22000000,109608.01000000,177.41674000
2025-11-01T00:00:00+00:00,BTC/USDT,1h,109608.01000000,109751.99000000,109394.81000000,109730.78000000,314.60723000
2025-11-01T01:00:00+00:00,BTC/USDT,1h,109730.78000000,110048.00000000,109699.84000000,109734.11000000,205.95055000
2025-11-01T02:00:00+00:00,BTC/USDT,1h,109734.10000000,109872.29000000,109478.09000000,109790.27000000,322.30901000
2025-11-01T03:00:00+00:00,BTC/USDT,1h,109790.27000000,110315.54000000,109789.17000000,110226.37000000,486.66403000
2025-11-01T04:00:00+00:00,BTC/USDT,1h,110226.38000000,110564.49000000,110109.58000000,110291.67000000,486.28878000
2025-11-01T05:00:00+00:00,BTC/USDT,1h,110291.66000000,110382.87000000,110050.00000000,110140.79000000,231.47577000
2025-11-01T06:00:00+00:00,BTC/USDT,1h,110140.78000000,110175.38000000,109933.86000000,110004.82000000,272.13630000
2025-11-01T07:00:00+00:00,BTC/USDT,1h,110004.82000000,110251.67000000,109992.78000000,110071.40000000,284.01087000
2025-11-01T08:00:00+00:00,BTC/USDT,1h,110071.40000000,110270.90000000,110071.40000000,110248.88000000,310.52873000
2025-11-01T09:00:00+00:00,BTC/USDT,1h,110248.88000000,110254.55000000,109970.18000000,109991.29000000,350.98951000
2025-11-01T10:00:00+00:00,BTC/USDT,1h,109991.29000000,110169.23000000,109854.72000000,110147.83000000,273.03449000
2025-11-01T11:00:00+00:00,BTC/USDT,1h,110147.83000000,110238.78000000,110000.01000000,110137.59000000,193.43473000
2025-11-01T12:00:00+00:00,BTC/USDT,1h,110137.59000000,110200.00000000,110000.01000000,110017.27000000,289.94506000
2025-11-01T13:00:00+00:00,BTC/USDT,1h,110017.26000000,110054.96000000,109702.66000000,109946.27000000,273.80468000
2025-11-01T14:00:00+00:00,BTC/USDT,1h,109946.26000000,109993.98000000,109728.94000000,109933.85000000,343.69011000
2025-11-01T15:00:00+00:00,BTC/USDT,1h,109933.86000000,110348.00000000,109910.22000000,110310.65000000,619.56524000
2025-11-01T16:00:00+00:00,BTC/USDT,1h,110310.65000000,110529.99000000,110208.49000000,110464.33000000,670.42039000
2025-11-01T17:00:00+00:00,BTC/USDT,1h,110464.33000000,110495.04000000,110192.00000000,110208.97000000,297.51556000
2025-11-01T18:00:00+00:00,BTC/USDT,1h,110208.96000000,110361.03000000,110193.43000000,110341.27000000,169.41416000
2025-11-01T19:00:00+00:00,BTC/USDT,1h,110341.28000000,110341.28000000,110220.77000000,110299.99000000,109.98551000
2025-11-01T20:00:00+00:00,BTC/USDT,1h,110300.00000000,110516.17000000,110298.17000000,110406.20000000,211.21273000
2025-11-01T21:00:00+00:00,BTC/USDT,1h,110406.21000000,110426.00000000,109858.44000000,109862.85000000,273.04557000
2025-11-01T22:00:00+00:00,BTC/USDT,1h,109862.85000000,110098.59000000,109862.84000000,110092.78000000,259.45939000
2025-11-01T23:00:00+00:00,BTC/USDT,1h,110092.79000000,110144.49000000,109974.00000000,110098.10000000,129.01591000
2025-11-02T00:00:00+00:00,BTC/USDT,1h,110098.10000000,110127.26000000,109895.27000000,109974.09000000,318.19118000
2025-11-02T01:00:00+00:00,BTC/USDT,1h,109974.09000000,110091.36000000,109921.05000000,109978.01000000,159.66153000
2025-11-02T02:00:00+00:00,BTC/USDT,1h,109978.01000000,110263.91000000,109879.39000000,110015.77000000,233.11834000
2025-11-02T03:00:00+00:00,BTC/USDT,1h,110015.76000000,110086.82000000,109962.06000000,110053.23000000,145.30218000
2025-11-02T04:00:00+00:00,BTC/USDT,1h,110053.22000000,110784.13000000,110030.06000000,110670.27000000,1380.24287000
2025-11-02T05:00:00+00:00,BTC/USDT,1h,110670.27000000,110714.04000000,110274.65000000,110497.98000000,1261.57372000
2025-11-02T06:00:00+00:00,BTC/USDT,1h,110497.98000000,110725.90000000,110274.90000000,110663.89000000,867.85040000
2025-11-02T07:00:00+00:00,BTC/USDT,1h,110663.90000000,111045.09000000,110429.70000000,110895.53000000,919.53603000
2025-11-02T08:00:00+00:00,BTC/USDT,1h,110895.53000000,111013.43000000,110716.52000000,110850.17000000,518.64490000
2025-11-02T09:00:00+00:00,BTC/USDT,1h,110850.17000000,111037.94000000,110525.89000000,110714.00000000,566.42995000
2025-11-02T10:00:00+00:00,BTC/USDT,1h,110714.00000000,110876.53000000,110346.15000000,110492.00000000,715.95933000
2025-11-02T11:00:00+00:00,BTC/USDT,1h,110491.99000000,111229.78000000,110482.60000000,111196.99000000,627.26421000
2025-11-02T12:00:00+00:00,BTC/USDT,1h,111196.99000000,111250.01000000,110678.25000000,110736.24000000,460.53292000
2025-11-02T13:00:00+00:00,BTC/USDT,1h,110736.24000000,110766.79000000,110173.84000000,110568.65000000,420.28873000
2025-11-02T14:00:00+00:00,BTC/USDT,1h,110568.65000000,110667.62000000,110202.16000000,110422.24000000,420.72705000
2025-11-02T15:00:00+00:00,BTC/USDT,1h,110422.24000000,110566.86000000,110096.32000000,110117.48000000,387.83077000
2025-11-02T16:00:00+00:00,BTC/USDT,1h,110117.49000000,110143.53000000,109735.59000000,110115.34000000,614.25585000
2025-11-02T17:00:00+00:00,BTC/USDT,1h,110115.34000000,110263.91000000,110027.93000000,110190.40000000,215.89779000
2025-11-02T18:00:00+00:00,BTC/USDT,1h,110190.41000000,110331.00000000,110174.33000000,110331.00000000,137.67403000
2025-11-02T19:00:00+00:00,BTC/USDT,1h,110331.00000000,110331.00000000,109960.95000000,110180.84000000,217.64836000
2025-11-02T20:00:00+00:00,BTC/USDT,1h,110180.85000000,110213.20000000,109890.34000000,110086.70000000,208.23814000
2025-11-02T21:00:00+00:00,BTC/USDT,1h,110086.70000000,110126.94000000,109972.00000000,109990.90000000,196.61258000
2025-11-02T22:00:00+00:00,BTC/USDT,1h,109990.91000000,110012.00000000,109471.34000000,109899.99000000,458.99057000
2025-11-02T23:00:00+00:00,BTC/USDT,1h,109900.00000000,110742.26000000,109900.00000000,110540.68000000,654.52944000
2025-11-03T00:00:00+00:00,BTC/USDT,1h,110540.69000000,110750.00000000,109757.10000000,109757.11000000,449.08984000
2025-11-03T01:00:00+00:00,BTC/USDT,1h,109757.10000000,109910.33000000,109366.75000000,109665.50000000,905.23675000
2025-11-03T02:00:00+00:00,BTC/USDT,1h,109665.50000000,109754.14000000,108666.66000000,109033.83000000,1088.01796000
2025-11-03T03:00:00+00:00,BTC/USDT,1h,109033.84000000,109155.74000000,107907.44000000,107937.45000000,1524.18495000
2025-11-03T04:00:00+00:00,BTC/USDT,1h,107937.45000000,107999.53000000,107480.13000000,107900.37000000,1058.54590000
2025-11-03T05:00:00+00:00,BTC/USDT,1h,107900.37000000,108075.00000000,107400.00000000,107606.75000000,815.12463000
2025-11-03T06:00:00+00:00,BTC/USDT,1h,107606.75000000,107714.05000000,107006.05000000,107494.23000000,1115.28935000
2025-11-03T07:00:00+00:00,BTC/USDT,1h,107494.24000000,107832.45000000,107272.93000000,107468.23000000,874.56308000
2025-11-03T08:00:00+00:00,BTC/USDT,1h,107468.23000000,107705.15000000,106888.00000000,107586.97000000,1033.44721000
2025-11-03T09:00:00+00:00,BTC/USDT,1h,107586.98000000,107912.86000000,107083.33000000,107197.94000000,675.70561000
2025-11-03T10:00:00+00:00,BTC/USDT,1h,107197.95000000,107621.06000000,106726.63000000,106974.99000000,987.39790000
2025-11-03T11:00:00+00:00,BTC/USDT,1h,106974.99000000,107920.92000000,106963.00000000,107787.42000000,774.01269000
2025-11-03T12:00:00+00:00,BTC/USDT,1h,107787.42000000,108265.44000000,107713.10000000,107768.90000000,742.62608000
2025-11-03T13:00:00+00:00,BTC/USDT,1h,107768.91000000,108068.59000000,107574.77000000,107908.68000000,647.66063000
2025-11-03T14:00:00+00:00,BTC/USDT,1h,107908.68000000,108333.00000000,107369.01000000,108059.99000000,919.91286000
2025-11-03T15:00:00+00:00,BTC/USDT,1h,108060.00000000,108148.81000000,105511.00000000,105745.71000000,3853.95819000
2025-11-03T16:00:00+00:00,BTC/USDT,1h,105745.71000000,106798.01000000,105306.56000000,106678.44000000,3622.24107000
2025-11-03T17:00:00+00:00,BTC/USDT,1h,106678.43000000,107783.20000000,106536.11000000,107481.19000000,1563.75664000
2025-11-03T18:00:00+00:00,BTC/USDT,1h,107481.20000000,107599.85000000,106813.00000000,106961.62000000,1651.54985000
2025-11-03T19:00:00+00:00,BTC/USDT,1h,106961.61000000,107395.25000000,106455.23000000,107090.00000000,950.86728000
2025-11-03T20:00:00+00:00,BTC/USDT,1h,107090.00000000,107169.68000000,106310.43000000,106657.55000000,850.20850000
2025-11-03T21:00:00+00:00,BTC/USDT,1h,106657.55000000,107094.27000000,106088.73000000,106888.71000000,790.25915000
2025-11-03T22:00:00+00:00,BTC/USDT,1h,106888.71000000,106888.71000000,105755.59000000,106489.95000000,1150.56648000
2025-11-03T23:00:00+00:00,BTC/USDT,1h,106489.94000000,106750.00000000,106030.14000000,106583.04000000,636.96519000
2025-11-04T00:00:00+00:00,BTC/USDT,1h,106583.05000000,106808.51000000,105852.37000000,106471.45000000,1195.65517000
2025-11-04T01:00:00+00:00,BTC/USDT,1h,106471.45000000,107298.74000000,106277.46000000,107040.01000000,1133.99025000
2025-11-04T02:00:00+00:00,BTC/USDT,1h,107040.00000000,107243.23000000,106477.10000000,106482.60000000,701.66328000
2025-11-04T03:00:00+00:00,BTC/USDT,1h,106482.61000000,107233.83000000,106223.14000000,107158.79000000,1057.66983000
2025-11-04T04:00:00+00:00,BTC/USDT,1h,107158.79000000,107299.00000000,106703.82000000,106750.14000000,745.43101000
2025-11-04T05:00:00+00:00,BTC/USDT,1h,106750.14000000,106750.15000000,104200.00000000,104215.76000000,3268.35780000
2025-11-04T06:00:00+00:00,BTC/USDT,1h,104215.76000000,105201.00000000,104200.00000000,104766.14000000,2382.47316000
2025-11-04T07:00:00+00:00,BTC/USDT,1h,104766.14000000,104997.64000000,104317.56000000,104490.72000000,1633.60477000
2025-11-04T08:00:00+00:00,BTC/USDT,1h,104490.73000000,104631.39000000,103759.99000000,104051.90000000,1804.04853000
2025-11-04T09:00:00+00:00,BTC/USDT,1h,104051.90000000,104138.65000000,103636.00000000,103857.96000000,1455.72161000
2025-11-04T10:00:00+00:00,BTC/USDT,1h,103857.96000000,104106.55000000,103605.00000000,103816.39000000,1073.24239000
2025-11-04T11:00:00+00:00,BTC/USDT,1h,103816.39000000,104699.07000000,103774.33000000,104584.76000000,988.08793000
2025-11-04T12:00:00+00:00,BTC/USDT,1h,104584.75000000,104638.29000000,103844.39000000,103952.54000000,1216.95881000
2025-11-04T13:00:00+00:00,BTC/USDT,1h,103952.54000000,104243.67000000,103576.00000000,103924.25000000,1018.30395000
2025-11-04T14:00:00+00:00,BTC/USDT,1h,103924.26000000,104694.28000000,102915.05000000,104500.01000000,2915.82303000
2025-11-04T15:00:00+00:00,BTC/USDT,1h,104500.01000000,104842.63000000,103185.89000000,103197.01000000,2271.81312000
2025-11-04T16:00:00+00:00,BTC/USDT,1h,103197.02000000,103500.05000000,102164.00000000,102257.70000000,3313.32683000
2025-11-04T17:00:00+00:00,BTC/USDT,1h,102257.70000000,102257.70000000,100800.00000000,101114.83000000,4223.40802000
2025-11-04T18:00:00+00:00,BTC/USDT,1h,101114.82000000,101492.74000000,100010.73000000,101363.98000000,4101.41064000
2025-11-04T19:00:00+00:00,BTC/USDT,1h,101363.97000000,101711.84000000,100414.00000000,100542.64000000,1814.79036000
2025-11-04T20:00:00+00:00,BTC/USDT,1h,100542.64000000,101119.40000000,99600.00000000,100755.43000000,4335.57159000
2025-11-04T21:00:00+00:00,BTC/USDT,1h,100755.42000000,100831.49000000,98944.36000000,100311.46000000,4105.76650000
2025-11-04T22:00:00+00:00,BTC/USDT,1h,100311.46000000,101893.09000000,100082.00000000,101295.71000000,2258.84809000
2025-11-04T23:00:00+00:00,BTC/USDT,1h,101295.70000000,101740.00000000,100907.36000000,101497.22000000,1518.90709000
2025-11-05T00:00:00+00:00,BTC/USDT,1h,101497.23000000,101752.96000000,100350.00000000,100564.30000000,1452.38181000
2025-11-05T01:00:00+00:00,BTC/USDT,1h,100564.30000000,101015.01000000,98966.80000000,100761.62000000,3025.00486000
2025-11-05T02:00:00+00:00,BTC/USDT,1h,100761.62000000,101922.98000000,100754.54000000,101677.93000000,3700.99085000
2025-11-05T03:00:00+00:00,BTC/USDT,1h,101677.94000000,102272.23000000,101461.98000000,102130.00000000,2834.46709000
2025-11-05T04:00:00+00:00,BTC/USDT,1h,102130.00000000,102236.92000000,101517.47000000,101998.30000000,2059.55564000
2025-11-05T05:00:00+00:00,BTC/USDT,1h,101998.30000000,102370.00000000,101595.00000000,101824.89000000,1088.37371000
2025-11-05T06:00:00+00:00,BTC/USDT,1h,101824.89000000,102139.36000000,101500.00000000,102119.99000000,869.66608000
2025-11-05T07:00:00+00:00,BTC/USDT,1h,102120.00000000,102152.58000000,101601.71000000,101993.02000000,644.24535000
2025-11-05T08:00:00+00:00,BTC/USDT,1h,101993.03000000,102000.02000000,101176.47000000,101699.74000000,1179.77273000
2025-11-05T09:00:00+00:00,BTC/USDT,1h,101699.74000000,102203.48000000,101608.00000000,101995.29000000,785.11664000
2025-11-05T10:00:00+00:00,BTC/USDT,1h,101995.28000000,101995.29000000,101285.09000000,101401.97000000,724.99165000
2025-11-05T11:00:00+00:00,BTC/USDT,1h,101401.97000000,102110.48000000,101381.68000000,102070.61000000,887.62047000
2025-11-05T12:00:00+00:00,BTC/USDT,1h,102070.62000000,102800.71000000,101916.77000000,102673.35000000,1241.26951000
2025-11-05T13:00:00+00:00,BTC/USDT,1h,102673.34000000,103253.39000000,102291.82000000,102985.91000000,1451.58240000
2025-11-05T14:00:00+00:00,BTC/USDT,1h,102985.90000000,103470.00000000,102169.06000000,103202.30000000,1801.60223000
2025-11-05T15:00:00+00:00,BTC/USDT,1h,103202.30000000,103798.37000000,102829.51000000,103728.30000000,1851.46451000
2025-11-05T16:00:00+00:00,BTC/USDT,1h,103728.30000000,104039.66000000,103057.56000000,103919.20000000,1677.80348000
2025-11-05T17:00:00+00:00,BTC/USDT,1h,103919.20000000,104000.00000000,103388.46000000,103904.05000000,1795.89346000
2025-11-05T18:00:00+00:00,BTC/USDT,1h,103904.05000000,104429.75000000,103759.53000000,104347.40000000,1222.46217000
2025-11-05T19:00:00+00:00,BTC/USDT,1h,104347.41000000,104529.41000000,103986.96000000,104008.09000000,796.61274000
2025-11-05T20:00:00+00:00,BTC/USDT,1h,104008.09000000,104534.74000000,103620.00000000,103831.22000000,881.47869000
2025-11-05T21:00:00+00:00,BTC/USDT,1h,103831.22000000,103831.22000000,103500.80000000,103672.37000000,586.96502000
2025-11-05T22:00:00+00:00,BTC/USDT,1h,103672.38000000,103798.95000000,103305.05000000,103706.55000000,686.44411000
2025-11-05T23:00:00+00:00,BTC/USDT,1h,103706.55000000,104100.00000000,103667.26000000,103885.16000000,533.01051000
2025-11-06T00:00:00+00:00,BTC/USDT,1h,103885.16000000,103897.86000000,103324.21000000,103677.72000000,1223.43533000
2025-11-06T01:00:00+00:00,BTC/USDT,1h,103677.71000000,103677.72000000,102716.26000000,103365.65000000,1156.07343000
2025-11-06T02:00:00+00:00,BTC/USDT,1h,103365.64000000,103567.93000000,102855.66000000,103321.81000000,711.05988000
2025-11-06T03:00:00+00:00,BTC/USDT,1h,103321.80000000,103933.33000000,103315.48000000,103636.03000000,691.22573000
2025-11-06T04:00:00+00:00,BTC/USDT,1h,103636.92000000,104200.00000000,103580.00000000,104030.79000000,671.34024000
2025-11-06T05:00:00+00:00,BTC/USDT,1h,104030.80000000,104030.80000000,103088.00000000,103143.57000000,755.30818000
2025-11-06T06:00:00+00:00,BTC/USDT,1h,103143.57000000,103591.47000000,103006.17000000,103318.75000000,555.63033000
2025-11-06T07:00:00+00:00,BTC/USDT,1h,103318.76000000,103561.94000000,102910.66000000,103185.48000000,988.58677000
2025-11-06T08:00:00+00:00,BTC/USDT,1h,103184.75000000,103440.00000000,102971.99000000,103200.26000000,647.13062000
2025-11-06T09:00:00+00:00,BTC/USDT,1h,103200.26000000,103261.93000000,102810.00000000,102810.01000000,536.64925000
2025-11-06T10:00:00+00:00,BTC/USDT,1h,102810.01000000,103288.59000000,102651.63000000,103122.54000000,932.94397000
2025-11-06T11:00:00+00:00,BTC/USDT,1h,103122.54000000,103300.01000000,102743.82000000,103227.58000000,540.52931000
2025-11-06T12:00:00+00:00,BTC/USDT,1h,103227.59000000,103333.18000000,102383.64000000,102552.38000000,1051.14565000
2025-11-06T13:00:00+00:00,BTC/USDT,1h,102552.39000000,103626.46000000,102552.38000000,103319.71000000,941.18298000
2025-11-06T14:00:00+00:00,BTC/USDT,1h,103319.71000000,103579.68000000,102044.63000000,102125.00000000,1661.00797000
2025-11-06T15:00:00+00:00,BTC/USDT,1h,102124.99000000,102932.94000000,101630.00000000,102014.48000000,3027.20967000
2025-11-06T16:00:00+00:00,BTC/USDT,1h,102014.49000000,102393.51000000,100300.95000000,100867.20000000,3035.72721000
2025-11-06T17:00:00+00:00,BTC/USDT,1h,100867.19000000,101946.31000000,100770.57000000,101804.01000000,1310.77048000
2025-11-06T18:00:00+00:00,BTC/USDT,1h,101804.02000000,102338.00000000,100916.74000000,101722.13000000,956.16247000
2025-11-06T19:00:00+00:00,BTC/USDT,1h,101722.12000000,101999.44000000,101202.73000000,101388.81000000,756.60374000
2025-11-06T20:00:00+00:00,BTC/USDT,1h,101388.82000000,101643.28000000,100638.55000000,100914.11000000,812.36283000
2025-11-06T21:00:00+00:00,BTC/USDT,1h,100914.11000000,101220.90000000,100541.17000000,101117.17000000,938.29195000
2025-11-06T22:00:00+00:00,BTC/USDT,1h,101117.17000000,101480.00000000,101009.70000000,101415.05000000,639.89634000
2025-11-06T23:00:00+00:00,BTC/USDT,1h,101415.05000000,101538.00000000,101132.60000000,101346.04000000,1274.34706000
2025-11-07T00:00:00+00:00,BTC/USDT,1h,101346.04000000,101640.00000000,100749.94000000,101479.78000000,823.54705000
2025-11-07T01:00:00+00:00,BTC/USDT,1h,101479.79000000,101894.83000000,100905.10000000,101538.96000000,1095.04627000
2025-11-07T02:00:00+00:00,BTC/USDT,1h,101538.96000000,101928.99000000,101242.79000000,101905.11000000,779.48744000
2025-11-07T03:00:00+00:00,BTC/USDT,1h,101905.12000000,102500.00000000,101876.03000000,101916.29000000,1267.53296000
2025-11-07T04:00:00+00:00,BTC/USDT,1h,101916.30000000,102100.25000000,101582.92000000,102027.19000000,798.08441000
2025-11-07T05:00:00+00:00,BTC/USDT,1h,102027.20000000,102527.00000000,102024.75000000,102447.47000000,701.21696000
2025-11-07T06:00:00+00:00,BTC/USDT,1h,102447.48000000,102496.00000000,101819.10000000,101819.10000000,469.88373000
2025-11-07T07:00:00+00:00,BTC/USDT,1h,101819.11000000,102010.00000000,101638.43000000,102010.00000000,1093.42589000
2025-11-07T08:00:00+00:00,BTC/USDT,1h,102009.99000000,102050.00000000,101438.39000000,101496.18000000,817.45963000
2025-11-07T09:00:00+00:00,BTC/USDT,1h,101496.18000000,101512.51000000,100775.65000000,101013.66000000,1382.92001000
2025-11-07T10:00:00+00:00,BTC/USDT,1h,101013.67000000,101250.03000000,100564.43000000,100770.85000000,1279.53134000
2025-11-07T11:00:00+00:00,BTC/USDT,1h,100770.85000000,100796.86000000,99803.58000000,100411.89000000,3120.50016000
2025-11-07T12:00:00+00:00,BTC/USDT,1h,100411.89000000,100625.00000000,99260.86000000,99638.28000000,1799.68202000
2025-11-07T13:00:00+00:00,BTC/USDT,1h,99638.29000000,100579.72000000,99455.10000000,100347.35000000,1635.46609000
2025-11-07T14:00:00+00:00,BTC/USDT,1h,100347.35000000,100922.78000000,99519.32000000,100806.08000000,2597.13075000
2025-11-07T15:00:00+00:00,BTC/USDT,1h,100806.70000000,101253.99000000,100353.45000000,100797.95000000,2600.73788000
2025-11-07T16:00:00+00:00,BTC/USDT,1h,100797.95000000,101628.43000000,100517.06000000,101169.20000000,1975.20246000
2025-11-07T17:00:00+00:00,BTC/USDT,1h,101169.19000000,102736.84000000,100942.73000000,102397.12000000,2091.96075000
2025-11-07T18:00:00+00:00,BTC/USDT,1h,102397.13000000,102859.99000000,102282.20000000,102609.46000000,1585.11088000
2025-11-07T19:00:00+00:00,BTC/USDT,1h,102609.46000000,103395.25000000,102481.75000000,103395.25000000,1184.29403000
2025-11-07T20:00:00+00:00,BTC/USDT,1h,103395.92000000,103900.00000000,102958.00000000,103783.09000000,970.62813000
2025-11-07T21:00:00+00:00,BTC/USDT,1h,103783.08000000,103879.23000000,103311.33000000,103879.23000000,743.31566000
2025-11-07T22:00:00+00:00,BTC/USDT,1h,103879.22000000,104096.36000000,103595.38000000,103633.03000000,736.65333000
2025-11-07T23:00:00+00:00,BTC/USDT,1h,103633.04000000,103759.36000000,103329.79000000,103339.08000000,510.69159000
2025-11-08T00:00:00+00:00,BTC/USDT,1h,103339.09000000,103406.22000000,102539.49000000,102713.15000000,877.26495000
2025-11-08T01:00:00+00:00,BTC/USDT,1h,102713.15000000,103240.32000000,102662.25000000,102996.84000000,498.24095000
2025-11-08T02:00:00+00:00,BTC/USDT,1h,102996.85000000,103333.33000000,102766.31000000,102846.65000000,494.72835000
2025-11-08T03:00:00+00:00,BTC/USDT,1h,102846.66000000,103293.21000000,102592.75000000,102592.76000000,531.57226000
2025-11-08T04:00:00+00:00,BTC/USDT,1h,102592.76000000,102836.00000000,102409.52000000,102565.03000000,602.92361000
2025-11-08T05:00:00+00:00,BTC/USDT,1h,102565.03000000,102733.83000000,102272.66000000,102304.00000000,396.06427000
2025-11-08T06:00:00+00:00,BTC/USDT,1h,102304.01000000,102519.03000000,102092.26000000,102215.62000000,590.77493000
2025-11-08T07:00:00+00:00,BTC/USDT,1h,102215.63000000,102399.88000000,101902.64000000,102352.96000000,452.19970000
2025-11-08T08:00:00+00:00,BTC/USDT,1h,102352.96000000,102687.72000000,102156.36000000,102431.74000000,470.18368000
2025-11-08T09:00:00+00:00,BTC/USDT,1h,102431.74000000,102615.53000000,102225.52000000,102399.46000000,359.62626000
2025-11-08T10:00:00+00:00,BTC/USDT,1h,102399.45000000,102575.35000000,102310.00000000,102480.04000000,301.03917000
2025-11-08T11:00:00+00:00,BTC/USDT,1h,102480.04000000,102630.14000000,101715.76000000,101857.10000000,707.36146000
2025-11-08T12:00:00+00:00,BTC/USDT,1h,101857.10000000,102108.00000000,101731.19000000,102065.14000000,439.24627000
2025-11-08T13:00:00+00:00,BTC/USDT,1h,102065.14000000,102186.99000000,101720.67000000,101804.63000000,952.83284000
2025-11-08T14:00:00+00:00,BTC/USDT,1h,101804.62000000,102083.67000000,101454.00000000,101827.19000000,1159.38189000
2025-11-08T15:00:00+00:00,BTC/USDT,1h,101827.19000000,101954.00000000,101500.00000000,101711.45000000,511.67056000
2025-11-08T16:00:00+00:00,BTC/USDT,1h,101711.46000000,101963.66000000,101525.98000000,101850.22000000,502.57143000
2025-11-08T17:00:00+00:00,BTC/USDT,1h,101850.23000000,102003.57000000,101549.85000000,101994.52000000,479.97599000
2025-11-08T18:00:00+00:00,BTC/USDT,1h,101994.53000000,102219.39000000,101824.86000000,102139.53000000,766.44634000
2025-11-08T19:00:00+00:00,BTC/USDT,1h,102139.52000000,102186.87000000,101522.08000000,101989.65000000,371.41335000
2025-11-08T20:00:00+00:00,BTC/USDT,1h,101989.65000000,102172.35000000,101957.94000000,102068.06000000,206.62460000
2025-11-08T21:00:00+00:00,BTC/USDT,1h,102068.06000000,102367.72000000,102028.62000000,102272.81000000,234.42240000
2025-11-08T22:00:00+00:00,BTC/USDT,1h,102272.82000000,102426.12000000,102171.73000000,102377.46000000,249.46029000
2025-11-08T23:00:00+00:00,BTC/USDT,1h,102377.46000000,102482.20000000,102276.82000000,102312.94000000,234.75430000
2025-11-09T00:00:00+00:00,BTC/USDT,1h,102312.95000000,102337.89000000,101620.23000000,101797.74000000,616.42627000
2025-11-09T01:00:00+00:00,BTC/USDT,1h,101797.74000000,102100.00000000,101686.72000000,102045.07000000,373.40232000
2025-11-09T02:00:00+00:00,BTC/USDT,1h,102045.07000000,102045.07000000,101568.41000000,101633.25000000,398.65792000
2025-11-09T03:00:00+00:00,BTC/USDT,1h,101633.25000000,101817.20000000,101400.00000000,101662.05000000,767.84962000
2025-11-09T04:00:00+00:00,BTC/USDT,1h,101662.05000000,102130.61000000,101635.96000000,101724.91000000,378.19223000
2025-11-09T05:00:00+00:00,BTC/USDT,1h,101724.90000000,102028.07000000,101680.02000000,101928.54000000,291.74297000
2025-11-09T06:00:00+00:00,BTC/USDT,1h,101928.54000000,101980.00000000,101712.17000000,101752.83000000,213.04181000
2025-11-09T07:00:00+00:00,BTC/USDT,1h,101752.83000000,101972.90000000,101681.75000000,101944.59000000,218.68631000
2025-11-09T08:00:00+00:00,BTC/USDT,1h,101944.60000000,102048.15000000,101813.73000000,101972.94000000,216.75810000
2025-11-09T09:00:00+00:00,BTC/USDT,1h,101972.94000000,102127.26000000,101631.62000000,101657.46000000,411.11856000
2025-11-09T10:00:00+00:00,BTC/USDT,1h,101657.46000000,101918.00000000,101500.00000000,101876.36000000,695.12490000
2025-11-09T11:00:00+00:00,BTC/USDT,1h,101876.36000000,102307.68000000,101876.35000000,102239.41000000,502.56822000
2025-11-09T12:00:00+00:00,BTC/USDT,1h,102239.41000000,102425.19000000,102050.64000000,102086.90000000,522.32408000
2025-11-09T13:00:00+00:00,BTC/USDT,1h,102086.91000000,102997.38000000,102067.09000000,102911.39000000,788.58745000
2025-11-09T14:00:00+00:00,BTC/USDT,1h,102911.40000000,104041.25000000,102769.99000000,103037.90000000,2232.81061000
2025-11-09T15:00:00+00:00,BTC/USDT,1h,103037.90000000,104168.00000000,102972.55000000,103762.17000000,1143.92670000
2025-11-09T16:00:00+00:00,BTC/USDT,1h,103762.18000000,103900.53000000,103316.23000000,103845.04000000,741.52049000
2025-11-09T17:00:00+00:00,BTC/USDT,1h,103845.04000000,103964.81000000,103329.49000000,103637.57000000,460.77714000
2025-11-09T18:00:00+00:00,BTC/USDT,1h,103637.58000000,104591.32000000,103520.00000000,104512.65000000,773.02957000
2025-11-09T19:00:00+00:00,BTC/USDT,1h,104512.66000000,104805.57000000,104153.84000000,104805.57000000,849.18697000
2025-11-09T20:00:00+00:00,BTC/USDT,1h,104805.57000000,105061.08000000,104414.40000000,104633.12000000,700.89351000
2025-11-09T21:00:00+00:00,BTC/USDT,1h,104633.13000000,104845.16000000,104314.89000000,104528.82000000,475.91997000
2025-11-09T22:00:00+00:00,BTC/USDT,1h,104528.82000000,104819.99000000,104058.59000000,104732.48000000,1344.74595000
2025-11-09T23:00:00+00:00,BTC/USDT,1h,104732.47000000,105495.62000000,104533.24000000,104722.96000000,1221.67929000
2025-11-10T00:00:00+00:00,BTC/USDT,1h,104722.95000000,106525.00000000,104265.02000000,106314.96000000,2711.00239000
2025-11-10T01:00:00+00:00,BTC/USDT,1h,106314.96000000,106670.11000000,105698.94000000,105699.99000000,2166.65056000
2025-11-10T02:00:00+00:00,BTC/USDT,1h,105700.00000000,106054.26000000,105556.68000000,106006.69000000,775.83999000
2025-11-10T03:00:00+00:00,BTC/USDT,1h,106006.70000000,106291.43000000,105843.22000000,106027.97000000,847.84998000
2025-11-10T04:00:00+00:00,BTC/USDT,1h,106027.97000000,106300.01000000,105846.26000000,106153.14000000,677.49361000
2025-11-10T05:00:00+00:00,BTC/USDT,1h,106153.14000000,106473.73000000,106000.00000000,106100.00000000,619.39822000
2025-11-10T06:00:00+00:00,BTC/USDT,1h,106100.00000000,106311.90000000,105963.30000000,106221.88000000,531.36548000
2025-11-10T07:00:00+00:00,BTC/USDT,1h,106221.89000000,106539.40000000,106156.70000000,106461.45000000,855.88178000
2025-11-10T08:00:00+00:00,BTC/USDT,1h,106461.46000000,106554.00000000,105900.00000000,105965.46000000,758.17354000
2025-11-10T09:00:00+00:00,BTC/USDT,1h,105965.46000000,106599.47000000,105836.00000000,106440.00000000,736.84126000
2025-11-10T10:00:00+00:00,BTC/USDT,1h,106440.00000000,106454.73000000,105962.15000000,105995.26000000,470.32569000
2025-11-10T11:00:00+00:00,BTC/USDT,1h,105995.26000000,106321.16000000,105955.29000000,106176.50000000,391.10179000
2025-11-10T12:00:00+00:00,BTC/USDT,1h,106176.50000000,106216.00000000,105868.00000000,105944.17000000,656.39469000
2025-11-10T13:00:00+00:00,BTC/USDT,1h,105944.17000000,106589.89000000,105923.57000000,106548.02000000,785.48627000
2025-11-10T14:00:00+00:00,BTC/USDT,1h,106548.02000000,106548.02000000,104681.90000000,104898.15000000,1937.55608000
2025-11-10T15:00:00+00:00,BTC/USDT,1h,104898.15000000,105628.00000000,104667.00000000,105079.99000000,2341.34370000
2025-11-10T16:00:00+00:00,BTC/USDT,1h,105079.99000000,105352.86000000,104784.36000000,105242.05000000,1018.54158000
2025-11-10T17:00:00+00:00,BTC/USDT,1h,105242.04000000,105981.79000000,105189.01000000,105953.10000000,695.86986000
2025-11-10T18:00:00+00:00,BTC/USDT,1h,105953.10000000,106094.31000000,105478.00000000,105478.00000000,580.04807000
2025-11-10T19:00:00+00:00,BTC/USDT,1h,105478.00000000,106042.46000000,105408.00000000,105817.99000000,461.94988000
2025-11-10T20:00:00+00:00,BTC/USDT,1h,105818.00000000,106299.22000000,105802.35000000,106010.73000000,635.97915000
2025-11-10T21:00:00+00:00,BTC/USDT,1h,106010.74000000,106021.35000000,105280.00000000,105631.27000000,1140.24521000
2025-11-10T22:00:00+00:00,BTC/USDT,1h,105631.26000000,106144.94000000,105364.68000000,106062.80000000,418.65674000
2025-11-10T23:00:00+00:00,BTC/USDT,1h,106062.81000000,106275.16000000,105893.36000000,106011.13000000,468.26121000
2025-11-11T00:00:00+00:00,BTC/USDT,1h,106011.13000000,106139.84000000,105500.00000000,106139.83000000,562.07527000
2025-11-11T01:00:00+00:00,BTC/USDT,1h,106139.82000000,107500.00000000,106026.79000000,106110.36000000,1869.15910000
2025-11-11T02:00:00+00:00,BTC/USDT,1h,106110.36000000,107130.00000000,105610.00000000,106655.02000000,1751.73895000
2025-11-11T03:00:00+00:00,BTC/USDT,1h,106655.02000000,107100.00000000,106363.04000000,106456.00000000,752.05430000
2025-11-11T04:00:00+00:00,BTC/USDT,1h,106456.00000000,106546.00000000,105714.24000000,105755.32000000,640.19881000
2025-11-11T05:00:00+00:00,BTC/USDT,1h,105755.33000000,105758.88000000,105166.66000000,105249.35000000,774.38555000
2025-11-11T06:00:00+00:00,BTC/USDT,1h,105249.35000000,105345.68000000,104888.00000000,105261.27000000,1146.86686000
2025-11-11T07:00:00+00:00,BTC/USDT,1h,105261.28000000,105327.75000000,104741.20000000,104783.98000000,754.78302000
2025-11-11T08:00:00+00:00,BTC/USDT,1h,104783.99000000,105284.69000000,104762.23000000,105157.80000000,509.99239000
2025-11-11T09:00:00+00:00,BTC/USDT,1h,105157.80000000,105485.71000000,104909.74000000,104971.63000000,505.20070000
2025-11-11T10:00:00+00:00,BTC/USDT,1h,104971.62000000,105237.16000000,104920.25000000,105176.38000000,417.15368000
2025-11-11T11:00:00+00:00,BTC/USDT,1h,105176.39000000,105497.99000000,105145.47000000,105311.90000000,372.28222000
2025-11-11T12:00:00+00:00,BTC/USDT,1h,105311.90000000,105500.00000000,104349.26000000,104530.83000000,2106.11964000
2025-11-11T13:00:00+00:00,BTC/USDT,1h,104530.83000000,104706.09000000,104022.92000000,104390.92000000,3314.65247000
2025-11-11T14:00:00+00:00,BTC/USDT,1h,104390.93000000,104665.67000000,103840.91000000,104560.16000000,1215.16933000
2025-11-11T15:00:00+00:00,BTC/USDT,1h,104560.15000000,104560.15000000,103170.33000000,103455.99000000,2215.12756000
2025-11-11T16:00:00+00:00,BTC/USDT,1h,103455.99000000,103730.00000000,103206.10000000,103399.43000000,664.19158000
2025-11-11T17:00:00+00:00,BTC/USDT,1h,103399.42000000,103637.27000000,102840.22000000,103338.99000000,917.43867000
2025-11-11T18:00:00+00:00,BTC/USDT,1h,103338.99000000,103572.37000000,103059.52000000,103401.07000000,487.03154000
2025-11-11T19:00:00+00:00,BTC/USDT,1h,103401.07000000,103453.07000000,102861.72000000,103126.39000000,479.29730000
2025-11-11T20:00:00+00:00,BTC/USDT,1h,103126.39000000,103224.29000000,102658.36000000,102809.27000000,742.04221000
2025-11-11T21:00:00+00:00,BTC/USDT,1h,102809.27000000,103090.69000000,102476.09000000,102633.92000000,796.94775000
2025-11-11T22:00:00+00:00,BTC/USDT,1h,102633.92000000,103150.02000000,102503.00000000,103000.01000000,652.65633000
2025-11-11T23:00:00+00:00,BTC/USDT,1h,103000.02000000,103209.13000000,102800.01000000,103058.99000000,549.94195000
2025-11-12T00:00:00+00:00,BTC/USDT,1h,103059.00000000,103340.59000000,102812.64000000,102885.99000000,598.51997000
2025-11-12T01:00:00+00:00,BTC/USDT,1h,102886.00000000,103394.01000000,102687.72000000,103254.64000000,999.58610000
2025-11-12T02:00:00+00:00,BTC/USDT,1h,103254.63000000,103413.09000000,102939.85000000,103151.66000000,705.65849000
2025-11-12T03:00:00+00:00,BTC/USDT,1h,103151.66000000,103440.96000000,103092.50000000,103310.00000000,368.29105000
2025-11-12T04:00:00+00:00,BTC/USDT,1h,103310.00000000,103456.82000000,103011.00000000,103246.87000000,320.89726000
2025-11-12T05:00:00+00:00,BTC/USDT,1h,103246.87000000,103467.20000000,103230.00000000,103385.30000000,465.38371000
2025-11-12T06:00:00+00:00,BTC/USDT,1h,103385.31000000,103654.38000000,103354.34000000,103366.97000000,689.47040000
2025-11-12T07:00:00+00:00,BTC/USDT,1h,103366.98000000,103534.98000000,103051.59000000,103112.66000000,689.87309000
2025-11-12T08:00:00+00:00,BTC/USDT,1h,103112.65000000,104228.90000000,103112.24000000,104147.24000000,1064.00216000
2025-11-12T09:00:00+00:00,BTC/USDT,1h,104147.25000000,105079.31000000,104145.98000000,104521.56000000,1348.44138000
2025-11-12T10:00:00+00:00,BTC/USDT,1h,104521.56000000,105038.59000000,104510.50000000,104899.99000000,611.04736000
2025-11-12T11:00:00+00:00,BTC/USDT,1h,104900.00000000,105200.00000000,104746.85000000,105020.83000000,520.21601000
2025-11-12T12:00:00+00:00,BTC/USDT,1h,105020.82000000,105333.33000000,104821.00000000,104993.74000000,538.28345000
2025-11-12T13:00:00+00:00,BTC/USDT,1h,104993.74000000,105187.13000000,104622.43000000,105039.99000000,652.43577000
2025-11-12T14:00:00+00:00,BTC/USDT,1h,105039.99000000,105039.99000000,103604.57000000,103990.40000000,1426.89556000
2025-11-12T15:00:00+00:00,BTC/USDT,1h,103990.39000000,104299.98000000,101961.97000000,102173.51000000,2574.38835000
2025-11-12T16:00:00+00:00,BTC/USDT,1h,102173.51000000,102285.18000000,101300.00000000,101442.61000000,2365.20417000
2025-11-12T17:00:00+00:00,BTC/USDT,1h,101442.62000000,102167.17000000,101397.74000000,101748.02000000,903.07839000
2025-11-12T18:00:00+00:00,BTC/USDT,1h,101748.01000000,101947.88000000,101416.69000000,101542.17000000,626.06370000
2025-11-12T19:00:00+00:00,BTC/USDT,1h,101542.18000000,101569.66000000,100813.59000000,101297.31000000,974.91965000
2025-11-12T20:00:00+00:00,BTC/USDT,1h,101297.31000000,101846.15000000,101141.03000000,101539.01000000,677.73830000
2025-11-12T21:00:00+00:00,BTC/USDT,1h,101539.01000000,101920.48000000,101520.41000000,101920.47000000,419.00665000
2025-11-12T22:00:00+00:00,BTC/USDT,1h,101920.48000000,101994.12000000,101448.82000000,101978.96000000,401.25193000
2025-11-12T23:00:00+00:00,BTC/USDT,1h,101978.95000000,101999.35000000,101465.77000000,101654.37000000,516.98616000
2025-11-13T00:00:00+00:00,BTC/USDT,1h,101654.37000000,102042.77000000,101467.15000000,101854.58000000,477.36249000
2025-11-13T01:00:00+00:00,BTC/USDT,1h,101854.58000000,102604.00000000,101838.00000000,102007.00000000,1311.97773000
2025-11-13T02:00:00+00:00,BTC/USDT,1h,102006.99000000,102338.42000000,101972.39000000,102064.41000000,358.95316000
2025-11-13T03:00:00+00:00,BTC/USDT,1h,102064.41000000,102566.93000000,100922.55000000,102130.21000000,1438.17883000
2025-11-13T04:00:00+00:00,BTC/USDT,1h,102130.21000000,102406.39000000,101665.59000000,102120.00000000,873.51911000
2025-11-13T05:00:00+00:00,BTC/USDT,1h,102120.00000000,103400.00000000,101772.52000000,103135.84000000,893.66042000
2025-11-13T06:00:00+00:00,BTC/USDT,1h,103136.00000000,103679.00000000,102914.39000000,103590.74000000,1230.29564000
2025-11-13T07:00:00+00:00,BTC/USDT,1h,103590.74000000,104085.01000000,103315.16000000,103475.66000000,1328.34761000
2025-11-13T08:00:00+00:00,BTC/USDT,1h,103475.66000000,103811.49000000,103275.02000000,103684.06000000,901.73611000
2025-11-13T09:00:00+00:00,BTC/USDT,1h,103684.07000000,103740.00000000,102553.63000000,102827.00000000,1334.94774000
2025-11-13T10:00:00+00:00,BTC/USDT,1h,102827.00000000,103289.89000000,102774.75000000,102991.22000000,491.21571000
2025-11-13T11:00:00+00:00,BTC/USDT,1h,102991.23000000,103148.57000000,102711.53000000,102936.50000000,410.73987000
2025-11-13T12:00:00+00:00,BTC/USDT,1h,102936.49000000,103274.93000000,102735.31000000,103143.45000000,597.28173000
2025-11-13T13:00:00+00:00,BTC/USDT,1h,103143.46000000,103162.41000000,102150.00000000,102326.48000000,1187.69713000
2025-11-13T14:00:00+00:00,BTC/USDT,1h,102326.48000000,103483.83000000,101699.91000000,102873.14000000,2405.05801000
2025-11-13T15:00:00+00:00,BTC/USDT,1h,102873.14000000,102999.98000000,101184.14000000,101382.64000000,2074.39590000
2025-11-13T16:00:00+00:00,BTC/USDT,1h,101382.63000000,101540.93000000,100550.00000000,100633.13000000,2664.17181000
2025-11-13T17:00:00+00:00,BTC/USDT,1h,100633.13000000,100820.49000000,99608.98000000,99659.99000000,3368.62722000
2025-11-13T18:00:00+00:00,BTC/USDT,1h,99659.99000000,99922.00000000,98147.40000000,98591.78000000,4579.03994000
2025-11-13T19:00:00+00:00,BTC/USDT,1h,98591.78000000,99295.02000000,98314.39000000,98682.14000000,2309.24180000
2025-11-13T20:00:00+00:00,BTC/USDT,1h,98682.13000000,99031.76000000,98000.40000000,98162.11000000,2424.57218000
2025-11-13T21:00:00+00:00,BTC/USDT,1h,98162.11000000,98905.45000000,98021.00000000,98817.36000000,1018.69866000
2025-11-13T22:00:00+00:00,BTC/USDT,1h,98817.35000000,99937.99000000,98701.88000000,99851.82000000,1303.27918000
2025-11-13T23:00:00+00:00,BTC/USDT,1h,99851.83000000,100501.31000000,99569.99000000,99692.02000000,1215.50973000
2025-11-14T00:00:00+00:00,BTC/USDT,1h,99692.03000000,99778.00000000,98726.64000000,98973.95000000,1748.76850000
2025-11-14T01:00:00+00:00,BTC/USDT,1h,98973.95000000,99555.33000000,98700.00000000,99255.60000000,2292.50283000
2025-11-14T02:00:00+00:00,BTC/USDT,1h,99255.60000000,99866.02000000,99246.00000000,99620.00000000,967.49149000
2025-11-14T03:00:00+00:00,BTC/USDT,1h,99620.01000000,99649.87000000,98805.23000000,99139.38000000,831.05287000
2025-11-14T04:00:00+00:00,BTC/USDT,1h,99139.38000000,99178.58000000,96712.12000000,97823.98000000,3850.84747000
2025-11-14T05:00:00+00:00,BTC/USDT,1h,97823.97000000,98037.39000000,97020.49000000,97523.98000000,2096.22294000
2025-11-14T06:00:00+00:00,BTC/USDT,1h,97523.98000000,97616.50000000,95933.75000000,97569.13000000,2909.03600000
2025-11-14T07:00:00+00:00,BTC/USDT,1h,97569.13000000,97742.85000000,96783.47000000,97151.98000000,2260.62551000
2025-11-14T08:00:00+00:00,BTC/USDT,1h,97151.97000000,97476.84000000,96787.99000000,97377.41000000,1591.93158000
2025-11-14T09:00:00+00:00,BTC/USDT,1h,97377.41000000,97553.70000000,96681.63000000,96839.93000000,1043.46142000
2025-11-14T10:00:00+00:00,BTC/USDT,1h,96839.94000000,97286.92000000,96668.73000000,96752.20000000,688.27736000
2025-11-14T11:00:00+00:00,BTC/USDT,1h,96752.19000000,96945.61000000,95711.00000000,96167.44000000,1931.93096000
2025-11-14T12:00:00+00:00,BTC/USDT,1h,96167.45000000,96167.45000000,94560.48000000,95350.75000000,4859.43942000
2025-11-14T13:00:00+00:00,BTC/USDT,1h,95350.76000000,95695.83000000,94571.10000000,95243.95000000,3578.96625000
2025-11-14T14:00:00+00:00,BTC/USDT,1h,95243.95000000,96801.53000000,94951.43000000,96542.38000000,3587.32924000
2025-11-14T15:00:00+00:00,BTC/USDT,1h,96542.38000000,97322.35000000,95868.40000000,96796.14000000,2286.98587000
2025-11-14T16:00:00+00:00,BTC/USDT,1h,96796.14000000,97411.11000000,96271.34000000,97011.22000000,1610.29675000
2025-11-14T17:00:00+00:00,BTC/USDT,1h,97011.22000000,97128.45000000,95600.00000000,95842.56000000,1417.43832000
2025-11-14T18:00:00+00:00,BTC/USDT,1h,95842.57000000,96329.58000000,95000.00000000,95075.53000000,1363.43718000
2025-11-14T19:00:00+00:00,BTC/USDT,1h,95075.53000000,95920.00000000,94800.55000000,95778.29000000,1214.47277000
2025-11-14T20:00:00+00:00,BTC/USDT,1h,95778.30000000,95940.00000000,94201.77000000,94377.47000000,1917.84937000
2025-11-14T21:00:00+00:00,BTC/USDT,1h,94377.46000000,95172.95000000,94231.78000000,95059.47000000,927.53739000
2025-11-14T22:00:00+00:00,BTC/USDT,1h,95059.46000000,95482.74000000,94700.00000000,95179.99000000,990.87669000
2025-11-14T23:00:00+00:00,BTC/USDT,1h,95179.99000000,95179.99000000,94012.45000000,94594.00000000,1321.36663000
2025-11-15T00:00:00+00:00,BTC/USDT,1h,94594.00000000,95414.00000000,94558.49000000,95149.35000000,1050.81596000
2025-11-15T01:00:00+00:00,BTC/USDT,1h,95149.35000000,95800.00000000,94750.77000000,95650.17000000,946.56569000
2025-11-15T02:00:00+00:00,BTC/USDT,1h,95650.17000000,96484.50000000,95395.08000000,96482.77000000,971.87658000
2025-11-15T03:00:00+00:00,BTC/USDT,1h,96482.78000000,96846.68000000,96132.00000000,96417.12000000,1407.53254000
2025-11-15T04:00:00+00:00,BTC/USDT,1h,96417.12000000,96520.00000000,95921.21000000,96112.14000000,541.00804000
2025-11-15T05:00:00+00:00,BTC/USDT,1h,96112.14000000,96435.39000000,95977.02000000,96342.18000000,712.44846000
2025-11-15T06:00:00+00:00,BTC/USDT,1h,96342.18000000,96570.65000000,95958.22000000,96121.27000000,672.46070000
2025-11-15T07:00:00+00:00,BTC/USDT,1h,96121.27000000,96372.68000000,95947.68000000,96333.86000000,618.02642000
2025-11-15T08:00:00+00:00,BTC/USDT,1h,96333.87000000,96350.52000000,95642.61000000,95910.88000000,987.30061000
2025-11-15T09:00:00+00:00,BTC/USDT,1h,95910.87000000,96150.99000000,95649.99000000,95808.44000000,655.00121000
2025-11-15T10:00:00+00:00,BTC/USDT,1h,95808.44000000,96064.49000000,95689.38000000,95952.13000000,382.53531000
2025-11-15T11:00:00+00:00,BTC/USDT,1h,95952.13000000,95985.64000000,95630.00000000,95696.87000000,311.38925000
2025-11-15T12:00:00+00:00,BTC/USDT,1h,95696.86000000,95876.90000000,95565.17000000,95814.08000000,313.88372000
2025-11-15T13:00:00+00:00,BTC/USDT,1h,95814.08000000,96372.99000000,95728.13000000,96370.16000000,815.44172000
2025-11-15T14:00:00+00:00,BTC/USDT,1h,96370.17000000,96471.22000000,96013.58000000,96254.25000000,493.86496000
2025-11-15T15:00:00+00:00,BTC/USDT,1h,96254.26000000,96425.85000000,96114.70000000,96260.00000000,364.09538000
2025-11-15T16:00:00+00:00,BTC/USDT,1h,96259.99000000,96337.82000000,95731.32000000,96162.84000000,652.31588000
2025-11-15T17:00:00+00:00,BTC/USDT,1h,96162.84000000,96419.65000000,95849.90000000,96238.50000000,647.76319000
2025-11-15T18:00:00+00:00,BTC/USDT,1h,96238.51000000,96349.86000000,95960.34000000,96052.99000000,388.88122000
2025-11-15T19:00:00+00:00,BTC/USDT,1h,96052.99000000,96152.98000000,95920.94000000,96012.01000000,191.69202000
2025-11-15T20:00:00+00:00,BTC/USDT,1h,96012.01000000,96012.01000000,95119.94000000,95277.52000000,940.18711000
2025-11-15T21:00:00+00:00,BTC/USDT,1h,95277.51000000,95672.00000000,95125.29000000,95279.99000000,458.06338000
2025-11-15T22:00:00+00:00,BTC/USDT,1h,95280.00000000,95660.00000000,95225.78000000,95619.62000000,347.97795000
2025-11-15T23:00:00+00:00,BTC/USDT,1h,95619.63000000,95694.01000000,95493.96000000,95596.24000000,239.76661000
2025-11-16T00:00:00+00:00,BTC/USDT,1h,95596.23000000,95704.81000000,95205.74000000,95362.00000000,304.87252000
2025-11-16T01:00:00+00:00,BTC/USDT,1h,95362.01000000,95493.97000000,94841.62000000,95276.62000000,713.63073000
2025-11-16T02:00:00+00:00,BTC/USDT,1h,95276.61000000,95969.98000000,95094.31000000,95963.88000000,557.05695000
2025-11-16T03:00:00+00:00,BTC/USDT,1h,95963.89000000,95979.79000000,95630.22000000,95825.02000000,321.10986000
2025-11-16T04:00:00+00:00,BTC/USDT,1h,95825.02000000,95928.88000000,95650.72000000,95821.79000000,349.88402000
2025-11-16T05:00:00+00:00,BTC/USDT,1h,95821.80000000,96192.00000000,95813.51000000,95881.82000000,391.55568000
2025-11-16T06:00:00+00:00,BTC/USDT,1h,95881.83000000,96043.64000000,95754.00000000,95813.53000000,200.18257000
2025-11-16T07:00:00+00:00,BTC/USDT,1h,95813.52000000,96100.00000000,95721.68000000,96099.99000000,337.71705000
2025-11-16T08:00:00+00:00,BTC/USDT,1h,96099.98000000,96238.00000000,95859.35000000,96116.94000000,378.10619000
2025-11-16T09:00:00+00:00,BTC/USDT,1h,96116.93000000,96635.11000000,95936.00000000,96629.75000000,611.90526000
2025-11-16T10:00:00+00:00,BTC/USDT,1h,96629.74000000,96629.74000000,96375.05000000,96444.71000000,575.34123000
2025-11-16T11:00:00+00:00,BTC/USDT,1h,96444.71000000,96446.94000000,95500.00000000,95627.13000000,1020.02786000
2025-11-16T12:00:00+00:00,BTC/USDT,1h,95627.13000000,95900.00000000,95436.46000000,95743.90000000,547.95591000
2025-11-16T13:00:00+00:00,BTC/USDT,1h,95743.90000000,95846.14000000,95117.48000000,95420.44000000,561.73436000
2025-11-16T14:00:00+00:00,BTC/USDT,1h,95420.44000000,95673.90000000,95303.60000000,95531.13000000,396.85356000
2025-11-16T15:00:00+00:00,BTC/USDT,1h,95531.13000000,95555.00000000,94368.24000000,94573.46000000,1039.77491000
2025-11-16T16:00:00+00:00,BTC/USDT,1h,94573.46000000,94945.52000000,94022.89000000,94224.47000000,2545.47537000
2025-11-16T17:00:00+00:00,BTC/USDT,1h,94224.47000000,94540.64000000,93770.48000000,94357.67000000,2214.01710000
2025-11-16T18:00:00+00:00,BTC/USDT,1h,94357.66000000,95567.79000000,93775.81000000,94049.64000000,3256.09450000
2025-11-16T19:00:00+00:00,BTC/USDT,1h,94049.63000000,94600.00000000,93941.00000000,94020.00000000,1029.66678000
2025-11-16T20:00:00+00:00,BTC/USDT,1h,94020.49000000,94739.74000000,93951.40000000,94090.00000000,563.82548000
2025-11-16T21:00:00+00:00,BTC/USDT,1h,94090.01000000,94212.78000000,93369.00000000,93505.22000000,1731.40126000
2025-11-16T22:00:00+00:00,BTC/USDT,1h,93505.23000000,94500.00000000,93005.55000000,94183.36000000,1764.45299000
2025-11-16T23:00:00+00:00,BTC/USDT,1h,94183.36000000,94540.00000000,93020.01000000,94261.44000000,2476.76296000
2025-11-17T00:00:00+00:00,BTC/USDT,1h,94261.45000000,95375.60000000,93767.27000000,95290.01000000,1716.89838000
2025-11-17T01:00:00+00:00,BTC/USDT,1h,95290.01000000,95487.80000000,94722.21000000,94768.02000000,912.36086000
2025-11-17T02:00:00+00:00,BTC/USDT,1h,94768.02000000,95409.32000000,94707.82000000,94976.18000000,781.92776000
2025-11-17T03:00:00+00:00,BTC/USDT,1h,94976.17000000,95559.99000000,94968.72000000,95496.77000000,713.35025000
2025-11-17T04:00:00+00:00,BTC/USDT,1h,95496.77000000,95575.94000000,94849.37000000,95096.74000000,1622.50542000
2025-11-17T05:00:00+00:00,BTC/USDT,1h,95096.73000000,95265.01000000,94900.00000000,95122.76000000,574.08695000
2025-11-17T06:00:00+00:00,BTC/USDT,1h,95122.77000000,95333.99000000,94900.00000000,95282.36000000,495.05249000
2025-11-17T07:00:00+00:00,BTC/USDT,1h,95282.37000000,95880.00000000,95203.80000000,95653.77000000,1148.20170000
2025-11-17T08:00:00+00:00,BTC/USDT,1h,95653.78000000,96026.71000000,95532.02000000,95619.06000000,1082.17947000
2025-11-17T09:00:00+00:00,BTC/USDT,1h,95619.07000000,95868.99000000,95309.68000000,95656.21000000,907.38215000
2025-11-17T10:00:00+00:00,BTC/USDT,1h,95656.20000000,95891.59000000,95545.10000000,95651.70000000,499.57874000
2025-11-17T11:00:00+00:00,BTC/USDT,1h,95651.70000000,95938.36000000,95369.98000000,95565.38000000,926.51906000
2025-11-17T12:00:00+00:00,BTC/USDT,1h,95565.38000000,95571.30000000,95250.58000000,95312.23000000,545.81467000
2025-11-17T13:00:00+00:00,BTC/USDT,1h,95312.24000000,95370.89000000,93571.30000000,93959.79000000,2495.70008000
2025-11-17T14:00:00+00:00,BTC/USDT,1h,93959.78000000,96043.00000000,93755.22000000,94769.32000000,3177.03036000
2025-11-17T15:00:00+00:00,BTC/USDT,1h,94769.33000000,95018.86000000,93806.37000000,93959.67000000,1867.09141000
2025-11-17T16:00:00+00:00,BTC/USDT,1h,93959.68000000,94419.88000000,93051.71000000,94306.00000000,2847.04335000
2025-11-17T17:00:00+00:00,BTC/USDT,1h,94306.01000000,94394.80000000,92658.82000000,92767.49000000,2184.47626000
2025-11-17T18:00:00+00:00,BTC/USDT,1h,92767.48000000,93224.35000000,92413.31000000,92549.01000000,2978.32313000
2025-11-17T19:00:00+00:00,BTC/USDT,1h,92549.02000000,92653.97000000,91588.00000000,91678.93000000,3690.73308000
2025-11-17T20:00:00+00:00,BTC/USDT,1h,91678.93000000,92234.53000000,91292.00000000,91920.59000000,3249.24836000
2025-11-17T21:00:00+00:00,BTC/USDT,1h,91914.01000000,92253.72000000,91500.00000000,91959.71000000,1866.20530000
2025-11-17T22:00:00+00:00,BTC/USDT,1h,91959.72000000,92399.48000000,91220.00000000,92247.63000000,1469.82034000
2025-11-17T23:00:00+00:00,BTC/USDT,1h,92247.64000000,92294.15000000,91793.90000000,92215.14000000,1467.06849000
2025-11-18T00:00:00+00:00,BTC/USDT,1h,92215.14000000,92357.51000000,91200.00000000,92169.86000000,1831.22552000
2025-11-18T01:00:00+00:00,BTC/USDT,1h,92169.86000000,92221.01000000,91624.50000000,91714.29000000,1663.24084000
2025-11-18T02:00:00+00:00,BTC/USDT,1h,91714.29000000,91750.00000000,90687.42000000,90866.01000000,2546.69077000
2025-11-18T03:00:00+00:00,BTC/USDT,1h,90866.01000000,90927.69000000,89700.00000000,90842.72000000,4606.07848000
2025-11-18T04:00:00+00:00,BTC/USDT,1h,90842.72000000,90851.66000000,89253.78000000,90081.90000000,3350.00605000
2025-11-18T05:00:00+00:00,BTC/USDT,1h,90081.90000000,90469.14000000,89719.63000000,90221.33000000,1575.65404000
2025-11-18T06:00:00+00:00,BTC/USDT,1h,90221.33000000,90233.16000000,89371.12000000,89651.30000000,1335.95745000
2025-11-18T07:00:00+00:00,BTC/USDT,1h,89651.29000000,90555.88000000,89337.39000000,90512.10000000,2766.44981000
2025-11-18T08:00:00+00:00,BTC/USDT,1h,90512.10000000,91440.00000000,90509.79000000,91220.00000000,2225.79136000
2025-11-18T09:00:00+00:00,BTC/USDT,1h,91219.99000000,91487.58000000,90889.93000000,91400.01000000,1441.96417000
2025-11-18T10:00:00+00:00,BTC/USDT,1h,91400.01000000,91617.17000000,91256.80000000,91585.02000000,1087.06008000
2025-11-18T11:00:00+00:00,BTC/USDT,1h,91585.01000000,91615.43000000,91247.56000000,91517.82000000,1022.64847000
2025-11-18T12:00:00+00:00,BTC/USDT,1h,91517.83000000,91878.11000000,91110.00000000,91518.54000000,906.99249000
2025-11-18T13:00:00+00:00,BTC/USDT,1h,91518.54000000,91659.94000000,90905.70000000,91476.56000000,1036.51569000
2025-11-18T14:00:00+00:00,BTC/USDT,1h,91476.56000000,92450.23000000,91206.52000000,91359.29000000,2351.78391000
2025-11-18T15:00:00+00:00,BTC/USDT,1h,91359.30000000,93049.91000000,91010.00000000,92910.10000000,2802.22354000
2025-11-18T16:00:00+00:00,BTC/USDT,1h,92910.10000000,93836.01000000,92579.23000000,93499.16000000,2533.31280000
2025-11-18T17:00:00+00:00,BTC/USDT,1h,93499.15000000,93657.15000000,92821.26000000,93256.92000000,1189.79384000
2025-11-18T18:00:00+00:00,BTC/USDT,1h,93256.92000000,93766.00000000,93151.04000000,93331.08000000,692.11551000
2025-11-18T19:00:00+00:00,BTC/USDT,1h,93331.09000000,93612.00000000,92994.88000000,93195.61000000,502.14706000
2025-11-18T20:00:00+00:00,BTC/USDT,1h,93195.61000000,93298.00000000,92657.25000000,92783.36000000,539.00940000
2025-11-18T21:00:00+00:00,BTC/USDT,1h,92783.36000000,93030.00000000,92462.72000000,92491.59000000,542.20850000
2025-11-18T22:00:00+00:00,BTC/USDT,1h,92491.60000000,93423.74000000,92491.59000000,93160.00000000,439.15612000
2025-11-18T23:00:00+00:00,BTC/USDT,1h,93159.99000000,93163.34000000,92727.27000000,92960.83000000,847.12179000
2025-11-19T00:00:00+00:00,BTC/USDT,1h,92960.83000000,92980.22000000,91929.86000000,92416.51000000,875.05841000
2025-11-19T01:00:00+00:00,BTC/USDT,1h,92416.52000000,92644.49000000,91935.03000000,92439.99000000,856.50507000
2025-11-19T02:00:00+00:00,BTC/USDT,1h,92440.00000000,92865.24000000,92280.00000000,92569.12000000,531.42350000
2025-11-19T03:00:00+00:00,BTC/USDT,1h,92569.12000000,92636.00000000,91660.49000000,91874.52000000,802.16678000
2025-11-19T04:00:00+00:00,BTC/USDT,1h,91874.51000000,91976.12000000,91163.19000000,91163.20000000,1152.46121000
2025-11-19T05:00:00+00:00,BTC/USDT,1h,91163.20000000,91267.73000000,90025.06000000,90459.99000000,1783.40843000
2025-11-19T06:00:00+00:00,BTC/USDT,1h,90459.99000000,91104.00000000,90282.83000000,90990.87000000,1223.51965000
2025-11-19T07:00:00+00:00,BTC/USDT,1h,90990.88000000,92028.92000000,90948.37000000,91863.64000000,1475.85023000
2025-11-19T08:00:00+00:00,BTC/USDT,1h,91863.64000000,91950.00000000,91287.34000000,91470.44000000,803.83092000
2025-11-19T09:00:00+00:00,BTC/USDT,1h,91470.44000000,91513.72000000,91072.41000000,91513.72000000,740.22178000
2025-11-19T10:00:00+00:00,BTC/USDT,1h,91513.72000000,91700.55000000,91225.98000000,91314.75000000,580.50005000
2025-11-19T11:00:00+00:00,BTC/USDT,1h,91314.74000000,91782.04000000,91312.00000000,91410.22000000,416.30964000
2025-11-19T12:00:00+00:00,BTC/USDT,1h,91410.23000000,91879.85000000,91220.00000000,91780.00000000,604.31025000
2025-11-19T13:00:00+00:00,BTC/USDT,1h,91780.00000000,91900.00000000,91228.82000000,91405.02000000,728.07490000
2025-11-19T14:00:00+00:00,BTC/USDT,1h,91405.02000000,91857.30000000,91037.50000000,91713.44000000,1389.38336000
2025-11-19T15:00:00+00:00,BTC/USDT,1h,91713.45000000,92384.61000000,89880.00000000,89951.70000000,3292.32346000
2025-11-19T16:00:00+00:00,BTC/USDT,1h,89951.70000000,90232.56000000,89453.88000000,89905.78000000,2417.11812000
2025-11-19T17:00:00+00:00,BTC/USDT,1h,89905.77000000,90133.33000000,88889.00000000,89500.01000000,2649.49867000
2025-11-19T18:00:00+00:00,BTC/USDT,1h,89500.00000000,89744.51000000,88792.00000000,89237.83000000,2216.17894000
2025-11-19T19:00:00+00:00,BTC/USDT,1h,89237.82000000,89384.27000000,88630.71000000,88884.56000000,1504.39912000
2025-11-19T20:00:00+00:00,BTC/USDT,1h,88884.56000000,89704.39000000,88608.00000000,89516.91000000,1421.78591000
2025-11-19T21:00:00+00:00,BTC/USDT,1h,89516.91000000,90850.00000000,89450.01000000,90600.68000000,2890.29056000
2025-11-19T22:00:00+00:00,BTC/USDT,1h,90600.67000000,90635.58000000,90101.14000000,90480.56000000,768.25681000
2025-11-19T23:00:00+00:00,BTC/USDT,1h,90480.56000000,91594.00000000,90480.56000000,91554.96000000,1163.76183000
2025-11-20T00:00:00+00:00,BTC/USDT,1h,91554.96000000,92300.00000000,91185.26000000,91891.32000000,1045.70121000
2025-11-20T01:00:00+00:00,BTC/USDT,1h,91891.32000000,92716.44000000,91820.01000000,92590.13000000,1058.92103000
2025-11-20T02:00:00+00:00,BTC/USDT,1h,92590.13000000,92798.14000000,92322.04000000,92592.84000000,904.85403000
2025-11-20T03:00:00+00:00,BTC/USDT,1h,92592.85000000,92717.52000000,92360.84000000,92440.32000000,919.58347000
2025-11-20T04:00:00+00:00,BTC/USDT,1h,92440.33000000,92990.00000000,92124.00000000,92962.83000000,931.12356000
2025-11-20T05:00:00+00:00,BTC/USDT,1h,92962.84000000,93160.00000000,92566.55000000,92616.20000000,878.19369000
2025-11-20T06:00:00+00:00,BTC/USDT,1h,92616.21000000,92851.06000000,91687.07000000,91974.70000000,1324.95908000
2025-11-20T07:00:00+00:00,BTC/USDT,1h,91974.69000000,92445.80000000,91798.24000000,92320.18000000,657.61367000
2025-11-20T08:00:00+00:00,BTC/USDT,1h,92320.18000000,92400.94000000,92036.27000000,92128.22000000,621.86424000
2025-11-20T09:00:00+00:00,BTC/USDT,1h,92128.22000000,92135.01000000,91440.55000000,91950.00000000,1187.17976000
2025-11-20T10:00:00+00:00,BTC/USDT,1h,91950.01000000,92062.83000000,91603.84000000,91801.39000000,918.81997000
2025-11-20T11:00:00+00:00,BTC/USDT,1h,91801.39000000,92029.64000000,91485.40000000,91934.00000000,472.97339000
2025-11-20T12:00:00+00:00,BTC/USDT,1h,91934.01000000,91999.99000000,91688.00000000,91839.25000000,443.03933000
2025-11-20T13:00:00+00:00,BTC/USDT,1h,91839.25000000,92541.92000000,91451.99000000,91529.36000000,1535.25700000
2025-11-20T14:00:00+00:00,BTC/USDT,1h,91529.36000000,91682.60000000,90431.54000000,91103.19000000,2227.67187000
2025-11-20T15:00:00+00:00,BTC/USDT,1h,91103.19000000,91171.78000000,89835.34000000,89869.88000000,1956.88604000
2025-11-20T16:00:00+00:00,BTC/USDT,1h,89869.88000000,89911.73000000,87487.95000000,87878.10000000,5918.46185000
2025-11-20T17:00:00+00:00,BTC/USDT,1h,87878.10000000,88158.49000000,86395.47000000,87233.81000000,5848.39149000
2025-11-20T18:00:00+00:00,BTC/USDT,1h,87233.80000000,87769.23000000,86318.78000000,86486.27000000,3087.08206000
2025-11-20T19:00:00+00:00,BTC/USDT,1h,86486.27000000,87146.29000000,86100.00000000,86921.28000000,2741.74748000
2025-11-20T20:00:00+00:00,BTC/USDT,1h,86921.27000000,87131.07000000,86325.23000000,86462.97000000,1475.77763000
2025-11-20T21:00:00+00:00,BTC/USDT,1h,86462.97000000,87674.23000000,86429.09000000,87282.60000000,1215.05710000
2025-11-20T22:00:00+00:00,BTC/USDT,1h,87282.44000000,88250.00000000,87192.91000000,88065.97000000,1274.57142000
2025-11-20T23:00:00+00:00,BTC/USDT,1h,88065.98000000,88173.09000000,86560.00000000,86637.23000000,1087.46036000
2025-11-21T00:00:00+00:00,BTC/USDT,1h,86637.22000000,87498.94000000,86592.00000000,87285.24000000,845.00605000
2025-11-21T01:00:00+00:00,BTC/USDT,1h,87285.24000000,87464.08000000,86834.81000000,87049.86000000,841.87222000
2025-11-21T02:00:00+00:00,BTC/USDT,1h,87049.86000000,87067.52000000,85360.00000000,85444.93000000,3003.64405000
2025-11-21T03:00:00+00:00,BTC/USDT,1h,85444.93000000,86135.58000000,85433.39000000,85821.34000000,1737.99681000
2025-11-21T04:00:00+00:00,BTC/USDT,1h,85821.35000000,86119.19000000,85404.05000000,86053.09000000,1036.52858000
2025-11-21T05:00:00+00:00,BTC/USDT,1h,86053.10000000,86459.53000000,85825.59000000,86195.08000000,1234.93355000
2025-11-21T06:00:00+00:00,BTC/USDT,1h,86195.09000000,86255.02000000,85550.00000000,85581.30000000,1347.08347000
2025-11-21T07:00:00+00:00,BTC/USDT,1h,85581.31000000,85769.86000000,82000.00000000,84049.39000000,10586.94545000
2025-11-21T08:00:00+00:00,BTC/USDT,1h,84049.38000000,84709.89000000,83521.07000000,83643.45000000,4196.83535000
2025-11-21T09:00:00+00:00,BTC/USDT,1h,83643.45000000,83988.40000000,82104.01000000,82207.84000000,4382.85302000
2025-11-21T10:00:00+00:00,BTC/USDT,1h,82207.83000000,82911.99000000,81648.00000000,82703.61000000,5588.71507000
2025-11-21T11:00:00+00:00,BTC/USDT,1h,82703.61000000,83340.72000000,82192.49000000,82309.66000000,2016.52315000
2025-11-21T12:00:00+00:00,BTC/USDT,1h,82309.67000000,83618.13000000,80600.00000000,83285.35000000,9181.08228000
2025-11-21T13:00:00+00:00,BTC/USDT,1h,83285.34000000,84427.79000000,83116.86000000,84115.28000000,4066.19195000
2025-11-21T14:00:00+00:00,BTC/USDT,1h,84115.29000000,85496.00000000,83544.82000000,84850.00000000,5134.71956000
2025-11-21T15:00:00+00:00,BTC/USDT,1h,84850.01000000,85103.42000000,82729.54000000,82932.47000000,4659.35985000
2025-11-21T16:00:00+00:00,BTC/USDT,1h,82932.46000000,84919.60000000,82333.00000000,84919.59000000,2895.89154000
2025-11-21T17:00:00+00:00,BTC/USDT,1h,84919.58000000,85572.82000000,84565.11000000,84877.07000000,2065.96878000
2025-11-21T18:00:00+00:00,BTC/USDT,1h,84877.06000000,85083.31000000,83304.87000000,84577.11000000,2102.78190000
2025-11-21T19:00:00+00:00,BTC/USDT,1h,84577.12000000,85025.71000000,84080.00000000,84209.30000000,1042.90060000
2025-11-21T20:00:00+00:00,BTC/USDT,1h,84209.30000000,84650.00000000,83464.96000000,84571.20000000,1215.11568000
2025-11-21T21:00:00+00:00,BTC/USDT,1h,84571.19000000,85416.66000000,84351.51000000,85182.14000000,1186.55255000
2025-11-21T22:00:00+00:00,BTC/USDT,1h,85182.14000000,85404.24000000,84267.25000000,84284.42000000,887.57484000
2025-11-21T23:00:00+00:00,BTC/USDT,1h,84284.43000000,85353.03000000,84121.38000000,85129.43000000,999.05049000
2025-11-22T00:00:00+00:00,BTC/USDT,1h,85129.42000000,85620.00000000,84571.13000000,84739.93000000,982.89986000
2025-11-22T01:00:00+00:00,BTC/USDT,1h,84739.92000000,85205.87000000,84588.75000000,85174.28000000,708.20070000
2025-11-22T02:00:00+00:00,BTC/USDT,1h,85174.28000000,85205.87000000,84285.71000000,84528.99000000,623.12435000
2025-11-22T03:00:00+00:00,BTC/USDT,1h,84529.00000000,84611.35000000,84212.39000000,84440.47000000,608.99066000
2025-11-22T04:00:00+00:00,BTC/USDT,1h,84440.48000000,84548.30000000,83832.91000000,84246.88000000,757.03562000
2025-11-22T05:00:00+00:00,BTC/USDT,1h,84246.89000000,84316.08000000,83868.53000000,84280.92000000,609.94979000
2025-11-22T06:00:00+00:00,BTC/USDT,1h,84280.92000000,84799.54000000,84080.00000000,84636.00000000,514.75646000
2025-11-22T07:00:00+00:00,BTC/USDT,1h,84636.00000000,84672.01000000,84400.00000000,84580.06000000,336.57657000
2025-11-22T08:00:00+00:00,BTC/USDT,1h,84580.06000000,84586.62000000,83935.95000000,84016.77000000,579.11003000
2025-11-22T09:00:00+00:00,BTC/USDT,1h,84016.77000000,84343.91000000,83666.00000000,83929.52000000,1402.34324000
2025-11-22T10:00:00+00:00,BTC/USDT,1h,83929.53000000,84211.50000000,83500.00000000,83693.25000000,755.24683000
2025-11-22T11:00:00+00:00,BTC/USDT,1h,83693.26000000,84343.91000000,83592.45000000,84098.94000000,605.75819000
2025-11-22T12:00:00+00:00,BTC/USDT,1h,84098.94000000,84160.80000000,83620.16000000,83884.00000000,632.74648000
2025-11-22T13:00:00+00:00,BTC/USDT,1h,83884.01000000,84132.09000000,83653.12000000,83947.89000000,450.38850000
2025-11-22T14:00:00+00:00,BTC/USDT,1h,83947.89000000,84755.83000000,83935.12000000,84494.40000000,1054.86190000
2025-11-22T15:00:00+00:00,BTC/USDT,1h,84494.40000000,84577.99000000,84014.39000000,84284.01000000,530.44756000
2025-11-22T16:00:00+00:00,BTC/USDT,1h,84284.01000000,84899.00000000,84219.62000000,84694.66000000,525.46062000
2025-11-22T17:00:00+00:00,BTC/USDT,1h,84694.65000000,84724.58000000,84423.98000000,84554.20000000,357.93738000
2025-11-22T18:00:00+00:00,BTC/USDT,1h,84554.20000000,84678.38000000,84480.66000000,84659.79000000,243.98434000
2025-11-22T19:00:00+00:00,BTC/USDT,1h,84659.80000000,84790.79000000,84510.53000000,84609.76000000,223.69917000
2025-11-22T20:00:00+00:00,BTC/USDT,1h,84609.77000000,84808.22000000,84244.51000000,84474.41000000,274.86848000
2025-11-22T21:00:00+00:00,BTC/USDT,1h,84474.41000000,84510.54000000,84237.70000000,84411.30000000,269.03241000
2025-11-22T22:00:00+00:00,BTC/USDT,1h,84411.31000000,85260.00000000,84269.04000000,85072.88000000,648.28851000
2025-11-22T23:00:00+00:00,BTC/USDT,1h,85072.87000000,85178.00000000,84670.56000000,84739.74000000,498.22498000
2025-11-23T00:00:00+00:00,BTC/USDT,1h,84739.75000000,85325.94000000,84667.57000000,84971.74000000,789.42586000
2025-11-23T01:00:00+00:00,BTC/USDT,1h,84971.74000000,86184.60000000,84950.97000000,85879.83000000,1247.13601000
2025-11-23T02:00:00+00:00,BTC/USDT,1h,85879.83000000,86349.84000000,85689.36000000,86000.34000000,1316.75776000
2025-11-23T03:00:00+00:00,BTC/USDT,1h,86000.34000000,86308.55000000,85820.68000000,86308.54000000,650.83168000
2025-11-23T04:00:00+00:00,BTC/USDT,1h,86308.54000000,86860.00000000,86150.61000000,86548.20000000,1045.11387000
2025-11-23T05:00:00+00:00,BTC/USDT,1h,86548.19000000,86593.68000000,86004.85000000,86358.28000000,592.93532000
2025-11-23T06:00:00+00:00,BTC/USDT,1h,86358.27000000,86500.00000000,85864.68000000,85864.68000000,546.56485000
2025-11-23T07:00:00+00:00,BTC/USDT,1h,85864.69000000,85911.72000000,85420.00000000,85782.19000000,728.39953000
2025-11-23T08:00:00+00:00,BTC/USDT,1h,85782.18000000,86196.94000000,85768.22000000,86137.19000000,554.48769000
2025-11-23T09:00:00+00:00,BTC/USDT,1h,86137.18000000,86465.24000000,86080.02000000,86393.02000000,427.24227000
2025-11-23T10:00:00+00:00,BTC/USDT,1h,86393.03000000,86452.00000000,86058.96000000,86066.23000000,429.62501000
2025-11-23T11:00:00+00:00,BTC/USDT,1h,86066.24000000,86421.00000000,85814.92000000,86331.28000000,676.04860000
2025-11-23T12:00:00+00:00,BTC/USDT,1h,86331.28000000,86892.00000000,86271.10000000,86530.04000000,917.48707000
2025-11-23T13:00:00+00:00,BTC/USDT,1h,86530.04000000,86934.00000000,86318.98000000,86928.31000000,646.33455000
2025-11-23T14:00:00+00:00,BTC/USDT,1h,86928.30000000,87200.00000000,86482.98000000,86547.40000000,1148.29527000
2025-11-23T15:00:00+00:00,BTC/USDT,1h,86547.40000000,87244.51000000,86451.90000000,87087.44000000,759.24987000
2025-11-23T16:00:00+00:00,BTC/USDT,1h,87087.44000000,87500.00000000,86670.23000000,86685.60000000,1449.15860000
2025-11-23T17:00:00+00:00,BTC/USDT,1h,86685.59000000,86957.45000000,86502.47000000,86746.51000000,752.54839000
2025-11-23T18:00:00+00:00,BTC/USDT,1h,86746.52000000,87259.58000000,86724.78000000,86995.02000000,584.09609000
2025-11-23T19:00:00+00:00,BTC/USDT,1h,86995.02000000,87689.47000000,86938.60000000,87325.01000000,926.15432000
2025-11-23T20:00:00+00:00,BTC/USDT,1h,87325.01000000,87694.68000000,87233.63000000,87483.36000000,726.71996000
2025-11-23T21:00:00+00:00,BTC/USDT,1h,87483.37000000,88000.00000000,87150.00000000,87992.02000000,647.97774000
2025-11-23T22:00:00+00:00,BTC/USDT,1h,87992.03000000,88127.64000000,87554.23000000,88004.00000000,806.41047000
2025-11-23T23:00:00+00:00,BTC/USDT,1h,88004.01000000,88086.96000000,86701.54000000,86830.00000000,1365.46340000
2025-11-24T00:00:00+00:00,BTC/USDT,1h,86830.00000000,87211.33000000,85946.65000000,86740.64000000,1392.29093000
2025-11-24T01:00:00+00:00,BTC/USDT,1h,86740.64000000,87091.31000000,86399.99000000,87068.51000000,958.30504000
2025-11-24T02:00:00+00:00,BTC/USDT,1h,87068.51000000,88059.44000000,87025.01000000,87518.22000000,1290.41003000
2025-11-24T03:00:00+00:00,BTC/USDT,1h,87518.23000000,87788.00000000,87200.69000000,87460.02000000,677.15494000
2025-11-24T04:00:00+00:00,BTC/USDT,1h,87460.03000000,87600.00000000,86450.00000000,86738.37000000,878.95809000
2025-11-24T05:00:00+00:00,BTC/USDT,1h,86738.36000000,87837.57000000,86675.82000000,87468.29000000,753.25217000
2025-11-24T06:00:00+00:00,BTC/USDT,1h,87468.28000000,87518.06000000,86819.98000000,86910.78000000,801.38580000
2025-11-24T07:00:00+00:00,BTC/USDT,1h,86910.77000000,87350.00000000,86700.00000000,87050.39000000,842.74354000
2025-11-24T08:00:00+00:00,BTC/USDT,1h,87050.39000000,87050.39000000,86724.78000000,86961.51000000,563.07997000
2025-11-24T09:00:00+00:00,BTC/USDT,1h,86961.50000000,86961.50000000,85825.84000000,85944.91000000,1224.17260000
2025-11-24T10:00:00+00:00,BTC/USDT,1h,85944.91000000,86190.00000000,85696.56000000,86049.74000000,1106.37218000
2025-11-24T11:00:00+00:00,BTC/USDT,1h,86049.74000000,86433.93000000,85840.00000000,86264.72000000,590.88464000
2025-11-24T12:00:00+00:00,BTC/USDT,1h,86264.71000000,86318.00000000,85888.00000000,86003.00000000,776.50309000
2025-11-24T13:00:00+00:00,BTC/USDT,1h,86003.00000000,86573.99000000,85947.91000000,86160.00000000,774.74433000
2025-11-24T14:00:00+00:00,BTC/USDT,1h,86159.84000000,86660.01000000,85272.00000000,86171.14000000,1629.59791000
2025-11-24T15:00:00+00:00,BTC/USDT,1h,86171.22000000,86741.50000000,85913.44000000,86616.44000000,1454.66429000
2025-11-24T16:00:00+00:00,BTC/USDT,1h,86616.44000000,87700.00000000,86616.43000000,87174.50000000,1597.98070000
2025-11-24T17:00:00+00:00,BTC/USDT,1h,87174.50000000,88550.68000000,86950.51000000,88369.91000000,1714.18113000
2025-11-24T18:00:00+00:00,BTC/USDT,1h,88369.91000000,88732.25000000,88200.00000000,88715.31000000,1475.20510000
2025-11-24T19:00:00+00:00,BTC/USDT,1h,88715.30000000,88834.62000000,88115.16000000,88327.29000000,1216.54554000
2025-11-24T20:00:00+00:00,BTC/USDT,1h,88327.29000000,89228.00000000,88327.29000000,89089.06000000,1349.46746000
2025-11-24T21:00:00+00:00,BTC/USDT,1h,89089.06000000,89132.00000000,88720.97000000,88766.15000000,601.72645000
2025-11-24T22:00:00+00:00,BTC/USDT,1h,88766.15000000,89091.96000000,88598.00000000,88636.54000000,522.98122000
2025-11-24T23:00:00+00:00,BTC/USDT,1h,88636.54000000,88690.00000000,88252.50000000,88300.01000000,470.52080000
2025-11-25T00:00:00+00:00,BTC/USDT,1h,88300.01000000,88300.01000000,87864.63000000,88100.00000000,784.64286000
2025-11-25T01:00:00+00:00,BTC/USDT,1h,88100.00000000,88223.85000000,87719.67000000,87732.83000000,590.37213000
2025-11-25T02:00:00+00:00,BTC/USDT,1h,87732.84000000,87942.26000000,87457.53000000,87909.40000000,661.24658000
2025-11-25T03:00:00+00:00,BTC/USDT,1h,87909.41000000,88048.78000000,87553.84000000,87822.12000000,470.13692000
2025-11-25T04:00:00+00:00,BTC/USDT,1h,87822.12000000,88519.99000000,87790.17000000,88341.14000000,559.30233000
2025-11-25T05:00:00+00:00,BTC/USDT,1h,88341.14000000,88341.14000000,87937.46000000,88120.82000000,385.97584000
2025-11-25T06:00:00+00:00,BTC/USDT,1h,88120.83000000,88149.01000000,87802.09000000,88003.97000000,428.04120000
2025-11-25T07:00:00+00:00,BTC/USDT,1h,88003.97000000,88069.96000000,87300.00000000,87384.81000000,1659.28548000
2025-11-25T08:00:00+00:00,BTC/USDT,1h,87384.81000000,87606.57000000,86993.20000000,87009.82000000,1030.08593000
2025-11-25T09:00:00+00:00,BTC/USDT,1h,87009.82000000,87243.57000000,86666.00000000,87231.76000000,1365.38754000
2025-11-25T10:00:00+00:00,BTC/USDT,1h,87231.76000000,87430.00000000,86950.01000000,87411.01000000,529.77845000
2025-11-25T11:00:00+00:00,BTC/USDT,1h,87411.00000000,87535.98000000,87310.00000000,87361.71000000,476.85969000
2025-11-25T12:00:00+00:00,BTC/USDT,1h,87361.71000000,87792.20000000,87361.71000000,87509.99000000,719.39885000
2025-11-25T13:00:00+00:00,BTC/USDT,1h,87510.00000000,87731.20000000,86870.50000000,87083.01000000,953.98515000
2025-11-25T14:00:00+00:00,BTC/USDT,1h,87083.00000000,87298.35000000,86116.00000000,86741.55000000,1997.11968000
2025-11-25T15:00:00+00:00,BTC/USDT,1h,86741.55000000,87300.00000000,86200.00000000,86988.94000000,1227.12482000
2025-11-25T16:00:00+00:00,BTC/USDT,1h,86988.93000000,87291.00000000,86712.35000000,87121.31000000,678.88146000
2025-11-25T17:00:00+00:00,BTC/USDT,1h,87121.31000000,88155.65000000,87046.09000000,87625.89000000,918.86754000
2025-11-25T18:00:00+00:00,BTC/USDT,1h,87625.90000000,87830.00000000,87237.18000000,87239.29000000,604.25375000
2025-11-25T19:00:00+00:00,BTC/USDT,1h,87239.29000000,87340.10000000,86182.49000000,86882.85000000,1026.34933000
2025-11-25T20:00:00+00:00,BTC/USDT,1h,86882.84000000,87463.00000000,86706.28000000,87382.70000000,718.04092000
2025-11-25T21:00:00+00:00,BTC/USDT,1h,87387.48000000,87449.73000000,86985.02000000,87032.37000000,660.28461000
2025-11-25T22:00:00+00:00,BTC/USDT,1h,87032.36000000,87722.92000000,86565.48000000,87642.41000000,612.11039000
2025-11-25T23:00:00+00:00,BTC/USDT,1h,87642.41000000,87889.38000000,87328.89000000,87369.96000000,509.50965000
2025-11-26T00:00:00+00:00,BTC/USDT,1h,87369.97000000,87770.00000000,87344.34000000,87573.51000000,492.76345000
2025-11-26T01:00:00+00:00,BTC/USDT,1h,87573.51000000,88224.00000000,87338.05000000,87921.94000000,625.50199000
2025-11-26T02:00:00+00:00,BTC/USDT,1h,87921.94000000,88087.97000000,87662.24000000,87711.82000000,382.80732000
2025-11-26T03:00:00+00:00,BTC/USDT,1h,87711.82000000,87892.82000000,87069.97000000,87119.92000000,734.20044000
2025-11-26T04:00:00+00:00,BTC/USDT,1h,87119.93000000,87368.00000000,86909.99000000,87230.23000000,523.25398000
2025-11-26T05:00:00+00:00,BTC/USDT,1h,87230.23000000,87741.50000000,87220.01000000,87519.53000000,391.28204000
2025-11-26T06:00:00+00:00,BTC/USDT,1h,87519.54000000,87889.00000000,87409.78000000,87794.00000000,567.75553000
2025-11-26T07:00:00+00:00,BTC/USDT,1h,87794.00000000,87970.00000000,87698.25000000,87935.05000000,346.36014000
2025-11-26T08:00:00+00:00,BTC/USDT,1h,87935.05000000,87941.58000000,87416.44000000,87424.80000000,352.28266000
2025-11-26T09:00:00+00:00,BTC/USDT,1h,87424.80000000,87453.47000000,86746.60000000,86825.27000000,1012.15795000
2025-11-26T10:00:00+00:00,BTC/USDT,1h,86825.27000000,87078.59000000,86670.36000000,86955.17000000,469.69958000
2025-11-26T11:00:00+00:00,BTC/USDT,1h,86955.17000000,87095.83000000,86844.01000000,87095.79000000,365.39116000
2025-11-26T12:00:00+00:00,BTC/USDT,1h,87095.78000000,87175.99000000,86306.77000000,86643.08000000,790.16422000
2025-11-26T13:00:00+00:00,BTC/USDT,1h,86643.07000000,87136.33000000,86568.85000000,87128.51000000,802.87416000
2025-11-26T14:00:00+00:00,BTC/USDT,1h,87128.51000000,87693.21000000,86813.50000000,86899.73000000,1419.99793000
2025-11-26T15:00:00+00:00,BTC/USDT,1h,86899.72000000,87349.41000000,86664.23000000,86978.00000000,1185.22598000
2025-11-26T16:00:00+00:00,BTC/USDT,1h,86977.99000000,87946.00000000,86956.61000000,87820.01000000,1248.92414000
2025-11-26T17:00:00+00:00,BTC/USDT,1h,87820.02000000,89962.90000000,87710.27000000,89830.79000000,2469.84113000
2025-11-26T18:00:00+00:00,BTC/USDT,1h,89830.80000000,90418.39000000,89676.00000000,90145.69000000,2128.19073000
2025-11-26T19:00:00+00:00,BTC/USDT,1h,90145.69000000,90197.83000000,89716.30000000,89957.36000000,1663.47818000
2025-11-26T20:00:00+00:00,BTC/USDT,1h,89957.37000000,90114.67000000,89508.85000000,89866.82000000,1645.62012000
2025-11-26T21:00:00+00:00,BTC/USDT,1h,89866.83000000,90491.28000000,89815.35000000,90195.99000000,803.11555000
2025-11-26T22:00:00+00:00,BTC/USDT,1h,90195.98000000,90656.08000000,90127.88000000,90386.57000000,686.02397000
2025-11-26T23:00:00+00:00,BTC/USDT,1h,90386.56000000,90600.00000000,90312.25000000,90484.02000000,568.91004000
2025-11-27T00:00:00+00:00,BTC/USDT,1h,90484.01000000,90597.32000000,90089.91000000,90485.85000000,863.56359000
2025-11-27T01:00:00+00:00,BTC/USDT,1h,90485.85000000,91236.00000000,90385.50000000,91145.78000000,1123.33988000
2025-11-27T02:00:00+00:00,BTC/USDT,1h,91145.78000000,91950.00000000,90879.76000000,91389.21000000,2941.82170000
2025-11-27T03:00:00+00:00,BTC/USDT,1h,91389.73000000,91615.60000000,91044.14000000,91091.68000000,815.09214000
2025-11-27T04:00:00+00:00,BTC/USDT,1h,91091.68000000,91353.85000000,91057.77000000,91277.06000000,509.22057000
2025-11-27T05:00:00+00:00,BTC/USDT,1h,91277.06000000,91554.49000000,90889.11000000,90967.54000000,724.51309000
2025-11-27T06:00:00+00:00,BTC/USDT,1h,90967.53000000,91445.30000000,90967.53000000,91244.58000000,600.26335000
2025-11-27T07:00:00+00:00,BTC/USDT,1h,91244.59000000,91496.63000000,91135.88000000,91408.34000000,609.78648000
2025-11-27T08:00:00+00:00,BTC/USDT,1h,91408.34000000,91520.24000000,91221.17000000,91492.02000000,626.37500000
2025-11-27T09:00:00+00:00,BTC/USDT,1h,91492.01000000,91940.18000000,91475.39000000,91561.67000000,875.30832000
2025-11-27T10:00:00+00:00,BTC/USDT,1h,91561.67000000,91747.29000000,91347.02000000,91613.51000000,526.00515000
2025-11-27T11:00:00+00:00,BTC/USDT,1h,91613.52000000,91619.36000000,91307.69000000,91371.88000000,326.30294000
2025-11-27T12:00:00+00:00,BTC/USDT,1h,91371.87000000,91457.36000000,90950.00000000,90986.56000000,641.34239000
2025-11-27T13:00:00+00:00,BTC/USDT,1h,90986.56000000,91075.99000000,90438.43000000,90852.78000000,1344.11260000
2025-11-27T14:00:00+00:00,BTC/USDT,1h,90852.79000000,90978.49000000,90579.77000000,90789.68000000,539.81726000
2025-11-27T15:00:00+00:00,BTC/USDT,1h,90789.68000000,90988.00000000,90629.98000000,90958.30000000,396.23776000
2025-11-27T16:00:00+00:00,BTC/USDT,1h,90958.29000000,91562.00000000,90850.77000000,91467.13000000,778.41704000
2025-11-27T17:00:00+00:00,BTC/USDT,1h,91467.12000000,91635.79000000,91299.06000000,91479.30000000,704.33875000
2025-11-27T18:00:00+00:00,BTC/USDT,1h,91479.30000000,91843.59000000,91347.21000000,91791.99000000,433.08181000
2025-11-27T19:00:00+00:00,BTC/USDT,1h,91791.99000000,91791.99000000,91506.94000000,91528.21000000,363.77786000
2025-11-27T20:00:00+00:00,BTC/USDT,1h,91528.22000000,91596.76000000,91400.00000000,91433.17000000,259.27901000
2025-11-27T21:00:00+00:00,BTC/USDT,1h,91433.18000000,91600.00000000,91217.17000000,91416.99000000,272.08151000
2025-11-27T22:00:00+00:00,BTC/USDT,1h,91416.99000000,91590.00000000,91114.52000000,91317.65000000,289.90354000
2025-11-27T23:00:00+00:00,BTC/USDT,1h,91317.66000000,91566.00000000,91213.79000000,91333.95000000,269.52758000
2025-11-28T00:00:00+00:00,BTC/USDT,1h,91333.94000000,91417.99000000,91072.30000000,91207.34000000,405.71832000
2025-11-28T01:00:00+00:00,BTC/USDT,1h,91207.34000000,91209.82000000,90800.30000000,90804.56000000,495.69936000
2025-11-28T02:00:00+00:00,BTC/USDT,1h,90804.56000000,91135.69000000,90652.55000000,91083.08000000,665.69948000
2025-11-28T03:00:00+00:00,BTC/USDT,1h,91083.08000000,91306.63000000,91000.88000000,91208.85000000,362.93677000
2025-11-28T04:00:00+00:00,BTC/USDT,1h,91208.85000000,91486.29000000,91130.00000000,91424.02000000,286.91882000
2025-11-28T05:00:00+00:00,BTC/USDT,1h,91424.02000000,91707.79000000,91304.28000000,91612.09000000,444.39646000
2025-11-28T06:00:00+00:00,BTC/USDT,1h,91612.09000000,91612.09000000,91156.24000000,91300.69000000,441.82209000
2025-11-28T07:00:00+00:00,BTC/USDT,1h,91300.69000000,91568.98000000,90867.43000000,90910.87000000,700.78640000
2025-11-28T08:00:00+00:00,BTC/USDT,1h,90910.87000000,91717.00000000,90907.98000000,91690.00000000,899.46359000
2025-11-28T09:00:00+00:00,BTC/USDT,1h,91689.99000000,91850.00000000,91439.34000000,91599.99000000,578.77610000
2025-11-28T10:00:00+00:00,BTC/USDT,1h,91600.00000000,91874.86000000,91480.28000000,91850.49000000,786.48217000
2025-11-28T11:00:00+00:00,BTC/USDT,1h,91850.49000000,92030.00000000,91065.13000000,91437.64000000,910.59811000
2025-11-28T12:00:00+00:00,BTC/USDT,1h,91437.64000000,91692.30000000,91405.69000000,91513.40000000,360.31623000
2025-11-28T13:00:00+00:00,BTC/USDT,1h,91513.40000000,92635.00000000,91380.94000000,92377.01000000,1231.35483000
2025-11-28T14:00:00+00:00,BTC/USDT,1h,92377.00000000,93092.00000000,91818.35000000,92250.01000000,2337.42844000
2025-11-28T15:00:00+00:00,BTC/USDT,1h,92250.00000000,92796.00000000,91976.59000000,92362.49000000,1117.51350000
2025-11-28T16:00:00+00:00,BTC/USDT,1h,92362.50000000,92376.00000000,90880.00000000,90936.23000000,1386.76661000
2025-11-28T17:00:00+00:00,BTC/USDT,1h,90936.24000000,91208.43000000,90180.63000000,90663.98000000,3368.69380000
2025-11-28T18:00:00+00:00,BTC/USDT,1h,90661.57000000,90958.57000000,90421.88000000,90830.57000000,663.11655000
2025-11-28T19:00:00+00:00,BTC/USDT,1h,90830.57000000,91202.55000000,90821.60000000,91157.44000000,360.61967000
2025-11-28T20:00:00+00:00,BTC/USDT,1h,91157.44000000,91225.45000000,90867.89000000,91201.10000000,310.35586000
2025-11-28T21:00:00+00:00,BTC/USDT,1h,91201.09000000,91247.16000000,90888.00000000,90888.01000000,223.95974000
2025-11-28T22:00:00+00:00,BTC/USDT,1h,90888.01000000,91159.89000000,90705.57000000,91122.00000000,276.05655000
2025-11-28T23:00:00+00:00,BTC/USDT,1h,91122.00000000,91195.68000000,90890.70000000,90890.70000000,215.38067000
2025-11-29T00:00:00+00:00,BTC/USDT,1h,90890.71000000,90968.00000000,90768.13000000,90884.01000000,186.84042000
2025-11-29T01:00:00+00:00,BTC/USDT,1h,90884.01000000,91119.99000000,90797.36000000,90881.20000000,189.90490000
2025-11-29T02:00:00+00:00,BTC/USDT,1h,90881.20000000,90926.90000000,90546.36000000,90798.89000000,360.30420000
2025-11-29T03:00:00+00:00,BTC/USDT,1h,90798.90000000,90874.03000000,90661.12000000,90680.26000000,203.76865000
2025-11-29T04:00:00+00:00,BTC/USDT,1h,90680.26000000,90911.36000000,90551.12000000,90901.56000000,194.82906000
2025-11-29T05:00:00+00:00,BTC/USDT,1h,90901.55000000,90931.56000000,90733.22000000,90747.16000000,201.02788000
2025-11-29T06:00:00+00:00,BTC/USDT,1h,90747.16000000,90832.57000000,90311.92000000,90565.29000000,551.99620000
2025-11-29T07:00:00+00:00,BTC/USDT,1h,90565.30000000,90666.00000000,90375.01000000,90567.67000000,281.69639000
2025-11-29T08:00:00+00:00,BTC/USDT,1h,90567.66000000,90738.17000000,90477.44000000,90629.67000000,209.42959000
2025-11-29T09:00:00+00:00,BTC/USDT,1h,90629.67000000,90665.37000000,90500.00000000,90560.08000000,255.33197000
2025-11-29T10:00:00+00:00,BTC/USDT,1h,90560.08000000,90647.98000000,90376.37000000,90552.47000000,287.88192000
2025-11-29T11:00:00+00:00,BTC/USDT,1h,90552.47000000,90682.33000000,90458.17000000,90673.19000000,204.80457000
2025-11-29T12:00:00+00:00,BTC/USDT,1h,90673.20000000,90810.45000000,90530.93000000,90616.01000000,253.50149000
2025-11-29T13:00:00+00:00,BTC/USDT,1h,90616.01000000,90805.99000000,90591.35000000,90783.17000000,243.41960000
2025-11-29T14:00:00+00:00,BTC/USDT,1h,90783.16000000,90783.17000000,90610.41000000,90621.72000000,231.55273000
2025-11-29T15:00:00+00:00,BTC/USDT,1h,90621.73000000,91110.36000000,90621.72000000,91063.50000000,419.55316000
2025-11-29T16:00:00+00:00,BTC/USDT,1h,91063.50000000,91165.65000000,90862.22000000,91004.03000000,256.29667000
2025-11-29T17:00:00+00:00,BTC/USDT,1h,91004.03000000,91019.00000000,90421.21000000,90421.21000000,800.09236000
2025-11-29T18:00:00+00:00,BTC/USDT,1h,90421.21000000,90719.16000000,90155.47000000,90690.84000000,837.40131000
2025-11-29T19:00:00+00:00,BTC/USDT,1h,90690.85000000,90850.83000000,90600.10000000,90640.78000000,298.72853000
2025-11-29T20:00:00+00:00,BTC/USDT,1h,90640.77000000,91035.27000000,90400.21000000,90963.29000000,336.13338000
2025-11-29T21:00:00+00:00,BTC/USDT,1h,90963.29000000,91051.87000000,90814.02000000,91008.68000000,179.69384000
2025-11-29T22:00:00+00:00,BTC/USDT,1h,91008.68000000,91008.69000000,90700.65000000,90753.02000000,311.96344000
2025-11-29T23:00:00+00:00,BTC/USDT,1h,90753.03000000,90896.97000000,90690.23000000,90802.44000000,133.73065000
2025-11-30T00:00:00+00:00,BTC/USDT,1h,90802.44000000,90945.59000000,90765.12000000,90893.94000000,127.74315000
2025-11-30T01:00:00+00:00,BTC/USDT,1h,90893.94000000,91055.50000000,90863.05000000,90913.31000000,246.89699000
2025-11-30T02:00:00+00:00,BTC/USDT,1h,90913.30000000,91032.18000000,90749.90000000,90795.51000000,321.82107000
2025-11-30T03:00:00+00:00,BTC/USDT,1h,90795.52000000,90917.96000000,90471.00000000,90909.35000000,418.70941000
2025-11-30T04:00:00+00:00,BTC/USDT,1h,90909.35000000,90970.36000000,90799.91000000,90858.00000000,98.98576000
2025-11-30T05:00:00+00:00,BTC/USDT,1h,90857.99000000,90857.99000000,90670.40000000,90783.75000000,146.33614000
2025-11-30T06:00:00+00:00,BTC/USDT,1h,90783.76000000,90937.50000000,90717.51000000,90898.68000000,134.34933000
2025-11-30T07:00:00+00:00,BTC/USDT,1h,90898.69000000,91037.72000000,90860.01000000,90968.16000000,170.24658000
2025-11-30T08:00:00+00:00,BTC/USDT,1h,90968.16000000,91438.99000000,90927.16000000,91184.45000000,999.62290000
2025-11-30T09:00:00+00:00,BTC/USDT,1h,91184.45000000,91632.00000000,91138.65000000,91413.07000000,857.09997000
2025-11-30T10:00:00+00:00,BTC/USDT,1h,91413.07000000,91467.36000000,91200.00000000,91234.31000000,215.61141000
2025-11-30T11:00:00+00:00,BTC/USDT,1h,91234.31000000,91397.33000000,90998.34000000,91048.78000000,443.35776000
2025-11-30T12:00:00+00:00,BTC/USDT,1h,91048.79000000,91535.10000000,91009.00000000,91469.51000000,391.37581000
2025-11-30T13:00:00+00:00,BTC/USDT,1h,91469.51000000,92000.01000000,91398.69000000,91769.99000000,1268.05794000
2025-11-30T14:00:00+00:00,BTC/USDT,1h,91770.00000000,91779.94000000,91256.88000000,91499.99000000,479.45512000
2025-11-30T15:00:00+00:00,BTC/USDT,1h,91499.98000000,91612.83000000,91326.59000000,91435.31000000,490.26099000
2025-11-30T16:00:00+00:00,BTC/USDT,1h,91435.31000000,91850.00000000,91406.97000000,91825.18000000,328.17239000
2025-11-30T17:00:00+00:00,BTC/USDT,1h,91825.18000000,91825.18000000,91313.26000000,91488.19000000,322.55187000
2025-11-30T18:00:00+00:00,BTC/USDT,1h,91488.20000000,91488.20000000,91159.42000000,91459.90000000,239.73146000
2025-11-30T19:00:00+00:00,BTC/USDT,1h,91459.91000000,91500.00000000,91298.40000000,91460.79000000,158.56074000
2025-11-30T20:00:00+00:00,BTC/USDT,1h,91460.79000000,91626.75000000,91178.00000000,91315.60000000,260.58782000
2025-11-30T21:00:00+00:00,BTC/USDT,1h,91315.59000000,91332.18000000,90888.48000000,91174.22000000,497.10764000
2025-11-30T22:00:00+00:00,BTC/USDT,1h,91174.23000000,91351.61000000,91049.22000000,91225.28000000,263.92188000
2025-11-30T23:00:00+00:00,BTC/USDT,1h,91225.28000000,91256.36000000,90336.90000000,90360.00000000,807.17762000
2025-12-01T00:00:00+00:00,BTC/USDT,1h,90360.01000000,90417.00000000,86959.99000000,87000.00000000,4607.45526000
2025-12-01T01:00:00+00:00,BTC/USDT,1h,87000.00000000,87749.99000000,86941.40000000,87168.91000000,1588.04096000
2025-12-01T02:00:00+00:00,BTC/USDT,1h,87168.90000000,87500.00000000,86474.34000000,86722.29000000,2052.19788000
2025-12-01T03:00:00+00:00,BTC/USDT,1h,86722.30000000,86800.00000000,86161.61000000,86346.13000000,2001.96556000
2025-12-01T04:00:00+00:00,BTC/USDT,1h,86346.13000000,86350.01000000,85695.44000000,85801.03000000,1863.01351000
2025-12-01T05:00:00+00:00,BTC/USDT,1h,85801.03000000,86006.85000000,85604.00000000,86001.08000000,749.36259000
2025-12-01T06:00:00+00:00,BTC/USDT,1h,86001.08000000,86357.43000000,85974.66000000,86234.16000000,931.60740000
2025-12-01T07:00:00+00:00,BTC/USDT,1h,86234.17000000,86578.06000000,86049.90000000,86550.30000000,1393.18357000
2025-12-01T08:00:00+00:00,BTC/USDT,1h,86550.30000000,86890.77000000,86390.25000000,86869.51000000,948.06769000
2025-12-01T09:00:00+00:00,BTC/USDT,1h,86869.50000000,86938.01000000,86518.18000000,86704.86000000,866.92667000
2025-12-01T10:00:00+00:00,BTC/USDT,1h,86704.85000000,86814.00000000,86552.00000000,86647.73000000,366.02338000
2025-12-01T11:00:00+00:00,BTC/USDT,1h,86647.73000000,86699.99000000,86131.01000000,86149.15000000,824.75013000
2025-12-01T12:00:00+00:00,BTC/USDT,1h,86146.59000000,86231.52000000,84756.00000000,85430.64000000,2098.18769000
2025-12-01T13:00:00+00:00,BTC/USDT,1h,85430.64000000,86166.43000000,85350.00000000,85986.85000000,1097.45554000
2025-12-01T14:00:00+00:00,BTC/USDT,1h,85986.85000000,86674.00000000,85868.00000000,86067.90000000,1654.56841000
2025-12-01T15:00:00+00:00,BTC/USDT,1h,86067.90000000,86137.17000000,83822.76000000,84677.87000000,3274.16077000
2025-12-01T16:00:00+00:00,BTC/USDT,1h,84677.87000000,85463.12000000,84030.95000000,84571.80000000,2152.34019000
2025-12-01T17:00:00+00:00,BTC/USDT,1h,84571.80000000,85265.66000000,84442.75000000,84920.30000000,917.46569000
2025-12-01T18:00:00+00:00,BTC/USDT,1h,84925.01000000,85555.00000000,84723.83000000,85199.48000000,911.27586000
2025-12-01T19:00:00+00:00,BTC/USDT,1h,85199.48000000,85299.14000000,84603.97000000,85024.50000000,617.02121000
2025-12-01T20:00:00+00:00,BTC/USDT,1h,85024.50000000,85833.01000000,85007.69000000,85518.00000000,1007.05350000
2025-12-01T21:00:00+00:00,BTC/USDT,1h,85518.01000000,86507.30000000,85499.99000000,86436.65000000,1202.40704000
2025-12-01T22:00:00+00:00,BTC/USDT,1h,86436.64000000,86860.00000000,86300.00000000,86572.65000000,780.37442000
2025-12-01T23:00:00+00:00,BTC/USDT,1h,86572.65000000,86833.55000000,86249.80000000,86286.01000000,604.10735000
2025-12-02T00:00:00+00:00,BTC/USDT,1h,86286.01000000,86674.53000000,86184.39000000,86513.33000000,887.97566000
2025-12-02T01:00:00+00:00,BTC/USDT,1h,86513.33000000,87350.00000000,86394.00000000,86454.93000000,1192.01967000
2025-12-02T02:00:00+00:00,BTC/USDT,1h,86454.93000000,86857.79000000,86272.55000000,86554.47000000,522.02975000
2025-12-02T03:00:00+00:00,BTC/USDT,1h,86554.46000000,87106.62000000,86214.99000000,86976.99000000,643.79096000
2025-12-02T04:00:00+00:00,BTC/USDT,1h,86977.00000000,87288.48000000,86900.79000000,86970.28000000,689.46639000
2025-12-02T05:00:00+00:00,BTC/USDT,1h,86970.28000000,87125.36000000,86818.14000000,87008.20000000,320.12167000
2025-12-02T06:00:00+00:00,BTC/USDT,1h,87008.20000000,87179.22000000,86870.00000000,87090.46000000,385.60175000
2025-12-02T07:00:00+00:00,BTC/USDT,1h,87090.46000000,87117.18000000,86882.23000000,87012.65000000,338.04553000
2025-12-02T08:00:00+00:00,BTC/USDT,1h,87012.64000000,87058.41000000,86296.21000000,86471.89000000,1046.58604000
2025-12-02T09:00:00+00:00,BTC/USDT,1h,86471.88000000,86999.00000000,86450.60000000,86769.87000000,806.33465000
2025-12-02T10:00:00+00:00,BTC/USDT,1h,86769.88000000,87628.78000000,86760.01000000,87272.44000000,661.40198000
2025-12-02T11:00:00+00:00,BTC/USDT,1h,87272.44000000,87602.47000000,86985.51000000,87368.92000000,846.71300000
2025-12-02T12:00:00+00:00,BTC/USDT,1h,87368.92000000,87560.77000000,87208.68000000,87264.20000000,839.51657000
2025-12-02T13:00:00+00:00,BTC/USDT,1h,87264.20000000,87883.43000000,87032.75000000,87731.41000000,1559.34030000
2025-12-02T14:00:00+00:00,BTC/USDT,1h,87731.41000000,89275.54000000,87600.00000000,89271.99000000,2529.97385000
2025-12-02T15:00:00+00:00,BTC/USDT,1h,89271.99000000,91200.00000000,89263.06000000,90850.01000000,4371.66947000
2025-12-02T16:00:00+00:00,BTC/USDT,1h,90850.01000000,91296.72000000,90201.00000000,90759.15000000,2014.14601000
2025-12-02T17:00:00+00:00,BTC/USDT,1h,90759.15000000,91990.00000000,90736.05000000,91458.40000000,1594.71699000
2025-12-02T18:00:00+00:00,BTC/USDT,1h,91458.40000000,92237.15000000,91326.22000000,91954.49000000,1650.85803000
2025-12-02T19:00:00+00:00,BTC/USDT,1h,91954.49000000,92307.65000000,91850.00000000,91903.39000000,892.95903000
2025-12-02T20:00:00+00:00,BTC/USDT,1h,91903.38000000,91930.09000000,90720.87000000,91026.67000000,1812.81861000
2025-12-02T21:00:00+00:00,BTC/USDT,1h,91026.66000000,91631.49000000,90965.02000000,91562.43000000,750.79479000
2025-12-02T22:00:00+00:00,BTC/USDT,1h,91562.42000000,92000.00000000,91510.60000000,91981.91000000,1005.03850000
2025-12-02T23:00:00+00:00,BTC/USDT,1h,91981.91000000,91981.91000000,91269.38000000,91277.88000000,848.30812000
2025-12-03T00:00:00+00:00,BTC/USDT,1h,91277.88000000,91747.99000000,90990.23000000,91660.12000000,1282.57519000
2025-12-03T01:00:00+00:00,BTC/USDT,1h,91660.13000000,92482.02000000,91468.21000000,92251.63000000,1105.16296000
2025-12-03T02:00:00+00:00,BTC/USDT,1h,92251.64000000,93051.64000000,92158.00000000,92817.92000000,1322.86837000
2025-12-03T03:00:00+00:00,BTC/USDT,1h,92817.93000000,93087.09000000,92597.26000000,92628.91000000,714.46982000
2025-12-03T04:00:00+00:00,BTC/USDT,1h,92628.91000000,93482.87000000,92625.00000000,93362.21000000,1228.95814000
2025-12-03T05:00:00+00:00,BTC/USDT,1h,93362.21000000,93660.00000000,93116.02000000,93642.92000000,1042.55272000
2025-12-03T06:00:00+00:00,BTC/USDT,1h,93642.92000000,93958.58000000,93146.26000000,93431.80000000,1068.27612000
2025-12-03T07:00:00+00:00,BTC/USDT,1h,93431.81000000,93468.43000000,92871.03000000,92999.99000000,1206.67241000
2025-12-03T08:00:00+00:00,BTC/USDT,1h,93000.00000000,93173.93000000,92682.10000000,92765.65000000,908.28425000
2025-12-03T09:00:00+00:00,BTC/USDT,1h,92765.64000000,93217.52000000,92709.41000000,93178.46000000,651.04477000
2025-12-03T10:00:00+00:00,BTC/USDT,1h,93178.45000000,93389.62000000,92861.88000000,92939.40000000,644.12113000
2025-12-03T11:00:00+00:00,BTC/USDT,1h,92939.40000000,93054.93000000,92666.00000000,93005.68000000,566.65244000
2025-12-03T12:00:00+00:00,BTC/USDT,1h,93005.68000000,93112.10000000,92672.55000000,92937.39000000,609.37614000
2025-12-03T13:00:00+00:00,BTC/USDT,1h,92937.39000000,93258.53000000,92886.59000000,93130.88000000,653.22336000
2025-12-03T14:00:00+00:00,BTC/USDT,1h,93130.89000000,93700.00000000,91697.00000000,92357.54000000,3444.53920000
2025-12-03T15:00:00+00:00,BTC/USDT,1h,92357.54000000,92993.98000000,91922.21000000,92373.30000000,1816.10102000
2025-12-03T16:00:00+00:00,BTC/USDT,1h,92373.30000000,92739.09000000,91786.99000000,92242.24000000,1045.70106000
2025-12-03T17:00:00+00:00,BTC/USDT,1h,92242.24000000,93040.00000000,92199.72000000,92956.22000000,952.33734000
2025-12-03T18:00:00+00:00,BTC/USDT,1h,92956.22000000,93500.00000000,92383.05000000,92623.86000000,1065.25501000
2025-12-03T19:00:00+00:00,BTC/USDT,1h,92623.85000000,93099.47000000,92528.75000000,93024.99000000,561.39144000
2025-12-03T20:00:00+00:00,BTC/USDT,1h,93025.00000000,93400.00000000,92825.56000000,92980.43000000,993.99987000
2025-12-03T21:00:00+00:00,BTC/USDT,1h,92981.45000000,93769.23000000,92860.00000000,93700.00000000,961.39093000
2025-12-03T22:00:00+00:00,BTC/USDT,1h,93700.01000000,94150.00000000,93301.87000000,93781.01000000,1201.71927000
2025-12-03T23:00:00+00:00,BTC/USDT,1h,93781.01000000,94091.71000000,93377.58000000,93429.95000000,665.85289000
2025-12-04T00:00:00+00:00,BTC/USDT,1h,93429.95000000,93480.00000000,92669.82000000,93054.86000000,1095.83853000
2025-12-04T01:00:00+00:00,BTC/USDT,1h,93054.87000000,93750.73000000,92981.35000000,93195.07000000,1304.15700000
2025-12-04T02:00:00+00:00,BTC/USDT,1h,93195.07000000,94070.70000000,93117.80000000,93943.24000000,944.67997000
2025-12-04T03:00:00+00:00,BTC/USDT,1h,93943.24000000,94080.00000000,93402.38000000,93543.04000000,500.02470000
2025-12-04T04:00:00+00:00,BTC/USDT,1h,93543.03000000,93588.48000000,93231.56000000,93360.58000000,388.95379000
2025-12-04T05:00:00+00:00,BTC/USDT,1h,93360.58000000,93380.39000000,92775.00000000,92979.25000000,931.22487000
2025-12-04T06:00:00+00:00,BTC/USDT,1h,92979.25000000,93371.12000000,92824.32000000,93140.74000000,1076.30029000
2025-12-04T07:00:00+00:00,BTC/USDT,1h,93140.75000000,93413.39000000,92888.00000000,93397.67000000,674.02891000
2025-12-04T08:00:00+00:00,BTC/USDT,1h,93397.67000000,93600.00000000,93044.41000000,93260.63000000,411.88207000
2025-12-04T09:00:00+00:00,BTC/USDT,1h,93260.64000000,93621.31000000,93235.50000000,93454.70000000,402.88554000
2025-12-04T10:00:00+00:00,BTC/USDT,1h,93454.71000000,93553.69000000,93156.42000000,93260.00000000,373.45816000
2025-12-04T11:00:00+00:00,BTC/USDT,1h,93260.00000000,93318.17000000,92736.90000000,92948.31000000,728.79798000
2025-12-04T12:00:00+00:00,BTC/USDT,1h,92948.32000000,93200.00000000,92782.48000000,92990.18000000,474.71729000
2025-12-04T13:00:00+00:00,BTC/USDT,1h,92990.18000000,93060.63000000,92424.00000000,92516.38000000,997.53962000
2025-12-04T14:00:00+00:00,BTC/USDT,1h,92516.38000000,92821.26000000,91801.00000000,91894.01000000,1176.07323000
2025-12-04T15:00:00+00:00,BTC/USDT,1h,91894.00000000,93257.00000000,91886.55000000,92971.49000000,1647.82775000
2025-12-04T16:00:00+00:00,BTC/USDT,1h,92971.49000000,93174.55000000,92268.76000000,92431.72000000,1073.45255000
2025-12-04T17:00:00+00:00,BTC/USDT,1h,92431.71000000,92536.00000000,91756.57000000,92426.76000000,1204.88261000
2025-12-04T18:00:00+00:00,BTC/USDT,1h,92426.77000000,92550.86000000,91890.32000000,92127.52000000,605.69240000
2025-12-04T19:00:00+00:00,BTC/USDT,1h,92127.53000000,92174.91000000,90889.00000000,91975.44000000,1976.68364000
2025-12-04T20:00:00+00:00,BTC/USDT,1h,91975.43000000,92532.42000000,91688.92000000,92476.25000000,812.83088000
2025-12-04T21:00:00+00:00,BTC/USDT,1h,92476.25000000,92718.53000000,92086.00000000,92158.23000000,581.65983000
2025-12-04T22:00:00+00:00,BTC/USDT,1h,92158.24000000,92497.25000000,92151.79000000,92348.78000000,231.66801000
2025-12-04T23:00:00+00:00,BTC/USDT,1h,92348.78000000,92461.03000000,92076.66000000,92078.06000000,188.68097000
2025-12-05T00:00:00+00:00,BTC/USDT,1h,92078.06000000,92474.00000000,92058.82000000,92299.08000000,300.89002000
2025-12-05T01:00:00+00:00,BTC/USDT,1h,92299.09000000,92600.00000000,92227.44000000,92358.03000000,512.17408000
2025-12-05T02:00:00+00:00,BTC/USDT,1h,92358.03000000,92692.36000000,92252.66000000,92518.40000000,403.18655000
2025-12-05T03:00:00+00:00,BTC/USDT,1h,92518.40000000,92665.56000000,91959.92000000,92142.75000000,535.04122000
2025-12-05T04:00:00+00:00,BTC/USDT,1h,92142.75000000,92386.31000000,91813.37000000,92028.14000000,507.97714000
2025-12-05T05:00:00+00:00,BTC/USDT,1h,92028.15000000,92204.69000000,91880.13000000,91932.85000000,239.31127000
2025-12-05T06:00:00+00:00,BTC/USDT,1h,91932.85000000,92286.77000000,91905.83000000,92275.26000000,277.29503000
2025-12-05T07:00:00+00:00,BTC/USDT,1h,92275.27000000,92497.51000000,92203.34000000,92258.65000000,362.60812000
2025-12-05T08:00:00+00:00,BTC/USDT,1h,92258.64000000,92258.65000000,91892.86000000,92112.04000000,447.11606000
2025-12-05T09:00:00+00:00,BTC/USDT,1h,92112.04000000,92112.04000000,90956.25000000,91128.56000000,1077.36085000
2025-12-05T10:00:00+00:00,BTC/USDT,1h,91128.55000000,91488.00000000,91083.87000000,91272.85000000,493.57021000
2025-12-05T11:00:00+00:00,BTC/USDT,1h,91272.85000000,91563.70000000,91128.40000000,91351.43000000,413.65104000
2025-12-05T12:00:00+00:00,BTC/USDT,1h,91351.44000000,91432.69000000,91081.57000000,91242.40000000,357.37789000
2025-12-05T13:00:00+00:00,BTC/USDT,1h,91242.40000000,91352.56000000,90215.51000000,90465.14000000,1524.52886000
2025-12-05T14:00:00+00:00,BTC/USDT,1h,90465.14000000,90744.24000000,89874.70000000,90287.67000000,1551.13670000
2025-12-05T15:00:00+00:00,BTC/USDT,1h,90287.67000000,91478.67000000,90258.24000000,90459.35000000,1911.11908000
2025-12-05T16:00:00+00:00,BTC/USDT,1h,90459.34000000,90498.59000000,88056.00000000,88810.89000000,3451.73023000
2025-12-05T17:00:00+00:00,BTC/USDT,1h,88810.88000000,89540.71000000,88607.25000000,89336.13000000,1157.12551000
2025-12-05T18:00:00+00:00,BTC/USDT,1h,89335.53000000,89795.59000000,88908.53000000,88936.04000000,857.04766000
2025-12-05T19:00:00+00:00,BTC/USDT,1h,88936.04000000,89800.00000000,88814.88000000,89629.26000000,1041.63454000
2025-12-05T20:00:00+00:00,BTC/USDT,1h,89629.27000000,89745.37000000,89181.91000000,89301.75000000,1024.68482000
2025-12-05T21:00:00+00:00,BTC/USDT,1h,89301.75000000,89484.00000000,89075.91000000,89177.68000000,695.18131000
2025-12-05T22:00:00+00:00,BTC/USDT,1h,89177.68000000,89376.03000000,88901.60000000,89232.47000000,401.94285000
2025-12-05T23:00:00+00:00,BTC/USDT,1h,89232.48000000,89383.46000000,88940.20000000,89330.04000000,249.28114000
2025-12-06T00:00:00+00:00,BTC/USDT,1h,89330.04000000,89466.34000000,89030.67000000,89422.25000000,286.14614000
2025-12-06T01:00:00+00:00,BTC/USDT,1h,89422.25000000,89500.00000000,89205.03000000,89333.83000000,226.80640000
2025-12-06T02:00:00+00:00,BTC/USDT,1h,89333.84000000,89404.00000000,89175.00000000,89390.90000000,233.24940000
2025-12-06T03:00:00+00:00,BTC/USDT,1h,89390.90000000,89806.43000000,89390.90000000,89688.35000000,784.83107000
2025-12-06T04:00:00+00:00,BTC/USDT,1h,89688.35000000,89721.76000000,89521.12000000,89659.01000000,185.11807000
2025-12-06T05:00:00+00:00,BTC/USDT,1h,89659.00000000,89740.00000000,89524.03000000,89604.98000000,147.31042000
2025-12-06T06:00:00+00:00,BTC/USDT,1h,89604.97000000,89764.19000000,89527.26000000,89688.65000000,140.21424000
2025-12-06T07:00:00+00:00,BTC/USDT,1h,89688.65000000,89720.00000000,89459.19000000,89597.13000000,296.88077000
2025-12-06T08:00:00+00:00,BTC/USDT,1h,89597.14000000,89647.12000000,89217.59000000,89277.14000000,423.86292000
2025-12-06T09:00:00+00:00,BTC/USDT,1h,89277.14000000,89669.13000000,89264.74000000,89574.12000000,336.18462000
2025-12-06T10:00:00+00:00,BTC/USDT,1h,89574.12000000,89687.86000000,89462.00000000,89506.00000000,175.95561000
2025-12-06T11:00:00+00:00,BTC/USDT,1h,89506.01000000,89750.01000000,89500.00000000,89631.28000000,568.70187000
2025-12-06T12:00:00+00:00,BTC/USDT,1h,89631.29000000,89648.96000000,89566.00000000,89581.19000000,256.02717000
2025-12-06T13:00:00+00:00,BTC/USDT,1h,89581.19000000,89788.56000000,89581.19000000,89673.73000000,252.86068000
2025-12-06T14:00:00+00:00,BTC/USDT,1h,89673.73000000,90289.97000000,89659.00000000,90004.76000000,1068.00125000
2025-12-06T15:00:00+00:00,BTC/USDT,1h,90004.76000000,90042.54000000,89490.98000000,89758.77000000,475.19156000
2025-12-06T16:00:00+00:00,BTC/USDT,1h,89758.77000000,89981.20000000,89680.34000000,89707.80000000,304.47551000
2025-12-06T17:00:00+00:00,BTC/USDT,1h,89707.80000000,89846.98000000,89615.38000000,89712.85000000,310.78613000
2025-12-06T18:00:00+00:00,BTC/USDT,1h,89712.85000000,89787.99000000,89529.90000000,89646.71000000,180.17034000
2025-12-06T19:00:00+00:00,BTC/USDT,1h,89646.70000000,89744.62000000,89077.60000000,89405.64000000,688.16416000
2025-12-06T20:00:00+00:00,BTC/USDT,1h,89405.65000000,89553.82000000,89311.99000000,89548.88000000,135.59159000
2025-12-06T21:00:00+00:00,BTC/USDT,1h,89548.88000000,89615.34000000,89390.01000000,89420.28000000,217.83026000
2025-12-06T22:00:00+00:00,BTC/USDT,1h,89420.29000000,89523.37000000,89257.48000000,89285.94000000,165.36534000
2025-12-06T23:00:00+00:00,BTC/USDT,1h,89285.93000000,89329.38000000,88908.01000000,89236.79000000,549.77464000
2025-12-07T00:00:00+00:00,BTC/USDT,1h,89236.80000000,89553.82000000,89176.52000000,89392.39000000,248.83948000
2025-12-07T01:00:00+00:00,BTC/USDT,1h,89392.39000000,89588.23000000,89300.00000000,89300.00000000,132.20570000
2025-12-07T02:00:00+00:00,BTC/USDT,1h,89300.00000000,89695.65000000,89300.00000000,89621.96000000,175.80697000
2025-12-07T03:00:00+00:00,BTC/USDT,1h,89621.95000000,89749.59000000,89553.81000000,89722.37000000,155.63502000
2025-12-07T04:00:00+00:00,BTC/USDT,1h,89722.37000000,89799.96000000,89487.41000000,89535.95000000,280.51949000
2025-12-07T05:00:00+00:00,BTC/USDT,1h,89535.94000000,89564.55000000,89427.00000000,89515.01000000,130.12741000
2025-12-07T06:00:00+00:00,BTC/USDT,1h,89515.01000000,89710.00000000,89488.28000000,89709.99000000,107.62861000
2025-12-07T07:00:00+00:00,BTC/USDT,1h,89710.00000000,89733.33000000,89200.00000000,89379.72000000,220.78651000
2025-12-07T08:00:00+00:00,BTC/USDT,1h,89379.73000000,89538.70000000,89190.97000000,89316.61000000,173.05781000
2025-12-07T09:00:00+00:00,BTC/USDT,1h,89316.61000000,89395.65000000,89050.01000000,89104.23000000,229.27162000
2025-12-07T10:00:00+00:00,BTC/USDT,1h,89104.23000000,89388.00000000,89103.97000000,89240.18000000,200.63018000
2025-12-07T11:00:00+00:00,BTC/USDT,1h,89240.18000000,89277.59000000,89141.87000000,89149.18000000,183.64055000
2025-12-07T12:00:00+00:00,BTC/USDT,1h,89149.18000000,89585.12000000,89111.40000000,89475.90000000,246.12366000
2025-12-07T13:00:00+00:00,BTC/USDT,1h,89475.90000000,89519.10000000,88652.00000000,89053.74000000,519.89031000
2025-12-07T14:00:00+00:00,BTC/USDT,1h,89053.74000000,89106.00000000,87719.28000000,88220.53000000,1908.61044000
2025-12-07T15:00:00+00:00,BTC/USDT,1h,88220.53000000,89707.54000000,88169.08000000,89554.52000000,1242.29675000
2025-12-07T16:00:00+00:00,BTC/USDT,1h,89554.52000000,89908.17000000,89115.85000000,89893.38000000,675.40594000
2025-12-07T17:00:00+00:00,BTC/USDT,1h,89893.39000000,91271.77000000,89624.00000000,90945.17000000,1918.39408000
2025-12-07T18:00:00+00:00,BTC/USDT,1h,90945.18000000,91760.00000000,90945.17000000,91363.78000000,996.37071000
2025-12-07T19:00:00+00:00,BTC/USDT,1h,91363.79000000,91545.95000000,91213.37000000,91425.52000000,248.14000000
2025-12-07T20:00:00+00:00,BTC/USDT,1h,91425.51000000,91510.40000000,91308.82000000,91439.04000000,186.94503000
2025-12-07T21:00:00+00:00,BTC/USDT,1h,91439.05000000,91439.05000000,89871.00000000,90231.32000000,807.41124000
2025-12-07T22:00:00+00:00,BTC/USDT,1h,90231.31000000,90241.80000000,88995.33000000,89597.03000000,1508.70162000
2025-12-07T23:00:00+00:00,BTC/USDT,1h,89597.03000000,90471.66000000,89522.08000000,90395.31000000,524.67272000
2025-12-08T00:00:00+00:00,BTC/USDT,1h,90395.32000000,90627.11000000,89860.00000000,90346.70000000,491.62319000
2025-12-08T01:00:00+00:00,BTC/USDT,1h,90346.70000000,91700.00000000,90301.86000000,90910.70000000,968.78312000
2025-12-08T02:00:00+00:00,BTC/USDT,1h,90910.70000000,91436.94000000,90811.25000000,91364.18000000,597.40749000
2025-12-08T03:00:00+00:00,BTC/USDT,1h,91364.18000000,91420.00000000,90988.91000000,91068.29000000,395.79035000
2025-12-08T04:00:00+00:00,BTC/USDT,1h,91068.30000000,91470.58000000,91023.06000000,91291.33000000,255.62144000
2025-12-08T05:00:00+00:00,BTC/USDT,1h,91291.33000000,91444.00000000,91037.43000000,91334.03000000,299.94508000
2025-12-08T06:00:00+00:00,BTC/USDT,1h,91334.04000000,91649.87000000,91241.27000000,91464.54000000,485.82587000
2025-12-08T07:00:00+00:00,BTC/USDT,1h,91464.54000000,91868.76000000,91360.00000000,91565.46000000,551.09583000
2025-12-08T08:00:00+00:00,BTC/USDT,1h,91565.46000000,91938.67000000,91486.46000000,91833.90000000,393.73282000
2025-12-08T09:00:00+00:00,BTC/USDT,1h,91833.89000000,92287.15000000,91792.38000000,91912.02000000,790.37467000
2025-12-08T10:00:00+00:00,BTC/USDT,1h,91912.02000000,92222.00000000,91808.09000000,92133.40000000,425.18961000
2025-12-08T11:00:00+00:00,BTC/USDT,1h,92133.39000000,92188.31000000,91851.08000000,91968.29000000,343.75755000
2025-12-08T12:00:00+00:00,BTC/USDT,1h,91968.29000000,91992.30000000,91653.94000000,91768.96000000,573.34646000
2025-12-08T13:00:00+00:00,BTC/USDT,1h,91768.97000000,92122.08000000,91301.45000000,91467.82000000,804.38449000
2025-12-08T14:00:00+00:00,BTC/USDT,1h,91467.83000000,91777.00000000,90790.00000000,90852.56000000,1807.88526000
2025-12-08T15:00:00+00:00,BTC/USDT,1h,90852.57000000,90998.95000000,89612.00000000,89961.37000000,2037.53824000
2025-12-08T16:00:00+00:00,BTC/USDT,1h,89961.36000000,90499.99000000,89679.79000000,89978.48000000,1042.18438000
2025-12-08T17:00:00+00:00,BTC/USDT,1h,89978.47000000,90339.36000000,89694.24000000,90257.98000000,645.64705000
2025-12-08T18:00:00+00:00,BTC/USDT,1h,90257.98000000,90527.30000000,89724.72000000,89921.68000000,559.47994000
2025-12-08T19:00:00+00:00,BTC/USDT,1h,89921.68000000,90366.39000000,89860.07000000,90124.48000000,342.53116000
2025-12-08T20:00:00+00:00,BTC/USDT,1h,90124.49000000,90917.23000000,90124.49000000,90799.92000000,565.06678000
2025-12-08T21:00:00+00:00,BTC/USDT,1h,90799.92000000,91374.00000000,90675.00000000,91316.01000000,579.83297000
2025-12-08T22:00:00+00:00,BTC/USDT,1h,91316.00000000,91373.69000000,90726.40000000,90833.86000000,391.90576000
2025-12-08T23:00:00+00:00,BTC/USDT,1h,90833.85000000,91026.52000000,90490.76000000,90634.34000000,444.68936000
2025-12-09T00:00:00+00:00,BTC/USDT,1h,90634.35000000,90846.26000000,90355.00000000,90396.73000000,288.37623000
2025-12-09T01:00:00+00:00,BTC/USDT,1h,90396.72000000,90569.98000000,89966.00000000,90055.80000000,537.66391000
2025-12-09T02:00:00+00:00,BTC/USDT,1h,90055.80000000,90368.00000000,89979.21000000,90068.20000000,312.17000000
2025-12-09T03:00:00+00:00,BTC/USDT,1h,90068.21000000,90442.77000000,89795.84000000,90405.01000000,1217.20174000
2025-12-09T04:00:00+00:00,BTC/USDT,1h,90405.02000000,90500.00000000,89737.47000000,89917.53000000,488.51951000
2025-12-09T05:00:00+00:00,BTC/USDT,1h,89917.52000000,90209.96000000,89500.00000000,89899.35000000,650.65388000
2025-12-09T06:00:00+00:00,BTC/USDT,1h,89899.35000000,90232.76000000,89775.67000000,90166.84000000,321.30432000
2025-12-09T07:00:00+00:00,BTC/USDT,1h,90166.85000000,90528.67000000,90091.56000000,90496.80000000,407.14103000
2025-12-09T08:00:00+00:00,BTC/USDT,1h,90496.80000000,90600.00000000,90366.35000000,90498.72000000,400.27808000
2025-12-09T09:00:00+00:00,BTC/USDT,1h,90498.72000000,90498.72000000,90129.21000000,90131.59000000,285.35023000
2025-12-09T10:00:00+00:00,BTC/USDT,1h,90131.60000000,90345.39000000,89912.48000000,90298.45000000,489.74956000
2025-12-09T11:00:00+00:00,BTC/USDT,1h,90298.44000000,90396.01000000,90140.02000000,90384.55000000,387.10655000
2025-12-09T12:00:00+00:00,BTC/USDT,1h,90384.54000000,90690.35000000,90331.00000000,90580.00000000,401.62507000
2025-12-09T13:00:00+00:00,BTC/USDT,1h,90580.01000000,90850.00000000,90174.66000000,90431.03000000,643.67225000
2025-12-09T14:00:00+00:00,BTC/USDT,1h,90431.02000000,90644.02000000,90004.73000000,90357.59000000,710.07225000
2025-12-09T15:00:00+00:00,BTC/USDT,1h,90357.60000000,92876.92000000,90288.10000000,92707.51000000,3162.30439000
2025-12-09T16:00:00+00:00,BTC/USDT,1h,92707.50000000,94488.64000000,92693.50000000,94187.81000000,4040.15610000
2025-12-09T17:00:00+00:00,BTC/USDT,1h,94187.81000000,94588.99000000,93538.93000000,93917.99000000,1823.80002000
2025-12-09T18:00:00+00:00,BTC/USDT,1h,93918.00000000,94178.31000000,93661.45000000,93920.48000000,704.49653000
2025-12-09T19:00:00+00:00,BTC/USDT,1h,93920.48000000,94225.00000000,93651.68000000,93800.83000000,735.99959000
2025-12-09T20:00:00+00:00,BTC/USDT,1h,93800.83000000,93857.47000000,92767.71000000,93116.76000000,1097.12749000
2025-12-09T21:00:00+00:00,BTC/USDT,1h,93116.76000000,93243.12000000,92254.92000000,92640.00000000,879.12299000
2025-12-09T22:00:00+00:00,BTC/USDT,1h,92640.01000000,93045.89000000,92506.67000000,92884.00000000,731.02631000
2025-12-09T23:00:00+00:00,BTC/USDT,1h,92884.00000000,92977.98000000,92550.00000000,92678.80000000,525.51211000
2025-12-10T00:00:00+00:00,BTC/USDT,1h,92678.81000000,92786.35000000,92061.00000000,92130.81000000,598.49502000
2025-12-10T01:00:00+00:00,BTC/USDT,1h,92130.82000000,92400.00000000,91976.00000000,92316.36000000,529.89686000
2025-12-10T02:00:00+00:00,BTC/USDT,1h,92316.35000000,92570.54000000,92027.89000000,92495.68000000,611.21334000
2025-12-10T03:00:00+00:00,BTC/USDT,1h,92495.89000000,92553.23000000,92348.66000000,92410.62000000,257.39408000
2025-12-10T04:00:00+00:00,BTC/USDT,1h,92410.62000000,92659.99000000,92386.83000000,92552.62000000,310.96334000
2025-12-10T05:00:00+00:00,BTC/USDT,1h,92552.63000000,92725.00000000,92517.53000000,92556.28000000,373.62942000
2025-12-10T06:00:00+00:00,BTC/USDT,1h,92556.28000000,92757.58000000,92396.24000000,92700.00000000,314.97149000
2025-12-10T07:00:00+00:00,BTC/USDT,1h,92700.01000000,92782.92000000,92500.00000000,92782.91000000,364.28563000
2025-12-10T08:00:00+00:00,BTC/USDT,1h,92782.91000000,92790.00000000,92549.81000000,92605.00000000,321.85602000
2025-12-10T09:00:00+00:00,BTC/USDT,1h,92604.99000000,92972.07000000,92439.40000000,92920.01000000,472.03746000
2025-12-10T10:00:00+00:00,BTC/USDT,1h,92920.00000000,93291.50000000,92135.09000000,92272.66000000,859.47741000
2025-12-10T11:00:00+00:00,BTC/USDT,1h,92272.66000000,92438.98000000,91763.69000000,92120.45000000,969.68906000
2025-12-10T12:00:00+00:00,BTC/USDT,1h,92120.45000000,92216.55000000,91815.35000000,91987.22000000,467.90168000
2025-12-10T13:00:00+00:00,BTC/USDT,1h,91987.22000000,92226.00000000,91939.42000000,92093.66000000,432.08812000
2025-12-10T14:00:00+00:00,BTC/USDT,1h,92093.65000000,92112.57000000,91600.81000000,91831.24000000,883.60779000
2025-12-10T15:00:00+00:00,BTC/USDT,1h,91831.24000000,92149.06000000,91563.15000000,92063.69000000,739.55204000
2025-12-10T16:00:00+00:00,BTC/USDT,1h,92063.69000000,92595.11000000,91899.10000000,92174.11000000,785.95701000
2025-12-10T17:00:00+00:00,BTC/USDT,1h,92174.11000000,92515.82000000,92102.44000000,92396.23000000,598.06235000
2025-12-10T18:00:00+00:00,BTC/USDT,1h,92396.23000000,93056.00000000,92000.00000000,92503.48000000,870.70118000
2025-12-10T19:00:00+00:00,BTC/USDT,1h,92503.49000000,93243.59000000,91684.39000000,92957.67000000,3165.76426000
2025-12-10T20:00:00+00:00,BTC/USDT,1h,92957.67000000,94476.00000000,92259.25000000,92453.89000000,3153.97141000
2025-12-10T21:00:00+00:00,BTC/USDT,1h,92453.89000000,92777.34000000,91878.00000000,92356.38000000,1001.00392000
2025-12-10T22:00:00+00:00,BTC/USDT,1h,92356.39000000,92695.31000000,91954.54000000,92509.94000000,585.06287000
2025-12-10T23:00:00+00:00,BTC/USDT,1h,92509.94000000,92593.96000000,91942.56000000,92015.37000000,331.09907000
2025-12-11T00:00:00+00:00,BTC/USDT,1h,92015.38000000,92080.32000000,91051.00000000,91386.17000000,916.87916000
2025-12-11T01:00:00+00:00,BTC/USDT,1h,91386.17000000,91407.04000000,90658.24000000,90674.74000000,818.48242000
2025-12-11T02:00:00+00:00,BTC/USDT,1h,90674.75000000,90674.75000000,89876.81000000,90074.00000000,1250.21688000
2025-12-11T03:00:00+00:00,BTC/USDT,1h,90073.99000000,90074.01000000,89389.63000000,89880.01000000,1095.56844000
2025-12-11T04:00:00+00:00,BTC/USDT,1h,89880.00000000,90480.14000000,89694.81000000,90436.55000000,943.40562000
2025-12-11T05:00:00+00:00,BTC/USDT,1h,90436.55000000,90436.56000000,90048.20000000,90316.72000000,404.63689000
2025-12-11T06:00:00+00:00,BTC/USDT,1h,90316.72000000,90450.97000000,89975.89000000,90301.35000000,525.01502000
2025-12-11T07:00:00+00:00,BTC/USDT,1h,90301.35000000,90333.49000000,90088.00000000,90272.75000000,372.27346000
2025-12-11T08:00:00+00:00,BTC/USDT,1h,90272.76000000,90272.76000000,89971.11000000,90183.71000000,511.95493000
2025-12-11T09:00:00+00:00,BTC/USDT,1h,90183.71000000,90504.19000000,90123.01000000,90234.19000000,439.70575000
2025-12-11T10:00:00+00:00,BTC/USDT,1h,90234.19000000,90352.59000000,90172.61000000,90320.15000000,273.39760000
2025-12-11T11:00:00+00:00,BTC/USDT,1h,90320.15000000,90417.30000000,90210.44000000,90242.35000000,278.90060000
2025-12-11T12:00:00+00:00,BTC/USDT,1h,90242.36000000,90377.63000000,90006.01000000,90032.31000000,428.00948000
2025-12-11T13:00:00+00:00,BTC/USDT,1h,90032.31000000,90169.26000000,89870.00000000,90103.53000000,567.79082000
2025-12-11T14:00:00+00:00,BTC/USDT,1h,90103.53000000,90482.01000000,89260.63000000,89545.24000000,1363.14038000
2025-12-11T15:00:00+00:00,BTC/USDT,1h,89545.23000000,90653.33000000,89406.79000000,89872.51000000,1182.11834000
2025-12-11T16:00:00+00:00,BTC/USDT,1h,89872.51000000,90178.04000000,89333.00000000,89737.11000000,842.22519000
2025-12-11T17:00:00+00:00,BTC/USDT,1h,89737.11000000,90260.00000000,89627.74000000,89983.23000000,670.94481000
2025-12-11T18:00:00+00:00,BTC/USDT,1h,89983.23000000,91197.70000000,89891.87000000,90710.50000000,1286.99073000
2025-12-11T19:00:00+00:00,BTC/USDT,1h,90710.50000000,91538.26000000,90592.14000000,90839.81000000,843.83016000
2025-12-11T20:00:00+00:00,BTC/USDT,1h,90839.81000000,91831.20000000,90797.76000000,91792.99000000,787.89331000
2025-12-11T21:00:00+00:00,BTC/USDT,1h,91792.98000000,93555.00000000,91706.06000000,92858.39000000,2439.34782000
2025-12-11T22:00:00+00:00,BTC/USDT,1h,92858.40000000,93195.84000000,92068.90000000,92352.00000000,976.14915000
2025-12-11T23:00:00+00:00,BTC/USDT,1h,92352.00000000,92800.00000000,92337.91000000,92513.38000000,753.71062000
2025-12-12T00:00:00+00:00,BTC/USDT,1h,92513.38000000,92651.93000000,91448.31000000,91573.88000000,787.76417000
2025-12-12T01:00:00+00:00,BTC/USDT,1h,91573.88000000,92314.69000000,91532.16000000,92170.00000000,490.58557000
2025-12-12T02:00:00+00:00,BTC/USDT,1h,92170.00000000,92748.98000000,91927.27000000,92588.79000000,586.94037000
2025-12-12T03:00:00+00:00,BTC/USDT,1h,92588.79000000,92754.00000000,92178.37000000,92283.40000000,299.42318000
2025-12-12T04:00:00+00:00,BTC/USDT,1h,92283.40000000,92462.02000000,92114.99000000,92396.69000000,511.34339000
2025-12-12T05:00:00+00:00,BTC/USDT,1h,92396.69000000,92500.00000000,92078.91000000,92444.42000000,312.09266000
2025-12-12T06:00:00+00:00,BTC/USDT,1h,92444.41000000,92720.00000000,92400.00000000,92513.34000000,346.60354000
2025-12-12T07:00:00+00:00,BTC/USDT,1h,92513.34000000,92565.83000000,92257.80000000,92425.34000000,324.16244000
2025-12-12T08:00:00+00:00,BTC/USDT,1h,92425.33000000,92487.25000000,92044.80000000,92342.39000000,626.20872000
2025-12-12T09:00:00+00:00,BTC/USDT,1h,92342.38000000,92553.33000000,92094.00000000,92520.56000000,361.00119000
2025-12-12T10:00:00+00:00,BTC/USDT,1h,92520.56000000,92650.01000000,92408.33000000,92492.32000000,429.06609000
2025-12-12T11:00:00+00:00,BTC/USDT,1h,92492.32000000,92492.33000000,92275.86000000,92418.19000000,207.72939000
2025-12-12T12:00:00+00:00,BTC/USDT,1h,92418.19000000,92420.00000000,92070.55000000,92419.99000000,537.64944000
2025-12-12T13:00:00+00:00,BTC/USDT,1h,92420.00000000,92531.38000000,92240.14000000,92302.79000000,478.10614000
2025-12-12T14:00:00+00:00,BTC/USDT,1h,92302.79000000,92660.74000000,91903.34000000,92444.00000000,1038.44620000
2025-12-12T15:00:00+00:00,BTC/USDT,1h,92444.00000000,92445.94000000,89780.00000000,89935.14000000,3505.93103000
2025-12-12T16:00:00+00:00,BTC/USDT,1h,89935.13000000,90441.17000000,89480.00000000,90046.54000000,2093.36319000
2025-12-12T17:00:00+00:00,BTC/USDT,1h,90046.53000000,90623.72000000,89826.75000000,90083.09000000,1168.98586000
2025-12-12T18:00:00+00:00,BTC/USDT,1h,90083.09000000,90666.00000000,90044.93000000,90372.00000000,894.36594000
2025-12-12T19:00:00+00:00,BTC/USDT,1h,90372.00000000,90399.99000000,90017.05000000,90198.22000000,502.61326000
2025-12-12T20:00:00+00:00,BTC/USDT,1h,90198.23000000,90334.77000000,89898.61000000,90214.08000000,503.97114000
2025-12-12T21:00:00+00:00,BTC/USDT,1h,90214.08000000,90345.94000000,90100.00000000,90193.94000000,320.83820000
2025-12-12T22:00:00+00:00,BTC/USDT,1h,90193.94000000,90395.53000000,90184.92000000,90335.92000000,184.26184000
2025-12-12T23:00:00+00:00,BTC/USDT,1h,90335.93000000,90404.13000000,90233.16000000,90268.42000000,167.73874000
2025-12-13T00:00:00+00:00,BTC/USDT,1h,90268.43000000,90444.28000000,90207.20000000,90323.01000000,184.81820000
2025-12-13T01:00:00+00:00,BTC/USDT,1h,90323.01000000,90359.32000000,90120.00000000,90229.91000000,171.54055000
2025-12-13T02:00:00+00:00,BTC/USDT,1h,90229.92000000,90318.00000000,90221.98000000,90232.77000000,158.12998000
2025-12-13T03:00:00+00:00,BTC/USDT,1h,90232.77000000,90469.71000000,90205.52000000,90345.54000000,134.27456000
2025-12-13T04:00:00+00:00,BTC/USDT,1h,90345.55000000,90410.50000000,90268.91000000,90371.81000000,120.09938000
2025-12-13T05:00:00+00:00,BTC/USDT,1h,90371.81000000,90387.51000000,90269.00000000,90342.91000000,103.66062000
2025-12-13T06:00:00+00:00,BTC/USDT,1h,90342.92000000,90380.00000000,90270.65000000,90351.45000000,106.97274000
2025-12-13T07:00:00+00:00,BTC/USDT,1h,90351.45000000,90400.00000000,90318.56000000,90329.97000000,120.80251000
2025-12-13T08:00:00+00:00,BTC/USDT,1h,90329.98000000,90575.28000000,90318.67000000,90458.19000000,326.23501000
2025-12-13T09:00:00+00:00,BTC/USDT,1h,90458.20000000,90513.53000000,90387.99000000,90422.57000000,164.09529000
2025-12-13T10:00:00+00:00,BTC/USDT,1h,90422.57000000,90634.55000000,90418.49000000,90595.13000000,395.80418000
2025-12-13T11:00:00+00:00,BTC/USDT,1h,90595.14000000,90612.32000000,90290.00000000,90330.36000000,639.73871000
2025-12-13T12:00:00+00:00,BTC/USDT,1h,90330.36000000,90470.30000000,90276.13000000,90341.05000000,491.58704000
2025-12-13T13:00:00+00:00,BTC/USDT,1h,90341.05000000,90450.00000000,90194.34000000,90245.87000000,344.68696000
2025-12-13T14:00:00+00:00,BTC/USDT,1h,90245.88000000,90331.74000000,89932.99000000,90079.70000000,600.45706000
2025-12-13T15:00:00+00:00,BTC/USDT,1h,90079.71000000,90289.60000000,90031.38000000,90092.16000000,470.25787000
2025-12-13T16:00:00+00:00,BTC/USDT,1h,90092.17000000,90268.13000000,90025.65000000,90087.28000000,226.25798000
2025-12-13T17:00:00+00:00,BTC/USDT,1h,90087.28000000,90102.08000000,89981.00000000,90052.61000000,193.07435000
2025-12-13T18:00:00+00:00,BTC/USDT,1h,90052.61000000,90184.34000000,90047.40000000,90119.89000000,145.63725000
2025-12-13T19:00:00+00:00,BTC/USDT,1h,90119.90000000,90224.80000000,90109.62000000,90178.16000000,110.26780000
2025-12-13T20:00:00+00:00,BTC/USDT,1h,90178.17000000,90209.56000000,90037.57000000,90088.31000000,107.22878000
2025-12-13T21:00:00+00:00,BTC/USDT,1h,90088.31000000,90184.59000000,89766.39000000,90175.97000000,284.30101000
2025-12-13T22:00:00+00:00,BTC/USDT,1h,90175.97000000,90250.00000000,89997.14000000,90140.10000000,154.46161000
2025-12-13T23:00:00+00:00,BTC/USDT,1h,90140.10000000,90280.76000000,90051.02000000,90240.01000000,141.31844000
2025-12-14T00:00:00+00:00,BTC/USDT,1h,90240.00000000,90472.40000000,90117.05000000,90340.00000000,291.19891000
2025-12-14T01:00:00+00:00,BTC/USDT,1h,90340.00000000,90442.00000000,90208.00000000,90293.29000000,137.11035000
2025-12-14T02:00:00+00:00,BTC/USDT,1h,90293.29000000,90384.00000000,90240.01000000,90290.17000000,156.14118000
2025-12-14T03:00:00+00:00,BTC/USDT,1h,90290.18000000,90303.08000000,90245.60000000,90258.98000000,126.49087000
2025-12-14T04:00:00+00:00,BTC/USDT,1h,90258.99000000,90329.24000000,90127.99000000,90201.50000000,114.76912000
2025-12-14T05:00:00+00:00,BTC/USDT,1h,90201.50000000,90228.66000000,90050.74000000,90199.06000000,171.78190000
2025-12-14T06:00:00+00:00,BTC/USDT,1h,90199.06000000,90245.34000000,90092.86000000,90145.26000000,269.90290000
2025-12-14T07:00:00+00:00,BTC/USDT,1h,90145.27000000,90279.42000000,90072.97000000,90245.60000000,133.38192000
2025-12-14T08:00:00+00:00,BTC/USDT,1h,90245.60000000,90280.01000000,90108.27000000,90108.28000000,116.07960000
2025-12-14T09:00:00+00:00,BTC/USDT,1h,90108.28000000,90151.02000000,90001.10000000,90020.06000000,187.97686000
2025-12-14T10:00:00+00:00,BTC/USDT,1h,90020.07000000,90136.22000000,89785.00000000,89853.69000000,322.19368000
2025-12-14T11:00:00+00:00,BTC/USDT,1h,89853.69000000,89853.70000000,88687.27000000,89360.00000000,1409.87783000
2025-12-14T12:00:00+00:00,BTC/USDT,1h,89360.01000000,89666.00000000,89101.00000000,89431.65000000,410.39848000
2025-12-14T13:00:00+00:00,BTC/USDT,1h,89431.66000000,89500.00000000,89088.00000000,89489.50000000,410.01233000
2025-12-14T14:00:00+00:00,BTC/USDT,1h,89489.51000000,89556.83000000,88884.26000000,89118.04000000,568.79065000
2025-12-14T15:00:00+00:00,BTC/USDT,1h,89118.04000000,89176.69000000,88882.66000000,89022.91000000,340.50491000
2025-12-14T16:00:00+00:00,BTC/USDT,1h,89022.92000000,89398.71000000,88531.34000000,88836.98000000,723.59164000
2025-12-14T17:00:00+00:00,BTC/USDT,1h,88836.99000000,89032.39000000,88606.73000000,88810.67000000,407.92480000
2025-12-14T18:00:00+00:00,BTC/USDT,1h,88810.67000000,89073.18000000,88722.19000000,88997.28000000,248.72689000
2025-12-14T19:00:00+00:00,BTC/USDT,1h,88997.27000000,88997.28000000,88497.02000000,88644.88000000,304.96489000
2025-12-14T20:00:00+00:00,BTC/USDT,1h,88644.88000000,88827.71000000,88356.90000000,88558.97000000,585.18797000
2025-12-14T21:00:00+00:00,BTC/USDT,1h,88558.97000000,88714.66000000,88345.94000000,88443.85000000,309.77088000
2025-12-14T22:00:00+00:00,BTC/USDT,1h,88443.85000000,88605.06000000,88017.00000000,88415.29000000,614.71972000
2025-12-14T23:00:00+00:00,BTC/USDT,1h,88415.29000000,88609.22000000,87577.36000000,88172.17000000,1055.44176000
2025-12-15T00:00:00+00:00,BTC/USDT,1h,88172.16000000,88692.30000000,88074.37000000,88465.90000000,626.14158000
2025-12-15T01:00:00+00:00,BTC/USDT,1h,88465.90000000,89338.01000000,88428.07000000,89242.32000000,767.16149000
2025-12-15T02:00:00+00:00,BTC/USDT,1h,89242.33000000,90052.64000000,89235.72000000,89321.85000000,985.65880000
2025-12-15T03:00:00+00:00,BTC/USDT,1h,89321.85000000,89543.88000000,89225.91000000,89282.60000000,320.69878000
2025-12-15T04:00:00+00:00,BTC/USDT,1h,89282.60000000,89786.89000000,89272.88000000,89667.64000000,408.51835000
2025-12-15T05:00:00+00:00,BTC/USDT,1h,89667.64000000,89749.47000000,89492.00000000,89615.24000000,221.82498000
2025-12-15T06:00:00+00:00,BTC/USDT,1h,89615.25000000,89918.48000000,89476.98000000,89735.88000000,262.41654000
2025-12-15T07:00:00+00:00,BTC/USDT,1h,89735.89000000,89824.47000000,89516.00000000,89753.42000000,424.17802000
2025-12-15T08:00:00+00:00,BTC/USDT,1h,89753.43000000,89900.00000000,89655.52000000,89770.01000000,250.02319000
2025-12-15T09:00:00+00:00,BTC/USDT,1h,89770.00000000,89986.68000000,89770.00000000,89865.12000000,310.45690000
2025-12-15T10:00:00+00:00,BTC/USDT,1h,89865.13000000,89981.64000000,89717.34000000,89858.95000000,470.70514000
2025-12-15T11:00:00+00:00,BTC/USDT,1h,89858.96000000,89900.00000000,89572.05000000,89641.28000000,493.20463000
2025-12-15T12:00:00+00:00,BTC/USDT,1h,89641.28000000,89762.56000000,89431.52000000,89695.75000000,392.24774000
2025-12-15T13:00:00+00:00,BTC/USDT,1h,89695.76000000,89736.90000000,89274.44000000,89432.00000000,415.38225000
2025-12-15T14:00:00+00:00,BTC/USDT,1h,89432.01000000,89876.42000000,87840.00000000,88050.01000000,1787.73645000
2025-12-15T15:00:00+00:00,BTC/USDT,1h,88050.00000000,88184.28000000,86621.91000000,87033.22000000,3292.66278000
2025-12-15T16:00:00+00:00,BTC/USDT,1h,87033.21000000,87220.00000000,86062.67000000,86400.01000000,1613.22350000
2025-12-15T17:00:00+00:00,BTC/USDT,1h,86400.00000000,86496.89000000,85599.99000000,85762.87000000,1557.38170000
2025-12-15T18:00:00+00:00,BTC/USDT,1h,85762.86000000,86272.23000000,85146.64000000,86185.39000000,1482.06005000
2025-12-15T19:00:00+00:00,BTC/USDT,1h,86185.40000000,86560.40000000,85880.00000000,86149.96000000,1136.56389000
2025-12-15T20:00:00+00:00,BTC/USDT,1h,86149.96000000,86199.63000000,85610.88000000,85787.04000000,692.94245000
2025-12-15T21:00:00+00:00,BTC/USDT,1h,85787.04000000,86307.36000000,85530.01000000,86243.78000000,691.57648000
2025-12-15T22:00:00+00:00,BTC/USDT,1h,86243.77000000,86259.32000000,85827.98000000,86259.31000000,440.84932000
2025-12-15T23:00:00+00:00,BTC/USDT,1h,86259.32000000,86472.70000000,86103.67000000,86432.08000000,735.07689000
2025-12-16T00:00:00+00:00,BTC/USDT,1h,86432.08000000,86535.22000000,85836.60000000,85865.48000000,556.05003000
2025-12-16T01:00:00+00:00,BTC/USDT,1h,85865.49000000,86169.62000000,85651.92000000,85891.02000000,527.35929000
2025-12-16T02:00:00+00:00,BTC/USDT,1h,85891.02000000,86227.99000000,85800.00000000,85944.01000000,492.40216000
2025-12-16T03:00:00+00:00,BTC/USDT,1h,85944.01000000,86019.76000000,85386.00000000,85875.92000000,697.04602000
2025-12-16T04:00:00+00:00,BTC/USDT,1h,85875.91000000,85925.77000000,85266.00000000,85838.51000000,611.35109000
2025-12-16T05:00:00+00:00,BTC/USDT,1h,85838.50000000,86200.00000000,85812.61000000,86028.11000000,355.99172000
2025-12-16T06:00:00+00:00,BTC/USDT,1h,86028.12000000,86611.69000000,86028.12000000,86508.00000000,522.68260000
2025-12-16T07:00:00+00:00,BTC/USDT,1h,86508.01000000,86615.38000000,85850.00000000,86021.51000000,943.04227000
2025-12-16T08:00:00+00:00,BTC/USDT,1h,86021.51000000,86380.00000000,85930.97000000,86281.18000000,426.54563000
2025-12-16T09:00:00+00:00,BTC/USDT,1h,86281.17000000,86426.07000000,86201.10000000,86350.00000000,366.58293000
2025-12-16T10:00:00+00:00,BTC/USDT,1h,86350.00000000,87327.70000000,86275.06000000,86980.01000000,956.84103000
2025-12-16T11:00:00+00:00,BTC/USDT,1h,86980.01000000,87330.00000000,86820.00000000,87261.45000000,667.27630000
2025-12-16T12:00:00+00:00,BTC/USDT,1h,87261.46000000,87480.00000000,87077.41000000,87212.98000000,861.57452000
2025-12-16T13:00:00+00:00,BTC/USDT,1h,87212.98000000,87786.88000000,86410.01000000,86443.02000000,2144.73917000
2025-12-16T14:00:00+00:00,BTC/USDT,1h,86443.02000000,87763.92000000,86107.43000000,87297.99000000,1799.42456000
2025-12-16T15:00:00+00:00,BTC/USDT,1h,87298.00000000,88175.98000000,86839.35000000,87977.43000000,1924.39377000
2025-12-16T16:00:00+00:00,BTC/USDT,1h,87977.44000000,88050.17000000,87333.08000000,87588.26000000,1300.81662000
2025-12-16T17:00:00+00:00,BTC/USDT,1h,87588.26000000,87844.01000000,87093.79000000,87131.99000000,779.27901000
2025-12-16T18:00:00+00:00,BTC/USDT,1h,87132.00000000,88019.88000000,87061.23000000,87781.35000000,863.99314000
2025-12-16T19:00:00+00:00,BTC/USDT,1h,87781.35000000,87800.00000000,87294.11000000,87585.77000000,553.66943000
2025-12-16T20:00:00+00:00,BTC/USDT,1h,87585.76000000,87836.47000000,87343.75000000,87573.23000000,378.71665000
2025-12-16T21:00:00+00:00,BTC/USDT,1h,87573.22000000,87906.29000000,87496.05000000,87768.59000000,268.86536000
2025-12-16T22:00:00+00:00,BTC/USDT,1h,87768.60000000,87931.48000000,87636.37000000,87783.34000000,255.64480000
2025-12-16T23:00:00+00:00,BTC/USDT,1h,87783.35000000,87874.66000000,87602.34000000,87863.42000000,201.76207000
2025-12-17T00:00:00+00:00,BTC/USDT,1h,87863.43000000,87863.43000000,87426.06000000,87537.21000000,344.84512000
2025-12-17T01:00:00+00:00,BTC/USDT,1h,87537.22000000,87950.00000000,87489.12000000,87552.30000000,293.20917000
2025-12-17T02:00:00+00:00,BTC/USDT,1h,87552.30000000,87587.14000000,87188.37000000,87483.04000000,275.84035000
2025-12-17T03:00:00+00:00,BTC/USDT,1h,87483.04000000,87615.27000000,87150.01000000,87213.59000000,265.75670000
2025-12-17T04:00:00+00:00,BTC/USDT,1h,87213.60000000,87398.54000000,86721.86000000,86752.26000000,378.79516000
2025-12-17T05:00:00+00:00,BTC/USDT,1h,86752.27000000,86756.74000000,86209.11000000,86626.39000000,634.29318000
2025-12-17T06:00:00+00:00,BTC/USDT,1h,86626.40000000,87005.27000000,86587.82000000,86777.98000000,454.66393000
2025-12-17T07:00:00+00:00,BTC/USDT,1h,86777.98000000,87169.37000000,86593.55000000,87045.59000000,627.05868000
2025-12-17T08:00:00+00:00,BTC/USDT,1h,87045.59000000,87045.59000000,86326.80000000,86395.66000000,456.87442000
2025-12-17T09:00:00+00:00,BTC/USDT,1h,86395.67000000,86615.38000000,86262.85000000,86417.46000000,334.04163000
2025-12-17T10:00:00+00:00,BTC/USDT,1h,86417.45000000,86837.63000000,86238.91000000,86624.49000000,386.26358000
2025-12-17T11:00:00+00:00,BTC/USDT,1h,86624.50000000,87137.42000000,86565.23000000,86983.26000000,504.05307000
2025-12-17T12:00:00+00:00,BTC/USDT,1h,86983.26000000,87215.97000000,86828.00000000,87029.55000000,620.91109000
2025-12-17T13:00:00+00:00,BTC/USDT,1h,87029.56000000,87860.00000000,86817.27000000,87631.37000000,984.05009000
2025-12-17T14:00:00+00:00,BTC/USDT,1h,87631.37000000,89685.17000000,87161.39000000,89675.85000000,2426.70710000
2025-12-17T15:00:00+00:00,BTC/USDT,1h,89675.85000000,90365.85000000,87136.97000000,87233.44000000,4100.60903000
2025-12-17T16:00:00+00:00,BTC/USDT,1h,87233.44000000,87769.23000000,86166.66000000,86986.51000000,2213.28706000
2025-12-17T17:00:00+00:00,BTC/USDT,1h,86986.50000000,87103.44000000,86265.15000000,86427.12000000,812.72770000
2025-12-17T18:00:00+00:00,BTC/USDT,1h,86427.12000000,86850.64000000,85662.46000000,85829.22000000,910.41728000
2025-12-17T19:00:00+00:00,BTC/USDT,1h,85829.25000000,86195.38000000,85314.00000000,86018.53000000,1109.18442000
2025-12-17T20:00:00+00:00,BTC/USDT,1h,86018.53000000,86252.16000000,85644.09000000,85891.18000000,709.05939000
2025-12-17T21:00:00+00:00,BTC/USDT,1h,85890.36000000,86049.17000000,85700.00000000,85982.88000000,262.46393000
2025-12-17T22:00:00+00:00,BTC/USDT,1h,85982.88000000,86431.14000000,85888.20000000,86339.09000000,477.50595000
2025-12-17T23:00:00+00:00,BTC/USDT,1h,86339.10000000,86340.60000000,85950.00000000,86243.22000000,251.49926000
2025-12-18T00:00:00+00:00,BTC/USDT,1h,86243.23000000,86313.71000000,86056.56000000,86230.74000000,267.87743000
2025-12-18T01:00:00+00:00,BTC/USDT,1h,86230.74000000,86242.15000000,85863.93000000,86119.21000000,322.24363000
2025-12-18T02:00:00+00:00,BTC/USDT,1h,86119.27000000,86863.75000000,86011.20000000,86699.64000000,501.47272000
2025-12-18T03:00:00+00:00,BTC/USDT,1h,86699.64000000,86699.64000000,86270.59000000,86618.34000000,624.40718000
2025-12-18T04:00:00+00:00,BTC/USDT,1h,86618.35000000,86901.40000000,86607.34000000,86765.43000000,404.83110000
2025-12-18T05:00:00+00:00,BTC/USDT,1h,86765.44000000,86768.78000000,86384.61000000,86440.90000000,380.26204000
2025-12-18T06:00:00+00:00,BTC/USDT,1h,86440.90000000,86660.61000000,86411.62000000,86645.93000000,241.79517000
2025-12-18T07:00:00+00:00,BTC/USDT,1h,86645.93000000,86863.75000000,86593.07000000,86833.84000000,524.31368000
2025-12-18T08:00:00+00:00,BTC/USDT,1h,86833.83000000,87126.22000000,86685.14000000,86978.98000000,699.07640000
2025-12-18T09:00:00+00:00,BTC/USDT,1h,86978.98000000,87392.43000000,86803.06000000,87280.95000000,575.12681000
2025-12-18T10:00:00+00:00,BTC/USDT,1h,87280.95000000,87453.63000000,87213.27000000,87341.95000000,387.02725000
2025-12-18T11:00:00+00:00,BTC/USDT,1h,87342.00000000,87356.81000000,87067.26000000,87300.74000000,233.58665000
2025-12-18T12:00:00+00:00,BTC/USDT,1h,87300.50000000,87428.00000000,87109.76000000,87259.99000000,364.92164000
2025-12-18T13:00:00+00:00,BTC/USDT,1h,87259.99000000,89203.23000000,87259.99000000,88851.70000000,2595.36979000
2025-12-18T14:00:00+00:00,BTC/USDT,1h,88851.70000000,89477.61000000,87727.25000000,88345.20000000,2494.91228000
2025-12-18T15:00:00+00:00,BTC/USDT,1h,88345.19000000,89362.79000000,87966.24000000,88513.44000000,1859.88413000
2025-12-18T16:00:00+00:00,BTC/USDT,1h,88513.43000000,88533.61000000,87852.00000000,88014.00000000,962.80719000
2025-12-18T17:00:00+00:00,BTC/USDT,1h,88014.00000000,88022.63000000,85481.22000000,86483.56000000,2784.29449000
2025-12-18T18:00:00+00:00,BTC/USDT,1h,86483.56000000,86889.04000000,85720.00000000,85970.00000000,1482.84371000
2025-12-18T19:00:00+00:00,BTC/USDT,1h,85970.00000000,86010.00000000,84481.31000000,84483.79000000,4102.16356000
2025-12-18T20:00:00+00:00,BTC/USDT,1h,84483.80000000,85268.41000000,84450.01000000,84582.65000000,1888.57496000
2025-12-18T21:00:00+00:00,BTC/USDT,1h,84582.64000000,85835.90000000,84559.21000000,85630.95000000,999.89541000
2025-12-18T22:00:00+00:00,BTC/USDT,1h,85630.96000000,85750.85000000,85288.01000000,85582.88000000,409.43501000
2025-12-18T23:00:00+00:00,BTC/USDT,1h,85582.89000000,85619.99000000,85322.07000000,85516.41000000,298.29540000
2025-12-19T00:00:00+00:00,BTC/USDT,1h,85516.41000000,85604.88000000,85295.20000000,85604.88000000,318.70597000
2025-12-19T01:00:00+00:00,BTC/USDT,1h,85604.88000000,85604.88000000,85110.24000000,85320.43000000,357.58384000
2025-12-19T02:00:00+00:00,BTC/USDT,1h,85320.42000000,85929.06000000,85135.39000000,85643.44000000,554.49887000
2025-12-19T03:00:00+00:00,BTC/USDT,1h,85643.44000000,87568.99000000,85610.47000000,86891.39000000,2080.88033000
2025-12-19T04:00:00+00:00,BTC/USDT,1h,86891.39000000,87380.00000000,86846.15000000,87103.34000000,691.06624000
2025-12-19T05:00:00+00:00,BTC/USDT,1h,87103.34000000,87223.98000000,86647.51000000,87139.95000000,797.75888000
2025-12-19T06:00:00+00:00,BTC/USDT,1h,87139.95000000,87484.00000000,86907.80000000,87483.41000000,424.48329000
2025-12-19T07:00:00+00:00,BTC/USDT,1h,87483.41000000,88449.06000000,87473.53000000,87953.40000000,1800.28697000
2025-12-19T08:00:00+00:00,BTC/USDT,1h,87953.39000000,88222.00000000,87742.60000000,88102.78000000,559.50769000
2025-12-19T09:00:00+00:00,BTC/USDT,1h,88102.78000000,88165.27000000,87898.36000000,88105.03000000,362.43771000
2025-12-19T10:00:00+00:00,BTC/USDT,1h,88105.03000000,88341.29000000,87921.41000000,88267.09000000,527.07869000
2025-12-19T11:00:00+00:00,BTC/USDT,1h,88267.09000000,88385.06000000,88138.51000000,88198.70000000,348.79773000
2025-12-19T12:00:00+00:00,BTC/USDT,1h,88198.70000000,88280.06000000,87846.03000000,87855.92000000,788.49881000
2025-12-19T13:00:00+00:00,BTC/USDT,1h,87855.92000000,88220.41000000,87825.19000000,87997.14000000,815.39060000
2025-12-19T14:00:00+00:00,BTC/USDT,1h,87997.13000000,88552.17000000,87514.59000000,88180.01000000,1848.73686000
2025-12-19T15:00:00+00:00,BTC/USDT,1h,88180.00000000,89399.97000000,87692.77000000,87951.87000000,2536.09207000
2025-12-19T16:00:00+00:00,BTC/USDT,1h,87951.86000000,88882.55000000,87872.91000000,87983.25000000,1009.42568000
2025-12-19T17:00:00+00:00,BTC/USDT,1h,87983.24000000,88346.96000000,86873.14000000,86943.25000000,1787.60684000
2025-12-19T18:00:00+00:00,BTC/USDT,1h,86943.26000000,87466.09000000,86846.16000000,87155.44000000,656.70102000
2025-12-19T19:00:00+00:00,BTC/USDT,1h,87155.43000000,88125.67000000,87134.60000000,87845.92000000,1130.87692000
2025-12-19T20:00:00+00:00,BTC/USDT,1h,87845.92000000,88416.00000000,87614.79000000,88099.60000000,970.95933000
2025-12-19T21:00:00+00:00,BTC/USDT,1h,88099.59000000,88099.60000000,87800.00000000,87839.40000000,343.56863000
2025-12-19T22:00:00+00:00,BTC/USDT,1h,87839.39000000,88426.85000000,87839.39000000,88344.78000000,328.59939000
2025-12-19T23:00:00+00:00,BTC/USDT,1h,88344.77000000,88360.00000000,88133.85000000,88136.94000000,217.10768000
2025-12-20T00:00:00+00:00,BTC/USDT,1h,88136.95000000,88188.00000000,87961.60000000,88005.63000000,238.63486000
2025-12-20T01:00:00+00:00,BTC/USDT,1h,88005.63000000,88165.27000000,88005.62000000,88075.89000000,236.74301000
2025-12-20T02:00:00+00:00,BTC/USDT,1h,88075.89000000,88311.87000000,87988.67000000,88204.04000000,365.01084000
2025-12-20T03:00:00+00:00,BTC/USDT,1h,88204.03000000,88339.27000000,88176.45000000,88214.98000000,144.05844000
2025-12-20T04:00:00+00:00,BTC/USDT,1h,88214.98000000,88338.31000000,88123.07000000,88295.37000000,198.26731000
2025-12-20T05:00:00+00:00,BTC/USDT,1h,88295.38000000,88573.07000000,88275.19000000,88295.31000000,306.24924000
2025-12-20T06:00:00+00:00,BTC/USDT,1h,88295.31000000,88444.54000000,88275.92000000,88305.81000000,99.47233000
2025-12-20T07:00:00+00:00,BTC/USDT,1h,88305.81000000,88328.84000000,88189.67000000,88275.41000000,193.88304000
2025-12-20T08:00:00+00:00,BTC/USDT,1h,88275.41000000,88428.00000000,88257.21000000,88257.21000000,190.13912000
2025-12-20T09:00:00+00:00,BTC/USDT,1h,88257.21000000,88339.05000000,88220.61000000,88224.00000000,171.15417000
2025-12-20T10:00:00+00:00,BTC/USDT,1h,88224.00000000,88288.21000000,88129.27000000,88163.99000000,255.88825000
2025-12-20T11:00:00+00:00,BTC/USDT,1h,88163.99000000,88313.20000000,88107.35000000,88277.66000000,204.54149000
2025-12-20T12:00:00+00:00,BTC/USDT,1h,88277.66000000,88335.00000000,88195.51000000,88256.08000000,140.78522000
2025-12-20T13:00:00+00:00,BTC/USDT,1h,88256.07000000,88343.73000000,87795.76000000,88270.39000000,491.51954000
2025-12-20T14:00:00+00:00,BTC/USDT,1h,88270.39000000,88287.84000000,88012.00000000,88260.88000000,329.36375000
2025-12-20T15:00:00+00:00,BTC/USDT,1h,88260.89000000,88267.10000000,88025.96000000,88178.71000000,354.00686000
2025-12-20T16:00:00+00:00,BTC/USDT,1h,88178.72000000,88242.55000000,88133.65000000,88149.72000000,141.45563000
2025-12-20T17:00:00+00:00,BTC/USDT,1h,88149.72000000,88258.22000000,88103.54000000,88181.80000000,145.06220000
2025-12-20T18:00:00+00:00,BTC/USDT,1h,88181.80000000,88418.73000000,88151.97000000,88313.21000000,203.88068000
2025-12-20T19:00:00+00:00,BTC/USDT,1h,88313.22000000,88329.03000000,88201.14000000,88232.92000000,83.70640000
2025-12-20T20:00:00+00:00,BTC/USDT,1h,88232.92000000,88312.72000000,88211.17000000,88271.60000000,128.50977000
2025-12-20T21:00:00+00:00,BTC/USDT,1h,88271.60000000,88443.44000000,88184.96000000,88208.73000000,169.66114000
2025-12-20T22:00:00+00:00,BTC/USDT,1h,88208.74000000,88339.99000000,88154.06000000,88279.35000000,182.03760000
2025-12-20T23:00:00+00:00,BTC/USDT,1h,88279.34000000,88423.31000000,88252.78000000,88360.90000000,149.10105000
2025-12-21T00:00:00+00:00,BTC/USDT,1h,88360.91000000,88433.64000000,88306.00000000,88387.92000000,134.46825000
2025-12-21T01:00:00+00:00,BTC/USDT,1h,88387.93000000,88387.93000000,88011.83000000,88011.83000000,279.93502000
2025-12-21T02:00:00+00:00,BTC/USDT,1h,88011.84000000,88149.99000000,87869.35000000,87943.76000000,392.18461000
2025-12-21T03:00:00+00:00,BTC/USDT,1h,87943.76000000,88150.00000000,87934.48000000,88070.64000000,184.82899000
2025-12-21T04:00:00+00:00,BTC/USDT,1h,88070.64000000,88149.13000000,88050.00000000,88065.83000000,180.33962000
2025-12-21T05:00:00+00:00,BTC/USDT,1h,88065.83000000,88150.01000000,88054.05000000,88138.95000000,67.73322000
2025-12-21T06:00:00+00:00,BTC/USDT,1h,88138.95000000,88201.59000000,88068.36000000,88090.72000000,107.24070000
2025-12-21T07:00:00+00:00,BTC/USDT,1h,88090.73000000,88174.79000000,88054.61000000,88174.79000000,100.25965000
2025-12-21T08:00:00+00:00,BTC/USDT,1h,88174.79000000,88767.20000000,88141.87000000,88537.87000000,426.66802000
2025-12-21T09:00:00+00:00,BTC/USDT,1h,88537.88000000,89081.77000000,88500.30000000,88892.82000000,535.95501000
2025-12-21T10:00:00+00:00,BTC/USDT,1h,88892.82000000,88979.94000000,88580.52000000,88669.78000000,321.68195000
2025-12-21T11:00:00+00:00,BTC/USDT,1h,88669.78000000,88750.00000000,88588.11000000,88601.57000000,155.51107000
2025-12-21T12:00:00+00:00,BTC/USDT,1h,88601.57000000,88920.01000000,88463.78000000,88638.01000000,273.81982000
2025-12-21T13:00:00+00:00,BTC/USDT,1h,88638.01000000,88694.32000000,87600.04000000,87670.10000000,1029.34323000
2025-12-21T14:00:00+00:00,BTC/USDT,1h,87670.10000000,88148.34000000,87615.07000000,88065.18000000,535.83684000
2025-12-21T15:00:00+00:00,BTC/USDT,1h,88065.19000000,88272.34000000,87813.00000000,88067.95000000,367.50892000
2025-12-21T16:00:00+00:00,BTC/USDT,1h,88067.96000000,88369.00000000,87985.11000000,88359.18000000,434.13180000
2025-12-21T17:00:00+00:00,BTC/USDT,1h,88359.18000000,88494.97000000,88280.67000000,88324.14000000,292.57922000
2025-12-21T18:00:00+00:00,BTC/USDT,1h,88324.14000000,88451.84000000,87950.00000000,88445.09000000,223.91956000
2025-12-21T19:00:00+00:00,BTC/USDT,1h,88445.08000000,88600.00000000,88201.58000000,88484.01000000,289.83713000
2025-12-21T20:00:00+00:00,BTC/USDT,1h,88484.01000000,88500.00000000,88230.76000000,88230.96000000,127.78210000
2025-12-21T21:00:00+00:00,BTC/USDT,1h,88230.97000000,88368.83000000,88091.96000000,88162.86000000,151.57667000
2025-12-21T22:00:00+00:00,BTC/USDT,1h,88162.86000000,88494.99000000,88120.99000000,88483.63000000,176.80431000
2025-12-21T23:00:00+00:00,BTC/USDT,1h,88483.64000000,88823.52000000,88374.74000000,88658.86000000,342.92687000
2025-12-22T00:00:00+00:00,BTC/USDT,1h,88658.87000000,89627.24000000,88613.87000000,88622.40000000,1109.80548000
2025-12-22T01:00:00+00:00,BTC/USDT,1h,88622.40000000,89279.31000000,88516.00000000,88626.31000000,593.85875000
2025-12-22T02:00:00+00:00,BTC/USDT,1h,88626.31000000,88658.22000000,87900.00000000,88458.27000000,639.02818000
2025-12-22T03:00:00+00:00,BTC/USDT,1h,88458.27000000,88850.00000000,88283.40000000,88774.12000000,277.28751000
2025-12-22T04:00:00+00:00,BTC/USDT,1h,88774.13000000,89034.44000000,88712.11000000,88904.99000000,316.78715000
2025-12-22T05:00:00+00:00,BTC/USDT,1h,88905.00000000,89000.00000000,88762.43000000,88831.34000000,260.18369000
2025-12-22T06:00:00+00:00,BTC/USDT,1h,88831.34000000,89008.00000000,88730.07000000,88909.26000000,222.60970000
2025-12-22T07:00:00+00:00,BTC/USDT,1h,88909.26000000,89200.00000000,88891.63000000,89170.10000000,491.12288000
2025-12-22T08:00:00+00:00,BTC/USDT,1h,89170.10000000,89908.71000000,89093.44000000,89334.20000000,921.73946000
2025-12-22T09:00:00+00:00,BTC/USDT,1h,89334.21000000,89836.89000000,89301.00000000,89829.60000000,441.59532000
2025-12-22T10:00:00+00:00,BTC/USDT,1h,89829.60000000,89868.00000000,89615.38000000,89778.94000000,435.91534000
2025-12-22T11:00:00+00:00,BTC/USDT,1h,89778.95000000,90118.00000000,89656.38000000,89945.43000000,823.65187000
2025-12-22T12:00:00+00:00,BTC/USDT,1h,89945.43000000,90588.23000000,89866.00000000,90208.48000000,1081.30015000
2025-12-22T13:00:00+00:00,BTC/USDT,1h,90208.49000000,90319.98000000,89731.72000000,89912.37000000,614.87382000
2025-12-22T14:00:00+00:00,BTC/USDT,1h,89912.38000000,90293.28000000,89440.50000000,90126.43000000,1047.85448000
2025-12-22T15:00:00+00:00,BTC/USDT,1h,90126.44000000,90454.74000000,89196.42000000,89726.92000000,1198.69370000
2025-12-22T16:00:00+00:00,BTC/USDT,1h,89726.93000000,90127.00000000,89523.22000000,89550.00000000,654.12884000
2025-12-22T17:00:00+00:00,BTC/USDT,1h,89550.01000000,89579.81000000,89092.09000000,89308.92000000,588.68917000
2025-12-22T18:00:00+00:00,BTC/USDT,1h,89308.91000000,89523.23000000,89140.00000000,89150.04000000,385.95267000
2025-12-22T19:00:00+00:00,BTC/USDT,1h,89150.04000000,89150.04000000,87965.76000000,88052.43000000,980.77862000
2025-12-22T20:00:00+00:00,BTC/USDT,1h,88052.42000000,88486.12000000,87911.79000000,88351.03000000,544.44938000
2025-12-22T21:00:00+00:00,BTC/USDT,1h,88351.03000000,88619.13000000,88235.09000000,88275.06000000,405.03635000
2025-12-22T22:00:00+00:00,BTC/USDT,1h,88275.05000000,88833.33000000,88150.00000000,88660.07000000,389.08575000
2025-12-22T23:00:00+00:00,BTC/USDT,1h,88660.07000000,88700.00000000,88430.43000000,88620.79000000,248.79144000
2025-12-23T00:00:00+00:00,BTC/USDT,1h,88620.79000000,88940.00000000,88504.78000000,88770.47000000,270.13686000
2025-12-23T01:00:00+00:00,BTC/USDT,1h,88770.47000000,88889.76000000,88430.00000000,88513.71000000,241.89286000
2025-12-23T02:00:00+00:00,BTC/USDT,1h,88513.72000000,88755.24000000,88091.21000000,88206.80000000,579.81965000
2025-12-23T03:00:00+00:00,BTC/USDT,1h,88206.80000000,88355.56000000,87800.00000000,88170.00000000,413.85546000
2025-12-23T04:00:00+00:00,BTC/USDT,1h,88170.00000000,88368.10000000,87930.99000000,87930.99000000,308.91036000
2025-12-23T05:00:00+00:00,BTC/USDT,1h,87931.00000000,88025.71000000,87614.79000000,87765.01000000,482.98475000
2025-12-23T06:00:00+00:00,BTC/USDT,1h,87765.01000000,87780.00000000,87051.52000000,87400.01000000,787.33301000
2025-12-23T07:00:00+00:00,BTC/USDT,1h,87400.01000000,87698.82000000,87373.22000000,87574.79000000,417.20250000
2025-12-23T08:00:00+00:00,BTC/USDT,1h,87574.78000000,87699.99000000,87433.20000000,87477.15000000,347.82336000
2025-12-23T09:00:00+00:00,BTC/USDT,1h,87477.14000000,87630.76000000,87297.69000000,87531.85000000,429.48493000
2025-12-23T10:00:00+00:00,BTC/USDT,1h,87531.85000000,87659.90000000,87510.60000000,87615.93000000,241.30517000
2025-12-23T11:00:00+00:00,BTC/USDT,1h,87615.92000000,87890.00000000,87564.29000000,87856.65000000,413.76507000
2025-12-23T12:00:00+00:00,BTC/USDT,1h,87856.66000000,87963.03000000,87600.00000000,87789.18000000,403.03862000
2025-12-23T13:00:00+00:00,BTC/USDT,1h,87789.18000000,87902.00000000,87426.70000000,87616.67000000,558.41583000
2025-12-23T14:00:00+00:00,BTC/USDT,1h,87616.66000000,87829.20000000,86601.90000000,86874.00000000,1406.81005000
2025-12-23T15:00:00+00:00,BTC/USDT,1h,86873.99000000,87550.00000000,86720.00000000,87443.45000000,1039.72862000
2025-12-23T16:00:00+00:00,BTC/USDT,1h,87443.45000000,88189.64000000,87325.40000000,88003.63000000,1214.11389000
2025-12-23T17:00:00+00:00,BTC/USDT,1h,88003.63000000,88275.40000000,87180.00000000,87180.01000000,705.26293000
2025-12-23T18:00:00+00:00,BTC/USDT,1h,87180.00000000,88177.98000000,87162.39000000,87975.01000000,814.37143000
2025-12-23T19:00:00+00:00,BTC/USDT,1h,87975.02000000,88043.94000000,87650.00000000,87752.87000000,487.08154000
2025-12-23T20:00:00+00:00,BTC/USDT,1h,87752.88000000,88372.35000000,87524.58000000,87691.50000000,807.56489000
2025-12-23T21:00:00+00:00,BTC/USDT,1h,87691.51000000,87856.37000000,87540.87000000,87722.89000000,406.59734000
2025-12-23T22:00:00+00:00,BTC/USDT,1h,87722.90000000,87779.25000000,87250.00000000,87399.45000000,627.85138000
2025-12-23T23:00:00+00:00,BTC/USDT,1h,87399.45000000,87520.87000000,87180.00000000,87486.00000000,504.97854000
2025-12-24T00:00:00+00:00,BTC/USDT,1h,87486.00000000,87672.26000000,87264.00000000,87660.47000000,394.43819000
2025-12-24T01:00:00+00:00,BTC/USDT,1h,87660.47000000,87839.66000000,87500.00000000,87632.51000000,313.39351000
2025-12-24T02:00:00+00:00,BTC/USDT,1h,87632.51000000,87658.07000000,86940.76000000,87134.39000000,587.21641000
2025-12-24T03:00:00+00:00,BTC/USDT,1h,87134.39000000,87392.61000000,86863.88000000,87336.23000000,303.84075000
2025-12-24T04:00:00+00:00,BTC/USDT,1h,87336.23000000,87458.54000000,87083.50000000,87147.65000000,288.59994000
2025-12-24T05:00:00+00:00,BTC/USDT,1h,87147.64000000,87248.79000000,86796.65000000,86957.90000000,344.84105000
2025-12-24T06:00:00+00:00,BTC/USDT,1h,86957.89000000,87071.64000000,86802.03000000,87019.21000000,370.38507000
2025-12-24T07:00:00+00:00,BTC/USDT,1h,87019.21000000,87184.57000000,86911.52000000,86911.53000000,345.81136000
2025-12-24T08:00:00+00:00,BTC/USDT,1h,86911.53000000,87077.67000000,86769.32000000,86795.56000000,315.09263000
2025-12-24T09:00:00+00:00,BTC/USDT,1h,86795.56000000,86903.17000000,86724.05000000,86812.80000000,230.63616000
2025-12-24T10:00:00+00:00,BTC/USDT,1h,86812.80000000,87196.00000000,86812.79000000,87077.66000000,292.48243000
2025-12-24T11:00:00+00:00,BTC/USDT,1h,87077.66000000,87359.59000000,87077.66000000,87203.94000000,350.15883000
2025-12-24T12:00:00+00:00,BTC/USDT,1h,87203.94000000,87478.59000000,87129.47000000,87428.51000000,308.22922000
2025-12-24T13:00:00+00:00,BTC/USDT,1h,87428.50000000,87440.24000000,87038.44000000,87286.90000000,403.57201000
2025-12-24T14:00:00+00:00,BTC/USDT,1h,87286.90000000,87448.49000000,86420.00000000,86994.70000000,906.39237000
2025-12-24T15:00:00+00:00,BTC/USDT,1h,86994.70000000,87218.69000000,86580.00000000,87049.99000000,682.33537000
2025-12-24T16:00:00+00:00,BTC/USDT,1h,87050.00000000,87670.00000000,86917.25000000,87283.23000000,859.06821000
2025-12-24T17:00:00+00:00,BTC/USDT,1h,87283.23000000,87576.68000000,87255.06000000,87322.77000000,412.56130000
2025-12-24T18:00:00+00:00,BTC/USDT,1h,87322.77000000,87500.67000000,87233.93000000,87470.65000000,257.68600000
2025-12-24T19:00:00+00:00,BTC/USDT,1h,87470.64000000,87578.81000000,87329.90000000,87566.06000000,217.13377000
2025-12-24T20:00:00+00:00,BTC/USDT,1h,87566.07000000,87679.05000000,87516.77000000,87556.20000000,186.42889000
2025-12-24T21:00:00+00:00,BTC/USDT,1h,87556.21000000,87795.65000000,87556.20000000,87696.33000000,184.56137000
2025-12-24T22:00:00+00:00,BTC/USDT,1h,87696.34000000,88049.89000000,87696.33000000,88009.81000000,324.48249000
2025-12-24T23:00:00+00:00,BTC/USDT,1h,88009.82000000,88023.57000000,87599.14000000,87669.45000000,261.49587000
2025-12-25T00:00:00+00:00,BTC/USDT,1h,87669.44000000,87749.00000000,87508.52000000,87568.37000000,172.91056000
2025-12-25T01:00:00+00:00,BTC/USDT,1h,87568.37000000,87748.78000000,87567.42000000,87699.99000000,127.73475000
2025-12-25T02:00:00+00:00,BTC/USDT,1h,87700.00000000,87967.50000000,87563.87000000,87892.66000000,207.01020000
2025-12-25T03:00:00+00:00,BTC/USDT,1h,87892.66000000,87925.08000000,87767.84000000,87840.42000000,145.20674000
2025-12-25T04:00:00+00:00,BTC/USDT,1h,87840.42000000,87843.38000000,87743.00000000,87773.33000000,132.58221000
2025-12-25T05:00:00+00:00,BTC/USDT,1h,87773.34000000,87787.92000000,87661.17000000,87750.55000000,171.99245000
2025-12-25T06:00:00+00:00,BTC/USDT,1h,87750.56000000,87842.53000000,87692.67000000,87836.42000000,122.21291000
2025-12-25T07:00:00+00:00,BTC/USDT,1h,87836.43000000,87862.20000000,87755.94000000,87837.59000000,141.89666000
2025-12-25T08:00:00+00:00,BTC/USDT,1h,87837.59000000,87888.00000000,87351.96000000,87584.65000000,461.19047000
2025-12-25T09:00:00+00:00,BTC/USDT,1h,87584.65000000,87603.78000000,87450.01000000,87526.48000000,318.47286000
2025-12-25T10:00:00+00:00,BTC/USDT,1h,87526.47000000,87533.36000000,87251.60000000,87414.14000000,276.87514000
2025-12-25T11:00:00+00:00,BTC/USDT,1h,87414.15000000,87591.32000000,87414.14000000,87519.44000000,147.21369000
2025-12-25T12:00:00+00:00,BTC/USDT,1h,87519.45000000,87586.92000000,87476.49000000,87566.00000000,142.98872000
2025-12-25T13:00:00+00:00,BTC/USDT,1h,87566.00000000,87683.87000000,87398.78000000,87638.25000000,370.11784000
2025-12-25T14:00:00+00:00,BTC/USDT,1h,87638.25000000,87759.33000000,87550.00000000,87718.21000000,282.91916000
2025-12-25T15:00:00+00:00,BTC/USDT,1h,87718.22000000,88592.74000000,87714.00000000,88371.27000000,1137.44680000
2025-12-25T16:00:00+00:00,BTC/USDT,1h,88371.27000000,88478.00000000,87993.21000000,88086.72000000,533.77153000
2025-12-25T17:00:00+00:00,BTC/USDT,1h,88086.73000000,88211.18000000,88000.32000000,88139.08000000,203.97629000
2025-12-25T18:00:00+00:00,BTC/USDT,1h,88139.07000000,88314.37000000,88139.07000000,88241.26000000,193.54871000
2025-12-25T19:00:00+00:00,BTC/USDT,1h,88241.26000000,88249.51000000,88075.99000000,88151.18000000,108.25003000
2025-12-25T20:00:00+00:00,BTC/USDT,1h,88151.19000000,88167.65000000,87650.00000000,87892.69000000,287.61054000
2025-12-25T21:00:00+00:00,BTC/USDT,1h,87892.69000000,87982.98000000,87820.00000000,87901.21000000,144.90662000
2025-12-25T22:00:00+00:00,BTC/USDT,1h,87901.22000000,87915.10000000,87311.00000000,87650.00000000,459.19007000
2025-12-25T23:00:00+00:00,BTC/USDT,1h,87649.99000000,87771.01000000,86934.72000000,87225.27000000,806.55740000
2025-12-26T00:00:00+00:00,BTC/USDT,1h,87225.27000000,87320.10000000,86891.70000000,87120.00000000,573.22847000
2025-12-26T01:00:00+00:00,BTC/USDT,1h,87119.99000000,87500.00000000,87119.99000000,87432.26000000,232.74740000
2025-12-26T02:00:00+00:00,BTC/USDT,1h,87432.26000000,89440.00000000,87416.04000000,89199.99000000,2823.54617000
2025-12-26T03:00:00+00:00,BTC/USDT,1h,89200.00000000,89289.99000000,88714.36000000,88844.87000000,1335.10374000
2025-12-26T04:00:00+00:00,BTC/USDT,1h,88844.88000000,89153.17000000,88516.73000000,88969.24000000,561.23440000
2025-12-26T05:00:00+00:00,BTC/USDT,1h,88969.24000000,89045.71000000,88828.06000000,88996.58000000,281.22768000
2025-12-26T06:00:00+00:00,BTC/USDT,1h,88996.58000000,89250.00000000,88996.58000000,89124.24000000,512.77497000
2025-12-26T07:00:00+00:00,BTC/USDT,1h,89124.24000000,89567.75000000,88347.45000000,88470.75000000,1799.23903000
2025-12-26T08:00:00+00:00,BTC/USDT,1h,88470.75000000,88886.00000000,88414.81000000,88742.28000000,449.86032000
2025-12-26T09:00:00+00:00,BTC/USDT,1h,88742.28000000,88918.59000000,88649.63000000,88811.76000000,363.34862000
2025-12-26T10:00:00+00:00,BTC/USDT,1h,88811.77000000,88882.01000000,88680.00000000,88748.34000000,245.05773000
2025-12-26T11:00:00+00:00,BTC/USDT,1h,88748.35000000,88754.69000000,88532.00000000,88533.42000000,192.05882000
2025-12-26T12:00:00+00:00,BTC/USDT,1h,88533.43000000,88761.45000000,88533.42000000,88678.90000000,338.36189000
2025-12-26T13:00:00+00:00,BTC/USDT,1h,88678.89000000,89050.00000000,88618.14000000,88992.88000000,360.81787000
2025-12-26T14:00:00+00:00,BTC/USDT,1h,88992.88000000,89049.88000000,87345.88000000,87380.43000000,1728.76389000
2025-12-26T15:00:00+00:00,BTC/USDT,1h,87380.44000000,87381.00000000,86655.08000000,87137.81000000,3504.43069000
2025-12-26T16:00:00+00:00,BTC/USDT,1h,87137.81000000,87380.00000000,86850.38000000,86855.82000000,711.31648000
2025-12-26T17:00:00+00:00,BTC/USDT,1h,86855.83000000,87463.77000000,86818.18000000,87331.91000000,460.45969000
2025-12-26T18:00:00+00:00,BTC/USDT,1h,87331.91000000,87380.00000000,87117.11000000,87277.77000000,386.97537000
2025-12-26T19:00:00+00:00,BTC/USDT,1h,87277.78000000,87580.29000000,87246.00000000,87501.83000000,382.01197000
2025-12-26T20:00:00+00:00,BTC/USDT,1h,87501.83000000,87792.70000000,87399.71000000,87585.77000000,275.03600000
2025-12-26T21:00:00+00:00,BTC/USDT,1h,87585.76000000,87697.81000000,87460.57000000,87470.59000000,309.65661000
2025-12-26T22:00:00+00:00,BTC/USDT,1h,87470.59000000,87592.67000000,87321.40000000,87550.00000000,304.71430000
2025-12-26T23:00:00+00:00,BTC/USDT,1h,87549.99000000,87550.09000000,87331.85000000,87369.56000000,212.64294000
2025-12-27T00:00:00+00:00,BTC/USDT,1h,87369.56000000,87414.26000000,87253.05000000,87401.07000000,201.59724000
2025-12-27T01:00:00+00:00,BTC/USDT,1h,87401.08000000,87492.66000000,87333.00000000,87475.03000000,129.68193000
2025-12-27T02:00:00+00:00,BTC/USDT,1h,87475.03000000,87492.66000000,87392.64000000,87446.02000000,170.01720000
2025-12-27T03:00:00+00:00,BTC/USDT,1h,87446.01000000,87532.00000000,87386.97000000,87514.22000000,174.05379000
2025-12-27T04:00:00+00:00,BTC/USDT,1h,87514.23000000,87516.84000000,87463.32000000,87470.19000000,106.03892000
2025-12-27T05:00:00+00:00,BTC/USDT,1h,87470.19000000,87512.80000000,87446.19000000,87506.00000000,107.21243000
2025-12-27T06:00:00+00:00,BTC/USDT,1h,87506.01000000,87566.00000000,87417.93000000,87469.02000000,148.91554000
2025-12-27T07:00:00+00:00,BTC/USDT,1h,87469.02000000,87702.00000000,87469.01000000,87539.26000000,153.18664000
2025-12-27T08:00:00+00:00,BTC/USDT,1h,87539.26000000,87677.00000000,87539.25000000,87593.00000000,113.75997000
2025-12-27T09:00:00+00:00,BTC/USDT,1h,87593.01000000,87665.62000000,87533.84000000,87618.91000000,478.79096000
2025-12-27T10:00:00+00:00,BTC/USDT,1h,87618.90000000,87627.67000000,87370.73000000,87503.01000000,293.11984000
2025-12-27T11:00:00+00:00,BTC/USDT,1h,87503.02000000,87549.97000000,87442.15000000,87475.98000000,192.08386000
2025-12-27T12:00:00+00:00,BTC/USDT,1h,87475.99000000,87515.21000000,87422.41000000,87474.28000000,86.49536000
2025-12-27T13:00:00+00:00,BTC/USDT,1h,87474.28000000,87478.37000000,87308.05000000,87452.78000000,204.72599000
2025-12-27T14:00:00+00:00,BTC/USDT,1h,87452.79000000,87544.91000000,87390.16000000,87544.90000000,306.42504000
2025-12-27T15:00:00+00:00,BTC/USDT,1h,87544.89000000,87589.99000000,87484.71000000,87551.25000000,151.74415000
2025-12-27T16:00:00+00:00,BTC/USDT,1h,87551.26000000,87583.47000000,87442.08000000,87498.41000000,152.77888000
2025-12-27T17:00:00+00:00,BTC/USDT,1h,87498.42000000,87562.79000000,87467.33000000,87562.58000000,129.16436000
2025-12-27T18:00:00+00:00,BTC/USDT,1h,87562.57000000,87572.41000000,87463.76000000,87500.01000000,152.40591000
2025-12-27T19:00:00+00:00,BTC/USDT,1h,87500.01000000,87591.00000000,87500.00000000,87569.39000000,132.24207000
2025-12-27T20:00:00+00:00,BTC/USDT,1h,87569.39000000,87635.77000000,87523.78000000,87555.92000000,113.31975000
2025-12-27T21:00:00+00:00,BTC/USDT,1h,87555.92000000,87668.23000000,87555.91000000,87668.22000000,95.93035000
2025-12-27T22:00:00+00:00,BTC/USDT,1h,87668.23000000,87955.00000000,87499.99000000,87565.99000000,386.61743000
2025-12-27T23:00:00+00:00,BTC/USDT,1h,87566.00000000,87984.00000000,87565.99000000,87877.01000000,289.24395000
2025-12-28T00:00:00+00:00,BTC/USDT,1h,87877.00000000,87961.37000000,87705.97000000,87854.96000000,205.17782000
2025-12-28T01:00:00+00:00,BTC/USDT,1h,87854.97000000,87945.39000000,87739.06000000,87785.96000000,153.21984000
2025-12-28T02:00:00+00:00,BTC/USDT,1h,87785.97000000,87872.67000000,87755.80000000,87810.78000000,104.97363000
2025-12-28T03:00:00+00:00,BTC/USDT,1h,87810.79000000,87845.45000000,87725.47000000,87740.01000000,208.71524000
2025-12-28T04:00:00+00:00,BTC/USDT,1h,87740.00000000,87837.99000000,87693.00000000,87724.87000000,151.07627000
2025-12-28T05:00:00+00:00,BTC/USDT,1h,87724.86000000,87724.87000000,87614.79000000,87657.93000000,115.90545000
2025-12-28T06:00:00+00:00,BTC/USDT,1h,87657.94000000,87784.20000000,87647.42000000,87732.00000000,93.33462000
2025-12-28T07:00:00+00:00,BTC/USDT,1h,87732.01000000,87734.98000000,87675.87000000,87730.85000000,81.91388000
2025-12-28T08:00:00+00:00,BTC/USDT,1h,87730.86000000,87972.95000000,87730.86000000,87805.00000000,172.52967000
2025-12-28T09:00:00+00:00,BTC/USDT,1h,87805.00000000,87900.00000000,87720.00000000,87800.00000000,198.63592000
2025-12-28T10:00:00+00:00,BTC/USDT,1h,87800.00000000,88010.00000000,87799.99000000,87856.91000000,246.43833000
2025-12-28T11:00:00+00:00,BTC/USDT,1h,87856.91000000,87923.50000000,87818.58000000,87883.25000000,142.43984000
2025-12-28T12:00:00+00:00,BTC/USDT,1h,87883.25000000,87891.32000000,87794.86000000,87850.60000000,130.62309000
2025-12-28T13:00:00+00:00,BTC/USDT,1h,87850.59000000,87962.45000000,87820.00000000,87896.59000000,171.73272000
2025-12-28T14:00:00+00:00,BTC/USDT,1h,87896.60000000,88088.75000000,87896.59000000,87910.00000000,249.63472000
2025-12-28T15:00:00+00:00,BTC/USDT,1h,87910.00000000,88006.00000000,87824.18000000,87836.27000000,269.26609000
2025-12-28T16:00:00+00:00,BTC/USDT,1h,87836.27000000,87898.42000000,87740.00000000,87814.04000000,180.88996000
2025-12-28T17:00:00+00:00,BTC/USDT,1h,87814.04000000,87931.59000000,87760.00000000,87760.00000000,91.89130000
2025-12-28T18:00:00+00:00,BTC/USDT,1h,87760.01000000,87768.79000000,87500.26000000,87598.49000000,404.22039000
2025-12-28T19:00:00+00:00,BTC/USDT,1h,87598.49000000,87698.30000000,87511.27000000,87520.75000000,204.83537000
2025-12-28T20:00:00+00:00,BTC/USDT,1h,87520.75000000,87655.28000000,87446.73000000,87514.76000000,144.33445000
2025-12-28T21:00:00+00:00,BTC/USDT,1h,87514.75000000,87592.67000000,87435.00000000,87588.37000000,122.38811000
2025-12-28T22:00:00+00:00,BTC/USDT,1h,87588.37000000,87992.70000000,87481.55000000,87900.09000000,295.38221000
2025-12-28T23:00:00+00:00,BTC/USDT,1h,87900.09000000,88049.53000000,87634.92000000,87952.71000000,306.73393000
2025-12-29T00:00:00+00:00,BTC/USDT,1h,87952.71000000,88444.19000000,87813.17000000,88295.69000000,572.37767000
2025-12-29T01:00:00+00:00,BTC/USDT,1h,88295.68000000,88480.00000000,87849.42000000,88445.57000000,562.88296000
2025-12-29T02:00:00+00:00,BTC/USDT,1h,88445.57000000,89383.74000000,88445.57000000,89163.25000000,1796.47871000
2025-12-29T03:00:00+00:00,BTC/USDT,1h,89163.25000000,90169.06000000,89101.79000000,90123.55000000,1827.31757000
2025-12-29T04:00:00+00:00,BTC/USDT,1h,90123.55000000,90406.08000000,89952.81000000,90143.06000000,1199.95690000
2025-12-29T05:00:00+00:00,BTC/USDT,1h,90143.07000000,90300.07000000,89931.37000000,89984.00000000,828.28612000
2025-12-29T06:00:00+00:00,BTC/USDT,1h,89984.00000000,90121.21000000,89749.87000000,89777.26000000,503.12838000
2025-12-29T07:00:00+00:00,BTC/USDT,1h,89777.25000000,89846.71000000,89507.03000000,89617.71000000,971.61551000
2025-12-29T08:00:00+00:00,BTC/USDT,1h,89617.71000000,89825.01000000,89444.47000000,89555.10000000,990.67432000
2025-12-29T09:00:00+00:00,BTC/USDT,1h,89555.10000000,89618.22000000,87770.10000000,88100.05000000,2360.59949000
2025-12-29T10:00:00+00:00,BTC/USDT,1h,88100.50000000,88270.02000000,87653.69000000,87780.01000000,807.41906000
2025-12-29T11:00:00+00:00,BTC/USDT,1h,87780.00000000,87793.27000000,87567.65000000,87567.66000000,450.07731000
2025-12-29T12:00:00+00:00,BTC/USDT,1h,87567.65000000,87636.34000000,86806.50000000,87397.00000000,1590.97728000
2025-12-29T13:00:00+00:00,BTC/USDT,1h,87396.99000000,87537.23000000,87165.04000000,87387.71000000,611.51720000
2025-12-29T14:00:00+00:00,BTC/USDT,1h,87387.70000000,88190.71000000,87259.30000000,87429.96000000,985.69910000
2025-12-29T15:00:00+00:00,BTC/USDT,1h,87429.97000000,87918.69000000,87222.41000000,87691.62000000,990.15708000
2025-12-29T16:00:00+00:00,BTC/USDT,1h,87691.62000000,87840.08000000,87439.03000000,87627.11000000,372.34157000
2025-12-29T17:00:00+00:00,BTC/USDT,1h,87627.11000000,87850.00000000,87350.00000000,87849.99000000,322.83525000
2025-12-29T18:00:00+00:00,BTC/USDT,1h,87850.00000000,87996.22000000,87361.53000000,87464.77000000,459.75861000
2025-12-29T19:00:00+00:00,BTC/USDT,1h,87464.78000000,87668.23000000,87312.34000000,87366.23000000,302.74790000
2025-12-29T20:00:00+00:00,BTC/USDT,1h,87366.23000000,87597.59000000,87085.80000000,87212.01000000,665.46040000
2025-12-29T21:00:00+00:00,BTC/USDT,1h,87212.01000000,87371.62000000,87173.31000000,87337.85000000,221.04149000
2025-12-29T22:00:00+00:00,BTC/USDT,1h,87337.85000000,87404.29000000,87071.49000000,87351.05000000,310.53727000
2025-12-29T23:00:00+00:00,BTC/USDT,1h,87351.05000000,87395.07000000,87188.00000000,87237.13000000,191.09860000
2025-12-30T00:00:00+00:00,BTC/USDT,1h,87237.13000000,87359.40000000,87105.09000000,87250.23000000,230.51064000
2025-12-30T01:00:00+00:00,BTC/USDT,1h,87250.22000000,87356.62000000,87117.87000000,87308.23000000,239.57935000
2025-12-30T02:00:00+00:00,BTC/USDT,1h,87308.23000000,87347.70000000,86986.82000000,87111.00000000,471.28819000
2025-12-30T03:00:00+00:00,BTC/USDT,1h,87110.99000000,87423.65000000,86845.66000000,87379.00000000,579.19187000
2025-12-30T04:00:00+00:00,BTC/USDT,1h,87378.99000000,87492.66000000,87294.67000000,87300.00000000,292.49013000
2025-12-30T05:00:00+00:00,BTC/USDT,1h,87300.01000000,87359.43000000,87157.07000000,87255.97000000,140.45208000
2025-12-30T06:00:00+00:00,BTC/USDT,1h,87255.98000000,87527.42000000,87241.91000000,87443.17000000,234.42509000
2025-12-30T07:00:00+00:00,BTC/USDT,1h,87443.17000000,87600.00000000,87369.98000000,87502.85000000,410.22407000
2025-12-30T08:00:00+00:00,BTC/USDT,1h,87502.85000000,88224.76000000,87502.84000000,87872.68000000,1026.69682000
2025-12-30T09:00:00+00:00,BTC/USDT,1h,87872.68000000,88046.37000000,87657.44000000,87992.70000000,436.16992000
2025-12-30T10:00:00+00:00,BTC/USDT,1h,87992.70000000,88179.38000000,87906.94000000,87949.51000000,416.39591000
2025-12-30T11:00:00+00:00,BTC/USDT,1h,87949.52000000,88026.36000000,87735.09000000,87903.89000000,588.98774000
2025-12-30T12:00:00+00:00,BTC/USDT,1h,87903.89000000,88090.79000000,87901.70000000,88023.54000000,497.15542000
2025-12-30T13:00:00+00:00,BTC/USDT,1h,88023.53000000,88136.00000000,87918.60000000,88110.02000000,448.15717000
2025-12-30T14:00:00+00:00,BTC/USDT,1h,88110.02000000,89010.12000000,87834.01000000,88875.83000000,1626.18161000
2025-12-30T15:00:00+00:00,BTC/USDT,1h,88875.82000000,89159.52000000,88204.14000000,89016.35000000,1310.95153000
2025-12-30T16:00:00+00:00,BTC/USDT,1h,89016.36000000,89400.00000000,88577.42000000,88742.63000000,1418.95930000
2025-12-30T17:00:00+00:00,BTC/USDT,1h,88742.63000000,88900.72000000,88129.91000000,88371.34000000,713.60336000
2025-12-30T18:00:00+00:00,BTC/USDT,1h,88371.34000000,88493.62000000,88132.59000000,88304.00000000,434.34765000
2025-12-30T19:00:00+00:00,BTC/USDT,1h,88304.01000000,88422.22000000,87960.20000000,88226.16000000,345.47514000
2025-12-30T20:00:00+00:00,BTC/USDT,1h,88226.15000000,88226.15000000,87886.46000000,87947.15000000,439.95021000
2025-12-30T21:00:00+00:00,BTC/USDT,1h,87947.15000000,88330.13000000,87891.15000000,88287.27000000,253.18432000
2025-12-30T22:00:00+00:00,BTC/USDT,1h,88287.28000000,88470.00000000,88287.28000000,88430.19000000,280.86597000
2025-12-30T23:00:00+00:00,BTC/USDT,1h,88430.18000000,88573.65000000,88371.33000000,88485.49000000,270.66652000
2025-12-31T00:00:00+00:00,BTC/USDT,1h,88485.50000000,88485.50000000,88251.93000000,88255.54000000,243.94750000
2025-12-31T01:00:00+00:00,BTC/USDT,1h,88255.54000000,88784.00000000,88172.15000000,88649.33000000,355.75740000
2025-12-31T02:00:00+00:00,BTC/USDT,1h,88649.32000000,88742.00000000,88521.84000000,88673.60000000,258.23398000
2025-12-31T03:00:00+00:00,BTC/USDT,1h,88673.61000000,88819.80000000,88379.09000000,88453.04000000,274.04184000
2025-12-31T04:00:00+00:00,BTC/USDT,1h,88453.04000000,88549.50000000,88325.06000000,88325.06000000,158.17484000
2025-12-31T05:00:00+00:00,BTC/USDT,1h,88325.07000000,88526.06000000,88325.07000000,88463.09000000,296.57164000
2025-12-31T06:00:00+00:00,BTC/USDT,1h,88463.10000000,88561.69000000,88463.09000000,88512.92000000,212.68538000
2025-12-31T07:00:00+00:00,BTC/USDT,1h,88512.93000000,88638.76000000,88431.08000000,88613.12000000,304.98001000
2025-12-31T08:00:00+00:00,BTC/USDT,1h,88613.11000000,88733.33000000,88393.52000000,88434.65000000,277.76782000
2025-12-31T09:00:00+00:00,BTC/USDT,1h,88434.66000000,88715.27000000,88434.65000000,88660.10000000,315.83327000
2025-12-31T10:00:00+00:00,BTC/USDT,1h,88660.10000000,88897.99000000,88660.09000000,88847.26000000,482.82711000
2025-12-31T11:00:00+00:00,BTC/USDT,1h,88847.27000000,89046.60000000,88802.97000000,89011.52000000,598.23924000
2025-12-31T12:00:00+00:00,BTC/USDT,1h,89011.51000000,89044.74000000,88677.32000000,88775.96000000,545.96390000
2025-12-31T13:00:00+00:00,BTC/USDT,1h,88775.96000000,89045.98000000,88741.54000000,88991.88000000,300.73941000
2025-12-31T14:00:00+00:00,BTC/USDT,1h,88991.88000000,89200.00000000,88278.35000000,88479.99000000,1133.76043000
2025-12-31T15:00:00+00:00,BTC/USDT,1h,88479.99000000,88487.68000000,87766.59000000,87953.97000000,1281.39241000
2025-12-31T16:00:00+00:00,BTC/USDT,1h,87953.97000000,88053.49000000,87400.41000000,87656.98000000,1249.28961000
2025-12-31T17:00:00+00:00,BTC/USDT,1h,87656.99000000,87741.99000000,87489.59000000,87620.82000000,629.77671000
2025-12-31T18:00:00+00:00,BTC/USDT,1h,87620.82000000,87980.00000000,87574.12000000,87684.07000000,434.88825000
2025-12-31T19:00:00+00:00,BTC/USDT,1h,87684.08000000,87870.02000000,87516.70000000,87541.85000000,622.18859000
2025-12-31T20:00:00+00:00,BTC/USDT,1h,87541.85000000,87712.13000000,87250.00000000,87662.01000000,770.32743000
2025-12-31T21:00:00+00:00,BTC/USDT,1h,87662.01000000,87879.04000000,87662.01000000,87799.97000000,383.85550000
2025-12-31T22:00:00+00:00,BTC/USDT,1h,87799.97000000,87879.04000000,87656.19000000,87728.29000000,236.18697000
2025-12-31T23:00:00+00:00,BTC/USDT,1h,87728.30000000,87728.30000000,87619.67000000,87648.22000000,191.19123000
2026-01-01T00:00:00+00:00,BTC/USDT,1h,87648.21000000,87849.26000000,87632.74000000,87809.23000000,233.66036000
2026-01-01T01:00:00+00:00,BTC/USDT,1h,87809.24000000,88050.00000000,87809.23000000,87960.00000000,241.44162000
2026-01-01T02:00:00+00:00,BTC/USDT,1h,87960.01000000,88088.10000000,87895.37000000,87914.00000000,209.55860000
2026-01-01T03:00:00+00:00,BTC/USDT,1h,87914.00000000,88015.70000000,87832.09000000,87846.02000000,149.08354000
2026-01-01T04:00:00+00:00,BTC/USDT,1h,87846.01000000,87854.81000000,87550.43000000,87590.40000000,476.17901000
2026-01-01T05:00:00+00:00,BTC/USDT,1h,87590.41000000,87749.34000000,87590.40000000,87704.39000000,283.17436000
2026-01-01T06:00:00+00:00,BTC/USDT,1h,87704.39000000,87704.39000000,87636.29000000,87658.00000000,123.89656000
2026-01-01T07:00:00+00:00,BTC/USDT,1h,87658.01000000,87673.01000000,87596.00000000,87631.88000000,225.27492000
2026-01-01T08:00:00+00:00,BTC/USDT,1h,87631.88000000,87811.13000000,87631.87000000,87770.90000000,285.21745000
2026-01-01T09:00:00+00:00,BTC/USDT,1h,87770.89000000,87965.25000000,87751.82000000,87877.99000000,210.22963000
2026-01-01T10:00:00+00:00,BTC/USDT,1h,87877.99000000,87883.80000000,87799.17000000,87863.76000000,128.07380000
2026-01-01T11:00:00+00:00,BTC/USDT,1h,87863.75000000,88024.64000000,87859.36000000,88024.64000000,196.30405000
2026-01-01T12:00:00+00:00,BTC/USDT,1h,88024.64000000,88036.42000000,87925.28000000,87950.00000000,200.13556000
2026-01-01T13:00:00+00:00,BTC/USDT,1h,87950.00000000,88019.82000000,87860.66000000,87922.64000000,155.72883000
2026-01-01T14:00:00+00:00,BTC/USDT,1h,87922.63000000,87970.59000000,87810.66000000,87967.05000000,390.01531000
2026-01-01T15:00:00+00:00,BTC/USDT,1h,87967.05000000,88113.45000000,87916.39000000,88032.18000000,260.01234000
2026-01-01T16:00:00+00:00,BTC/USDT,1h,88032.17000000,88048.70000000,87879.03000000,87988.76000000,189.99476000
2026-01-01T17:00:00+00:00,BTC/USDT,1h,87988.77000000,88500.00000000,87976.00000000,88316.37000000,476.08554000
2026-01-01T18:00:00+00:00,BTC/USDT,1h,88316.38000000,88364.00000000,88105.08000000,88193.94000000,257.59166000
2026-01-01T19:00:00+00:00,BTC/USDT,1h,88193.94000000,88431.23000000,88062.32000000,88391.15000000,216.66303000
2026-01-01T20:00:00+00:00,BTC/USDT,1h,88391.16000000,88391.16000000,88240.00000000,88258.12000000,135.39527000
2026-01-01T21:00:00+00:00,BTC/USDT,1h,88258.12000000,88447.84000000,88254.08000000,88377.67000000,168.57205000
2026-01-01T22:00:00+00:00,BTC/USDT,1h,88377.67000000,88699.99000000,88377.67000000,88645.57000000,474.23054000
2026-01-01T23:00:00+00:00,BTC/USDT,1h,88645.57000000,88919.45000000,88474.63000000,88839.04000000,593.05254000
2026-01-02T00:00:00+00:00,BTC/USDT,1h,88839.05000000,88890.09000000,88594.39000000,88833.97000000,448.72758000
2026-01-02T01:00:00+00:00,BTC/USDT,1h,88833.96000000,88877.12000000,88525.73000000,88639.89000000,242.38673000
2026-01-02T02:00:00+00:00,BTC/USDT,1h,88639.89000000,88665.10000000,88379.88000000,88637.03000000,253.81052000
2026-01-02T03:00:00+00:00,BTC/USDT,1h,88637.02000000,89120.01000000,88573.64000000,88950.65000000,670.13653000
2026-01-02T04:00:00+00:00,BTC/USDT,1h,88950.64000000,88992.00000000,88629.00000000,88637.64000000,287.46487000
2026-01-02T05:00:00+00:00,BTC/USDT,1h,88637.64000000,88787.56000000,88576.56000000,88765.20000000,223.91609000
2026-01-02T06:00:00+00:00,BTC/USDT,1h,88765.21000000,89079.44000000,88715.44000000,88935.04000000,291.36506000
2026-01-02T07:00:00+00:00,BTC/USDT,1h,88935.05000000,89068.62000000,88794.01000000,88857.61000000,387.57118000
2026-01-02T08:00:00+00:00,BTC/USDT,1h,88857.60000000,89200.00000000,88758.94000000,89178.13000000,436.78167000
2026-01-02T09:00:00+00:00,BTC/USDT,1h,89178.13000000,89484.06000000,89106.34000000,89467.32000000,885.84196000
2026-01-02T10:00:00+00:00,BTC/USDT,1h,89467.32000000,89942.44000000,89451.34000000,89666.29000000,1401.67184000
2026-01-02T11:00:00+00:00,BTC/USDT,1h,89666.30000000,89682.04000000,89360.00000000,89502.95000000,610.27074000
2026-01-02T12:00:00+00:00,BTC/USDT,1h,89502.94000000,89593.17000000,89387.01000000,89400.00000000,388.55376000
2026-01-02T13:00:00+00:00,BTC/USDT,1h,89400.00000000,89688.60000000,89309.94000000,89348.68000000,481.02676000
2026-01-02T14:00:00+00:00,BTC/USDT,1h,89348.67000000,90135.00000000,88459.96000000,89580.00000000,2152.74387000
2026-01-02T15:00:00+00:00,BTC/USDT,1h,89580.01000000,89888.00000000,88800.00000000,89418.11000000,1551.51931000
2026-01-02T16:00:00+00:00,BTC/USDT,1h,89418.10000000,90800.00000000,89205.92000000,90376.05000000,2486.21857000
2026-01-02T17:00:00+00:00,BTC/USDT,1h,90376.05000000,90961.81000000,90185.43000000,90370.52000000,1336.49207000
2026-01-02T18:00:00+00:00,BTC/USDT,1h,90370.52000000,90555.99000000,89552.18000000,89773.10000000,847.22983000
2026-01-02T19:00:00+00:00,BTC/USDT,1h,89773.10000000,90157.03000000,89650.00000000,89897.23000000,485.53154000
2026-01-02T20:00:00+00:00,BTC/USDT,1h,89897.23000000,90075.00000000,89636.77000000,89740.00000000,538.07124000
2026-01-02T21:00:00+00:00,BTC/USDT,1h,89740.01000000,90175.01000000,89728.37000000,90065.80000000,330.88507000
2026-01-02T22:00:00+00:00,BTC/USDT,1h,90065.80000000,90400.00000000,90026.54000000,90195.37000000,409.68756000
2026-01-02T23:00:00+00:00,BTC/USDT,1h,90195.37000000,90201.67000000,89902.16000000,89995.13000000,249.06866000
2026-01-03T00:00:00+00:00,BTC/USDT,1h,89995.14000000,90195.77000000,89966.48000000,90156.19000000,298.52212000
2026-01-03T01:00:00+00:00,BTC/USDT,1h,90156.19000000,90292.87000000,90077.69000000,90282.69000000,236.37769000
2026-01-03T02:00:00+00:00,BTC/USDT,1h,90282.68000000,90418.32000000,90129.53000000,90340.00000000,305.59164000
2026-01-03T03:00:00+00:00,BTC/USDT,1h,90340.01000000,90376.49000000,90200.00000000,90321.22000000,185.70264000
2026-01-03T04:00:00+00:00,BTC/USDT,1h,90321.23000000,90480.62000000,90053.53000000,90170.00000000,411.08569000
2026-01-03T05:00:00+00:00,BTC/USDT,1h,90170.01000000,90198.00000000,89924.48000000,90031.10000000,222.72398000
2026-01-03T06:00:00+00:00,BTC/USDT,1h,90031.10000000,90134.60000000,89850.10000000,89871.05000000,273.68226000
2026-01-03T07:00:00+00:00,BTC/USDT,1h,89871.04000000,89950.88000000,89314.01000000,89577.13000000,869.92487000
2026-01-03T08:00:00+00:00,BTC/USDT,1h,89577.13000000,89831.90000000,89420.75000000,89670.51000000,458.16930000
2026-01-03T09:00:00+00:00,BTC/USDT,1h,89670.51000000,89982.11000000,89634.95000000,89791.99000000,409.91195000
2026-01-03T10:00:00+00:00,BTC/USDT,1h,89792.00000000,89881.10000000,89715.21000000,89754.47000000,270.67124000
2026-01-03T11:00:00+00:00,BTC/USDT,1h,89754.48000000,89782.81000000,89679.14000000,89752.74000000,162.35671000
2026-01-03T12:00:00+00:00,BTC/USDT,1h,89752.75000000,90046.00000000,89664.93000000,90039.13000000,374.21001000
2026-01-03T13:00:00+00:00,BTC/USDT,1h,90039.12000000,90065.74000000,89920.01000000,90004.96000000,287.30479000
2026-01-03T14:00:00+00:00,BTC/USDT,1h,90004.97000000,90249.99000000,89960.00000000,90126.02000000,298.26434000
2026-01-03T15:00:00+00:00,BTC/USDT,1h,90126.02000000,90126.02000000,89968.00000000,89969.31000000,155.37202000
2026-01-03T16:00:00+00:00,BTC/USDT,1h,89969.31000000,90219.67000000,89918.59000000,90105.24000000,200.27276000
2026-01-03T17:00:00+00:00,BTC/USDT,1h,90105.24000000,90123.77000000,90026.93000000,90093.99000000,83.86507000
2026-01-03T18:00:00+00:00,BTC/USDT,1h,90094.00000000,90197.88000000,90035.52000000,90138.87000000,141.85601000
2026-01-03T19:00:00+00:00,BTC/USDT,1h,90138.87000000,90156.19000000,90060.00000000,90123.77000000,90.08443000
2026-01-03T20:00:00+00:00,BTC/USDT,1h,90123.76000000,90372.40000000,90017.23000000,90372.39000000,179.02196000
2026-01-03T21:00:00+00:00,BTC/USDT,1h,90372.40000000,90741.16000000,90318.29000000,90564.31000000,398.89642000
2026-01-03T22:00:00+00:00,BTC/USDT,1h,90564.32000000,90738.99000000,90497.52000000,90590.04000000,433.49380000
2026-01-03T23:00:00+00:00,BTC/USDT,1h,90590.04000000,90700.00000000,90469.39000000,90628.01000000,310.10546000
2026-01-04T00:00:00+00:00,BTC/USDT,1h,90628.01000000,91610.17000000,90628.00000000,91341.47000000,1737.64298000
2026-01-04T01:00:00+00:00,BTC/USDT,1h,91341.48000000,91475.52000000,91005.37000000,91235.37000000,375.26249000
2026-01-04T02:00:00+00:00,BTC/USDT,1h,91235.37000000,91292.00000000,91080.06000000,91124.00000000,278.28940000
2026-01-04T03:00:00+00:00,BTC/USDT,1h,91124.00000000,91350.00000000,91080.06000000,91236.78000000,328.23931000
2026-01-04T04:00:00+00:00,BTC/USDT,1h,91236.78000000,91587.72000000,91183.15000000,91400.00000000,457.69348000
2026-01-04T05:00:00+00:00,BTC/USDT,1h,91400.01000000,91490.68000000,91348.31000000,91480.04000000,172.44443000
2026-01-04T06:00:00+00:00,BTC/USDT,1h,91480.04000000,91810.00000000,91237.54000000,91237.55000000,747.06543000
2026-01-04T07:00:00+00:00,BTC/USDT,1h,91237.54000000,91546.31000000,91211.25000000,91532.00000000,456.46078000
2026-01-04T08:00:00+00:00,BTC/USDT,1h,91532.00000000,91536.00000000,91174.46000000,91374.99000000,620.80815000
2026-01-04T09:00:00+00:00,BTC/USDT,1h,91374.99000000,91485.21000000,91244.29000000,91468.28000000,941.08164000
2026-01-04T10:00:00+00:00,BTC/USDT,1h,91468.28000000,91620.50000000,91422.67000000,91600.62000000,665.01473000
2026-01-04T11:00:00+00:00,BTC/USDT,1h,91600.62000000,91600.62000000,91236.19000000,91300.00000000,369.35457000
2026-01-04T12:00:00+00:00,BTC/USDT,1h,91300.01000000,91360.00000000,91084.00000000,91150.98000000,454.56858000
2026-01-04T13:00:00+00:00,BTC/USDT,1h,91150.99000000,91276.94000000,91014.10000000,91264.00000000,272.68922000
2026-01-04T14:00:00+00:00,BTC/USDT,1h,91264.00000000,91419.22000000,91146.86000000,91336.39000000,272.07953000
2026-01-04T15:00:00+00:00,BTC/USDT,1h,91336.39000000,91381.60000000,91096.27000000,91334.94000000,316.98098000
2026-01-04T16:00:00+00:00,BTC/USDT,1h,91334.94000000,91455.90000000,91244.60000000,91321.00000000,326.44422000
2026-01-04T17:00:00+00:00,BTC/USDT,1h,91321.00000000,91436.21000000,91306.77000000,91335.73000000,137.11227000
2026-01-04T18:00:00+00:00,BTC/USDT,1h,91335.72000000,91335.73000000,91000.00000000,91205.39000000,304.66859000
2026-01-04T19:00:00+00:00,BTC/USDT,1h,91205.38000000,91205.39000000,90863.47000000,91138.07000000,372.30446000
2026-01-04T20:00:00+00:00,BTC/USDT,1h,91138.06000000,91349.38000000,91132.00000000,91313.94000000,147.52188000
2026-01-04T21:00:00+00:00,BTC/USDT,1h,91313.93000000,91421.96000000,91182.71000000,91279.99000000,135.33795000
2026-01-04T22:00:00+00:00,BTC/USDT,1h,91279.99000000,91401.98000000,91150.47000000,91220.01000000,149.03275000
2026-01-04T23:00:00+00:00,BTC/USDT,1h,91220.00000000,91590.00000000,91220.00000000,91529.73000000,388.43188000
2026-01-05T00:00:00+00:00,BTC/USDT,1h,91529.74000000,92426.82000000,91514.81000000,92405.46000000,2061.87264000
2026-01-05T01:00:00+00:00,BTC/USDT,1h,92405.46000000,93388.00000000,92280.69000000,92967.28000000,1977.50385000
2026-01-05T02:00:00+00:00,BTC/USDT,1h,92967.29000000,93157.99000000,92724.98000000,93033.11000000,913.68581000
2026-01-05T03:00:00+00:00,BTC/USDT,1h,93033.11000000,93204.70000000,92871.26000000,92878.22000000,595.50021000
2026-01-05T04:00:00+00:00,BTC/USDT,1h,92878.22000000,92947.87000000,92330.46000000,92595.07000000,588.83873000
2026-01-05T05:00:00+00:00,BTC/USDT,1h,92595.07000000,92720.73000000,92340.39000000,92359.99000000,400.53800000
2026-01-05T06:00:00+00:00,BTC/USDT,1h,92359.99000000,92500.00000000,92155.00000000,92491.81000000,320.70875000
2026-01-05T07:00:00+00:00,BTC/USDT,1h,92491.82000000,92644.31000000,92484.72000000,92520.63000000,528.78142000
2026-01-05T08:00:00+00:00,BTC/USDT,1h,92520.63000000,92774.28000000,92446.00000000,92467.53000000,603.26757000
2026-01-05T09:00:00+00:00,BTC/USDT,1h,92467.54000000,92845.53000000,92320.17000000,92688.60000000,645.33375000
2026-01-05T10:00:00+00:00,BTC/USDT,1h,92688.61000000,93151.00000000,92679.12000000,93080.00000000,681.83063000
2026-01-05T11:00:00+00:00,BTC/USDT,1h,93080.00000000,93151.00000000,92883.03000000,93134.26000000,567.75651000
2026-01-05T12:00:00+00:00,BTC/USDT,1h,93134.25000000,93206.20000000,92752.60000000,92874.28000000,453.58870000
2026-01-05T13:00:00+00:00,BTC/USDT,1h,92874.28000000,93020.00000000,92535.41000000,92742.74000000,486.24906000
2026-01-05T14:00:00+00:00,BTC/USDT,1h,92742.73000000,93666.00000000,92407.13000000,93428.00000000,1355.05943000
2026-01-05T15:00:00+00:00,BTC/USDT,1h,93428.00000000,94000.00000000,93170.95000000,93957.73000000,1929.19905000
2026-01-05T16:00:00+00:00,BTC/USDT,1h,93957.74000000,94076.35000000,93586.65000000,93701.31000000,1298.79178000
2026-01-05T17:00:00+00:00,BTC/USDT,1h,93701.30000000,94477.69000000,93250.00000000,94317.84000000,1154.31910000
2026-01-05T18:00:00+00:00,BTC/USDT,1h,94317.84000000,94500.00000000,93920.00000000,94449.62000000,974.95833000
2026-01-05T19:00:00+00:00,BTC/USDT,1h,94449.61000000,94500.00000000,94131.44000000,94303.40000000,762.31290000
2026-01-05T20:00:00+00:00,BTC/USDT,1h,94303.40000000,94789.08000000,94038.00000000,94177.99000000,1133.04005000
2026-01-05T21:00:00+00:00,BTC/USDT,1h,94178.00000000,94227.40000000,93800.00000000,94095.78000000,474.75745000
2026-01-05T22:00:00+00:00,BTC/USDT,1h,94095.78000000,94406.00000000,94012.30000000,94171.22000000,370.72137000
2026-01-05T23:00:00+00:00,BTC/USDT,1h,94171.21000000,94194.01000000,93859.70000000,93859.71000000,394.98075000
2026-01-06T00:00:00+00:00,BTC/USDT,1h,93859.71000000,93993.07000000,93555.93000000,93816.70000000,522.32093000
2026-01-06T01:00:00+00:00,BTC/USDT,1h,93816.70000000,94161.86000000,93739.37000000,93771.82000000,384.14412000
2026-01-06T02:00:00+00:00,BTC/USDT,1h,93771.82000000,93870.66000000,93529.18000000,93620.60000000,336.13865000
2026-01-06T03:00:00+00:00,BTC/USDT,1h,93620.60000000,93943.88000000,93601.96000000,93769.24000000,285.34343000
2026-01-06T04:00:00+00:00,BTC/USDT,1h,93769.25000000,94000.00000000,93734.25000000,93801.07000000,231.47521000
2026-01-06T05:00:00+00:00,BTC/USDT,1h,93801.07000000,93816.00000000,93572.11000000,93599.99000000,407.00036000
2026-01-06T06:00:00+00:00,BTC/USDT,1h,93599.99000000,93951.07000000,93538.83000000,93780.01000000,538.64562000
2026-01-06T07:00:00+00:00,BTC/USDT,1h,93780.01000000,93782.60000000,93137.98000000,93255.08000000,860.27324000
2026-01-06T08:00:00+00:00,BTC/USDT,1h,93255.08000000,93420.11000000,93167.29000000,93240.17000000,355.74138000
2026-01-06T09:00:00+00:00,BTC/USDT,1h,93240.18000000,93569.61000000,93229.37000000,93462.72000000,327.55172000
2026-01-06T10:00:00+00:00,BTC/USDT,1h,93462.72000000,93654.49000000,93413.20000000,93579.56000000,273.28705000
2026-01-06T11:00:00+00:00,BTC/USDT,1h,93579.56000000,93895.00000000,93571.43000000,93840.00000000,403.66589000
2026-01-06T12:00:00+00:00,BTC/USDT,1h,93839.99000000,93981.10000000,93784.30000000,93872.16000000,338.69848000
2026-01-06T13:00:00+00:00,BTC/USDT,1h,93872.17000000,93872.17000000,93636.75000000,93716.53000000,315.19532000
2026-01-06T14:00:00+00:00,BTC/USDT,1h,93716.53000000,94444.44000000,93531.28000000,93836.81000000,1676.33623000
2026-01-06T15:00:00+00:00,BTC/USDT,1h,93836.81000000,94311.22000000,93352.01000000,93648.99000000,1417.41756000
2026-01-06T16:00:00+00:00,BTC/USDT,1h,93649.00000000,93775.60000000,92336.00000000,92692.32000000,2208.46324000
2026-01-06T17:00:00+00:00,BTC/USDT,1h,92692.32000000,92773.05000000,91539.68000000,91589.24000000,1784.74974000
2026-01-06T18:00:00+00:00,BTC/USDT,1h,91589.23000000,92221.52000000,91262.94000000,92034.09000000,1427.50922000
2026-01-06T19:00:00+00:00,BTC/USDT,1h,92034.09000000,92361.82000000,91902.00000000,92104.50000000,733.78195000
2026-01-06T20:00:00+00:00,BTC/USDT,1h,92104.49000000,92698.04000000,92098.29000000,92505.32000000,775.34743000
2026-01-06T21:00:00+00:00,BTC/USDT,1h,92505.31000000,93845.03000000,92372.40000000,93258.05000000,1874.69965000
2026-01-06T22:00:00+00:00,BTC/USDT,1h,93258.04000000,93533.78000000,92966.75000000,93362.68000000,713.98511000
2026-01-06T23:00:00+00:00,BTC/USDT,1h,93362.67000000,93792.17000000,93333.32000000,93747.97000000,354.64676000
2026-01-07T00:00:00+00:00,BTC/USDT,1h,93747.97000000,93747.97000000,92626.31000000,92709.52000000,843.19542000
2026-01-07T01:00:00+00:00,BTC/USDT,1h,92709.36000000,92902.52000000,92330.33000000,92435.35000000,936.69400000
2026-01-07T02:00:00+00:00,BTC/USDT,1h,92435.36000000,93060.00000000,92236.07000000,92949.77000000,598.87784000
2026-01-07T03:00:00+00:00,BTC/USDT,1h,92949.77000000,93108.69000000,92747.12000000,92815.83000000,294.44853000
2026-01-07T04:00:00+00:00,BTC/USDT,1h,92815.83000000,92930.35000000,92610.00000000,92670.29000000,319.36155000
2026-01-07T05:00:00+00:00,BTC/USDT,1h,92670.30000000,92847.16000000,92500.00000000,92529.54000000,227.33033000
2026-01-07T06:00:00+00:00,BTC/USDT,1h,92529.53000000,92899.57000000,92523.75000000,92614.84000000,240.63686000
2026-01-07T07:00:00+00:00,BTC/USDT,1h,92614.84000000,92895.56000000,92614.83000000,92879.13000000,256.24423000
2026-01-07T08:00:00+00:00,BTC/USDT,1h,92879.14000000,92961.53000000,92698.09000000,92718.90000000,263.50620000
2026-01-07T09:00:00+00:00,BTC/USDT,1h,92718.90000000,92718.91000000,91600.00000000,91716.14000000,1258.05952000
2026-01-07T10:00:00+00:00,BTC/USDT,1h,91716.14000000,92000.00000000,91600.00000000,91975.31000000,538.05487000
2026-01-07T11:00:00+00:00,BTC/USDT,1h,91975.31000000,92253.16000000,91928.21000000,92087.21000000,542.17686000
2026-01-07T12:00:00+00:00,BTC/USDT,1h,92087.21000000,92176.98000000,91977.73000000,91997.86000000,317.95554000
2026-01-07T13:00:00+00:00,BTC/USDT,1h,91997.85000000,92299.40000000,91864.52000000,92044.67000000,443.04448000
2026-01-07T14:00:00+00:00,BTC/USDT,1h,92044.67000000,92135.10000000,91353.39000000,91959.04000000,1427.59818000
2026-01-07T15:00:00+00:00,BTC/USDT,1h,91959.05000000,92000.00000000,91024.00000000,91349.96000000,1434.72957000
2026-01-07T16:00:00+00:00,BTC/USDT,1h,91349.95000000,91790.00000000,91150.00000000,91264.54000000,677.82559000
2026-01-07T17:00:00+00:00,BTC/USDT,1h,91264.55000000,91698.15000000,91026.01000000,91252.14000000,548.07377000
2026-01-07T18:00:00+00:00,BTC/USDT,1h,91252.13000000,91441.35000000,90733.14000000,90901.39000000,816.16719000
2026-01-07T19:00:00+00:00,BTC/USDT,1h,90901.38000000,91280.07000000,90675.52000000,91186.07000000,611.74260000
2026-01-07T20:00:00+00:00,BTC/USDT,1h,91186.07000000,91300.75000000,90778.32000000,91047.49000000,438.79062000
2026-01-07T21:00:00+00:00,BTC/USDT,1h,91047.49000000,91231.90000000,91035.77000000,91089.50000000,245.38775000
2026-01-07T22:00:00+00:00,BTC/USDT,1h,91089.50000000,91383.14000000,90873.08000000,91180.85000000,362.92780000
2026-01-07T23:00:00+00:00,BTC/USDT,1h,91180.85000000,91489.60000000,91004.10000000,91364.16000000,633.66095000
2026-01-08T00:00:00+00:00,BTC/USDT,1h,91364.16000000,91529.72000000,91072.16000000,91394.71000000,369.48198000
2026-01-08T01:00:00+00:00,BTC/USDT,1h,91394.70000000,91687.99000000,91300.00000000,91428.40000000,306.46699000
2026-01-08T02:00:00+00:00,BTC/USDT,1h,91428.39000000,91473.00000000,90764.00000000,90956.49000000,571.10105000
2026-01-08T03:00:00+00:00,BTC/USDT,1h,90956.50000000,91142.51000000,90616.36000000,90813.40000000,547.79189000
2026-01-08T04:00:00+00:00,BTC/USDT,1h,90813.40000000,91168.00000000,90700.00000000,91022.75000000,357.33917000
2026-01-08T05:00:00+00:00,BTC/USDT,1h,91022.74000000,91188.00000000,90786.14000000,90829.58000000,295.83835000
2026-01-08T06:00:00+00:00,BTC/USDT,1h,90829.58000000,90872.00000000,89897.01000000,89898.01000000,1360.25581000
2026-01-08T07:00:00+00:00,BTC/USDT,1h,89898.00000000,90588.00000000,89641.84000000,90548.02000000,1094.34311000
2026-01-08T08:00:00+00:00,BTC/USDT,1h,90548.02000000,90917.22000000,90155.05000000,90227.25000000,841.98085000
2026-01-08T09:00:00+00:00,BTC/USDT,1h,90227.25000000,90374.78000000,89956.00000000,90010.00000000,514.04982000
2026-01-08T10:00:00+00:00,BTC/USDT,1h,90009.99000000,90493.18000000,89777.25000000,90410.10000000,526.53398000
2026-01-08T11:00:00+00:00,BTC/USDT,1h,90409.61000000,90487.31000000,90022.26000000,90226.77000000,548.71612000
2026-01-08T12:00:00+00:00,BTC/USDT,1h,90226.77000000,90240.85000000,89781.96000000,89989.21000000,992.96975000
2026-01-08T13:00:00+00:00,BTC/USDT,1h,89989.20000000,90105.08000000,89861.59000000,89962.14000000,441.44929000
2026-01-08T14:00:00+00:00,BTC/USDT,1h,89962.14000000,90171.00000000,89311.00000000,90024.01000000,1521.76403000
2026-01-08T15:00:00+00:00,BTC/USDT,1h,90024.00000000,90847.52000000,89820.89000000,90781.57000000,1428.07575000
2026-01-08T16:00:00+00:00,BTC/USDT,1h,90781.57000000,90926.84000000,90312.89000000,90926.84000000,855.68064000
2026-01-08T17:00:00+00:00,BTC/USDT,1h,90926.84000000,91440.00000000,90842.00000000,91366.39000000,874.20589000
2026-01-08T18:00:00+00:00,BTC/USDT,1h,91366.39000000,91469.00000000,90952.00000000,91117.35000000,517.40477000
2026-01-08T19:00:00+00:00,BTC/USDT,1h,91117.35000000,91333.00000000,90812.98000000,90937.41000000,409.29800000
2026-01-08T20:00:00+00:00,BTC/USDT,1h,90937.42000000,90996.02000000,90568.11000000,90927.62000000,476.53275000
2026-01-08T21:00:00+00:00,BTC/USDT,1h,90927.63000000,91336.63000000,90917.70000000,91272.96000000,629.96765000
2026-01-08T22:00:00+00:00,BTC/USDT,1h,91272.96000000,91493.00000000,91033.11000000,91231.90000000,417.67218000
2026-01-08T23:00:00+00:00,BTC/USDT,1h,91231.89000000,91336.63000000,91046.87000000,91099.99000000,233.87135000
2026-01-09T00:00:00+00:00,BTC/USDT,1h,91100.00000000,91307.72000000,91058.70000000,91290.33000000,179.40576000
2026-01-09T01:00:00+00:00,BTC/USDT,1h,91290.34000000,91632.10000000,90850.00000000,91056.19000000,545.56598000
2026-01-09T02:00:00+00:00,BTC/USDT,1h,91056.20000000,91481.19000000,91023.00000000,91038.38000000,431.10210000
2026-01-09T03:00:00+00:00,BTC/USDT,1h,91038.39000000,91271.73000000,90941.44000000,91220.23000000,417.79460000
2026-01-09T04:00:00+00:00,BTC/USDT,1h,91220.24000000,91236.72000000,90933.30000000,91012.80000000,322.36121000
2026-01-09T05:00:00+00:00,BTC/USDT,1h,91012.81000000,91119.81000000,90882.71000000,91091.82000000,292.21625000
2026-01-09T06:00:00+00:00,BTC/USDT,1h,91091.82000000,91146.47000000,90989.29000000,91137.58000000,209.50276000
2026-01-09T07:00:00+00:00,BTC/USDT,1h,91137.58000000,91137.58000000,90738.34000000,90741.84000000,669.47590000
2026-01-09T08:00:00+00:00,BTC/USDT,1h,90741.85000000,90843.77000000,89694.66000000,90033.52000000,1141.88324000
2026-01-09T09:00:00+00:00,BTC/USDT,1h,90033.52000000,90481.20000000,90014.60000000,90338.46000000,507.45187000
2026-01-09T10:00:00+00:00,BTC/USDT,1h,90338.47000000,90558.01000000,90283.47000000,90485.87000000,396.79277000
2026-01-09T11:00:00+00:00,BTC/USDT,1h,90485.87000000,90691.32000000,90404.21000000,90463.11000000,540.59585000
2026-01-09T12:00:00+00:00,BTC/USDT,1h,90463.12000000,90603.53000000,90235.13000000,90449.23000000,690.17113000
2026-01-09T13:00:00+00:00,BTC/USDT,1h,90449.22000000,90938.62000000,90405.15000000,90607.66000000,722.68305000
2026-01-09T14:00:00+00:00,BTC/USDT,1h,90607.66000000,90666.91000000,89940.00000000,90150.00000000,840.37741000
2026-01-09T15:00:00+00:00,BTC/USDT,1h,90150.01000000,92082.55000000,89850.00000000,91176.47000000,3441.12901000
2026-01-09T16:00:00+00:00,BTC/USDT,1h,91176.48000000,91783.32000000,91175.79000000,91623.89000000,1143.47636000
2026-01-09T17:00:00+00:00,BTC/USDT,1h,91623.89000000,91680.41000000,91012.00000000,91422.23000000,688.89123000
2026-01-09T18:00:00+00:00,BTC/USDT,1h,91422.23000000,91507.82000000,90340.00000000,90820.31000000,551.14415000
2026-01-09T19:00:00+00:00,BTC/USDT,1h,90820.30000000,90820.30000000,90190.00000000,90332.15000000,578.57871000
2026-01-09T20:00:00+00:00,BTC/USDT,1h,90332.14000000,90580.62000000,90235.00000000,90303.36000000,313.31668000
2026-01-09T21:00:00+00:00,BTC/USDT,1h,90303.37000000,90643.81000000,90113.87000000,90541.97000000,207.05117000
2026-01-09T22:00:00+00:00,BTC/USDT,1h,90541.98000000,90723.06000000,90353.91000000,90630.08000000,575.52178000
2026-01-09T23:00:00+00:00,BTC/USDT,1h,90630.08000000,90732.01000000,90604.58000000,90641.28000000,183.79042000
2026-01-10T00:00:00+00:00,BTC/USDT,1h,90641.27000000,90693.89000000,90527.99000000,90600.00000000,151.21516000
2026-01-10T01:00:00+00:00,BTC/USDT,1h,90600.00000000,90732.20000000,90587.00000000,90688.00000000,113.18366000
2026-01-10T02:00:00+00:00,BTC/USDT,1h,90688.00000000,90782.23000000,90607.02000000,90697.17000000,139.70054000
2026-01-10T03:00:00+00:00,BTC/USDT,1h,90697.17000000,90697.18000000,90554.26000000,90626.14000000,124.89032000
2026-01-10T04:00:00+00:00,BTC/USDT,1h,90626.15000000,90649.99000000,90408.23000000,90448.30000000,164.87324000
2026-01-10T05:00:00+00:00,BTC/USDT,1h,90448.30000000,90617.62000000,90431.45000000,90603.52000000,84.41081000
2026-01-10T06:00:00+00:00,BTC/USDT,1h,90603.52000000,90603.53000000,90474.35000000,90505.47000000,74.15884000
2026-01-10T07:00:00+00:00,BTC/USDT,1h,90505.48000000,90682.70000000,90505.47000000,90678.50000000,168.18359000
2026-01-10T08:00:00+00:00,BTC/USDT,1h,90678.50000000,90773.33000000,90618.28000000,90661.95000000,288.33994000
2026-01-10T09:00:00+00:00,BTC/USDT,1h,90661.94000000,90768.97000000,90630.09000000,90768.96000000,158.69299000
2026-01-10T10:00:00+00:00,BTC/USDT,1h,90768.97000000,90832.00000000,90728.45000000,90828.00000000,126.67512000
2026-01-10T11:00:00+00:00,BTC/USDT,1h,90828.00000000,90828.00000000,90708.25000000,90723.86000000,73.68827000
2026-01-10T12:00:00+00:00,BTC/USDT,1h,90723.87000000,90788.78000000,90665.75000000,90733.71000000,94.62022000
2026-01-10T13:00:00+00:00,BTC/USDT,1h,90733.71000000,90772.78000000,90633.86000000,90656.51000000,82.99160000
2026-01-10T14:00:00+00:00,BTC/USDT,1h,90656.52000000,90658.69000000,90538.46000000,90591.01000000,144.35468000
2026-01-10T15:00:00+00:00,BTC/USDT,1h,90591.01000000,90665.76000000,90584.17000000,90665.75000000,92.51513000
2026-01-10T16:00:00+00:00,BTC/USDT,1h,90665.76000000,90725.74000000,90609.56000000,90676.66000000,142.80125000
2026-01-10T17:00:00+00:00,BTC/USDT,1h,90676.66000000,90746.00000000,90544.96000000,90544.96000000,152.86625000
2026-01-10T18:00:00+00:00,BTC/USDT,1h,90544.96000000,90595.63000000,90504.55000000,90595.62000000,158.53961000
2026-01-10T19:00:00+00:00,BTC/USDT,1h,90595.62000000,90631.37000000,90580.61000000,90626.54000000,75.94050000
2026-01-10T20:00:00+00:00,BTC/USDT,1h,90626.54000000,90659.03000000,90571.00000000,90572.86000000,99.38243000
2026-01-10T21:00:00+00:00,BTC/USDT,1h,90572.86000000,90572.86000000,90500.38000000,90510.74000000,144.94285000
2026-01-10T22:00:00+00:00,BTC/USDT,1h,90510.75000000,90600.00000000,90404.00000000,90427.76000000,161.64189000
2026-01-10T23:00:00+00:00,BTC/USDT,1h,90427.76000000,90567.15000000,90427.75000000,90504.70000000,85.50833000
2026-01-11T00:00:00+00:00,BTC/USDT,1h,90504.70000000,90650.75000000,90451.10000000,90640.44000000,114.36360000
2026-01-11T01:00:00+00:00,BTC/USDT,1h,90640.44000000,90675.53000000,90558.95000000,90628.23000000,83.46973000
2026-01-11T02:00:00+00:00,BTC/USDT,1h,90628.24000000,90731.90000000,90615.34000000,90699.00000000,123.06702000
2026-01-11T03:00:00+00:00,BTC/USDT,1h,90699.00000000,90737.95000000,90631.64000000,90733.50000000,142.98004000
2026-01-11T04:00:00+00:00,BTC/USDT,1h,90733.49000000,90785.48000000,90661.53000000,90785.48000000,141.85581000
2026-01-11T05:00:00+00:00,BTC/USDT,1h,90785.48000000,90850.00000000,90740.00000000,90774.43000000,128.06651000
2026-01-11T06:00:00+00:00,BTC/USDT,1h,90774.42000000,90796.83000000,90585.34000000,90744.00000000,169.88277000
2026-01-11T07:00:00+00:00,BTC/USDT,1h,90744.00000000,90749.00000000,90675.52000000,90710.79000000,107.03833000
2026-01-11T08:00:00+00:00,BTC/USDT,1h,90710.80000000,90816.00000000,90610.27000000,90790.01000000,261.70108000
2026-01-11T09:00:00+00:00,BTC/USDT,1h,90790.01000000,90815.44000000,90675.60000000,90740.02000000,180.86038000
2026-01-11T10:00:00+00:00,BTC/USDT,1h,90740.01000000,90740.02000000,90692.79000000,90736.67000000,123.08314000
2026-01-11T11:00:00+00:00,BTC/USDT,1h,90736.66000000,90756.00000000,90695.05000000,90754.99000000,128.73157000
2026-01-11T12:00:00+00:00,BTC/USDT,1h,90754.99000000,91020.00000000,90720.21000000,90938.13000000,211.42505000
2026-01-11T13:00:00+00:00,BTC/USDT,1h,90938.12000000,90972.33000000,90821.47000000,90849.45000000,154.00693000
2026-01-11T14:00:00+00:00,BTC/USDT,1h,90849.45000000,91191.50000000,90849.45000000,91127.16000000,282.45011000
2026-01-11T15:00:00+00:00,BTC/USDT,1h,91127.17000000,91153.99000000,90708.25000000,90875.79000000,496.14604000
2026-01-11T16:00:00+00:00,BTC/USDT,1h,90875.79000000,91283.89000000,90875.79000000,91039.15000000,389.24788000
2026-01-11T17:00:00+00:00,BTC/USDT,1h,91039.14000000,91147.82000000,90904.07000000,90986.68000000,234.85682000
2026-01-11T18:00:00+00:00,BTC/USDT,1h,90986.68000000,90986.69000000,90793.43000000,90886.68000000,177.99755000
2026-01-11T19:00:00+00:00,BTC/USDT,1h,90886.68000000,90922.08000000,90673.30000000,90690.80000000,159.30510000
2026-01-11T20:00:00+00:00,BTC/USDT,1h,90690.81000000,90743.72000000,90370.85000000,90708.26000000,497.31755000
2026-01-11T21:00:00+00:00,BTC/USDT,1h,90708.25000000,90838.69000000,90590.61000000,90757.06000000,217.97309000
2026-01-11T22:00:00+00:00,BTC/USDT,1h,90757.07000000,90757.07000000,90453.36000000,90526.02000000,255.60666000
2026-01-11T23:00:00+00:00,BTC/USDT,1h,90526.01000000,91041.79000000,90236.00000000,91013.65000000,695.70318000
2026-01-12T00:00:00+00:00,BTC/USDT,1h,91013.66000000,91258.66000000,90700.29000000,91258.65000000,740.61830000
2026-01-12T01:00:00+00:00,BTC/USDT,1h,91258.66000000,91799.00000000,91086.00000000,91412.44000000,973.78286000
2026-01-12T02:00:00+00:00,BTC/USDT,1h,91412.44000000,92384.40000000,91374.00000000,92203.56000000,1103.07593000
2026-01-12T03:00:00+00:00,BTC/USDT,1h,92203.56000000,92519.95000000,91808.11000000,91808.12000000,968.99203000
2026-01-12T04:00:00+00:00,BTC/USDT,1h,91808.12000000,92290.81000000,91741.82000000,92175.78000000,651.26560000
2026-01-12T05:00:00+00:00,BTC/USDT,1h,92175.79000000,92267.66000000,92037.51000000,92111.86000000,274.66206000
2026-01-12T06:00:00+00:00,BTC/USDT,1h,92111.87000000,92207.01000000,91805.43000000,91836.34000000,279.64865000
2026-01-12T07:00:00+00:00,BTC/USDT,1h,91836.35000000,91970.00000000,91381.36000000,91408.09000000,500.65720000
2026-01-12T08:00:00+00:00,BTC/USDT,1h,91408.09000000,91630.13000000,90388.89000000,90752.27000000,1298.94335000
2026-01-12T09:00:00+00:00,BTC/USDT,1h,90752.28000000,90942.85000000,90648.15000000,90685.64000000,605.22242000
2026-01-12T10:00:00+00:00,BTC/USDT,1h,90685.65000000,90793.18000000,90370.00000000,90433.46000000,399.68146000
2026-01-12T11:00:00+00:00,BTC/USDT,1h,90433.45000000,90824.86000000,90425.36000000,90620.96000000,457.29481000
2026-01-12T12:00:00+00:00,BTC/USDT,1h,90620.95000000,90863.74000000,90615.66000000,90789.37000000,244.81991000
2026-01-12T13:00:00+00:00,BTC/USDT,1h,90789.37000000,90829.73000000,90538.00000000,90636.01000000,327.61952000
2026-01-12T14:00:00+00:00,BTC/USDT,1h,90636.00000000,91131.39000000,90128.44000000,90908.95000000,1300.15719000
2026-01-12T15:00:00+00:00,BTC/USDT,1h,90908.95000000,91665.00000000,90705.91000000,91665.00000000,1031.47333000
2026-01-12T16:00:00+00:00,BTC/USDT,1h,91664.99000000,92332.00000000,91567.81000000,92123.52000000,1578.09092000
2026-01-12T17:00:00+00:00,BTC/USDT,1h,92123.51000000,92306.62000000,91000.53000000,91522.83000000,1208.45838000
2026-01-12T18:00:00+00:00,BTC/USDT,1h,91522.83000000,91943.26000000,91411.79000000,91691.80000000,505.47425000
2026-01-12T19:00:00+00:00,BTC/USDT,1h,91691.80000000,91880.00000000,91434.80000000,91861.27000000,337.94969000
2026-01-12T20:00:00+00:00,BTC/USDT,1h,91861.27000000,92046.23000000,91417.99000000,91484.86000000,374.00813000
2026-01-12T21:00:00+00:00,BTC/USDT,1h,91484.87000000,91502.37000000,90938.20000000,91055.17000000,398.88227000
2026-01-12T22:00:00+00:00,BTC/USDT,1h,91055.17000000,91441.34000000,91052.21000000,91244.99000000,313.86446000
2026-01-12T23:00:00+00:00,BTC/USDT,1h,91244.99000000,91311.68000000,91059.88000000,91296.20000000,313.43996000
2026-01-13T00:00:00+00:00,BTC/USDT,1h,91296.20000000,91546.08000000,91249.00000000,91482.74000000,334.56358000
2026-01-13T01:00:00+00:00,BTC/USDT,1h,91482.74000000,91546.08000000,91042.66000000,91185.35000000,442.20574000
2026-01-13T02:00:00+00:00,BTC/USDT,1h,91185.34000000,91382.82000000,91097.80000000,91118.30000000,271.94314000
2026-01-13T03:00:00+00:00,BTC/USDT,1h,91118.30000000,91453.45000000,91118.29000000,91408.91000000,263.81213000
2026-01-13T04:00:00+00:00,BTC/USDT,1h,91408.90000000,91650.81000000,91350.71000000,91515.16000000,272.26771000
2026-01-13T05:00:00+00:00,BTC/USDT,1h,91515.17000000,92255.94000000,91472.36000000,91920.99000000,991.25943000
2026-01-13T06:00:00+00:00,BTC/USDT,1h,91921.00000000,92275.38000000,91806.19000000,92184.36000000,600.50125000
2026-01-13T07:00:00+00:00,BTC/USDT,1h,92184.37000000,92212.48000000,91905.33000000,91942.00000000,704.56170000
2026-01-13T08:00:00+00:00,BTC/USDT,1h,91941.99000000,92250.66000000,91924.27000000,92165.90000000,528.98890000
2026-01-13T09:00:00+00:00,BTC/USDT,1h,92165.89000000,92672.11000000,91950.00000000,92269.42000000,1215.58278000
2026-01-13T10:00:00+00:00,BTC/USDT,1h,92269.42000000,92350.03000000,92021.15000000,92128.62000000,394.76711000
2026-01-13T11:00:00+00:00,BTC/USDT,1h,92128.63000000,92261.04000000,91972.44000000,92000.74000000,405.87783000
2026-01-13T12:00:00+00:00,BTC/USDT,1h,92000.73000000,92153.84000000,91910.25000000,92109.35000000,280.96679000
2026-01-13T13:00:00+00:00,BTC/USDT,1h,92109.35000000,92606.42000000,91978.66000000,92076.12000000,1336.20170000
2026-01-13T14:00:00+00:00,BTC/USDT,1h,92076.11000000,92915.12000000,91787.61000000,92462.03000000,1289.79234000
2026-01-13T15:00:00+00:00,BTC/USDT,1h,92462.03000000,93450.00000000,92132.66000000,93449.99000000,1429.93474000
2026-01-13T16:00:00+00:00,BTC/USDT,1h,93449.99000000,93760.00000000,93078.31000000,93389.63000000,1920.24440000
2026-01-13T17:00:00+00:00,BTC/USDT,1h,93389.63000000,93498.72000000,93100.00000000,93241.99000000,796.01222000
2026-01-13T18:00:00+00:00,BTC/USDT,1h,93241.99000000,93871.29000000,93198.09000000,93633.71000000,950.82758000
2026-01-13T19:00:00+00:00,BTC/USDT,1h,93633.71000000,94231.82000000,93475.07000000,94226.84000000,1085.51387000
2026-01-13T20:00:00+00:00,BTC/USDT,1h,94226.85000000,94500.00000000,94113.13000000,94408.70000000,1604.35758000
2026-01-13T21:00:00+00:00,BTC/USDT,1h,94408.70000000,94507.99000000,94062.00000000,94087.23000000,1173.77039000
2026-01-13T22:00:00+00:00,BTC/USDT,1h,94087.23000000,96495.00000000,94087.23000000,95757.21000000,3452.31954000
2026-01-13T23:00:00+00:00,BTC/USDT,1h,95757.19000000,96107.97000000,95055.01000000,95414.00000000,1275.24237000
2026-01-14T00:00:00+00:00,BTC/USDT,1h,95413.99000000,95647.91000000,95154.04000000,95236.84000000,662.80362000
2026-01-14T01:00:00+00:00,BTC/USDT,1h,95236.84000000,95582.00000000,95116.03000000,95245.60000000,749.06956000
2026-01-14T02:00:00+00:00,BTC/USDT,1h,95245.61000000,95562.00000000,95190.06000000,95347.46000000,588.58584000
2026-01-14T03:00:00+00:00,BTC/USDT,1h,95347.47000000,95722.01000000,95285.50000000,95720.99000000,381.44090000
2026-01-14T04:00:00+00:00,BTC/USDT,1h,95720.99000000,95799.22000000,95224.44000000,95245.16000000,460.39311000
2026-01-14T05:00:00+00:00,BTC/USDT,1h,95245.17000000,95270.25000000,94972.00000000,95005.00000000,669.59606000
2026-01-14T06:00:00+00:00,BTC/USDT,1h,95005.01000000,95028.88000000,94559.28000000,95028.87000000,859.31999000
2026-01-14T07:00:00+00:00,BTC/USDT,1h,95028.88000000,95233.99000000,94850.00000000,95205.10000000,884.32504000
2026-01-14T08:00:00+00:00,BTC/USDT,1h,95205.11000000,95315.15000000,94900.00000000,94900.01000000,380.43239000
2026-01-14T09:00:00+00:00,BTC/USDT,1h,94900.01000000,95186.51000000,94870.01000000,95088.24000000,468.07232000
2026-01-14T10:00:00+00:00,BTC/USDT,1h,95088.24000000,95291.98000000,94888.00000000,95091.75000000,526.44388000
2026-01-14T11:00:00+00:00,BTC/USDT,1h,95091.49000000,95091.49000000,94737.95000000,94792.99000000,381.08629000
2026-01-14T12:00:00+00:00,BTC/USDT,1h,94793.00000000,95154.78000000,94680.67000000,95077.56000000,424.37035000
2026-01-14T13:00:00+00:00,BTC/USDT,1h,95077.56000000,95241.70000000,94890.68000000,94998.19000000,454.30020000
2026-01-14T14:00:00+00:00,BTC/USDT,1h,94998.20000000,96827.00000000,94982.56000000,96493.15000000,2348.26402000
2026-01-14T15:00:00+00:00,BTC/USDT,1h,96493.14000000,97084.68000000,96188.25000000,96764.57000000,2804.69067000
2026-01-14T16:00:00+00:00,BTC/USDT,1h,96764.57000000,97693.66000000,96730.77000000,97293.24000000,2448.97546000
2026-01-14T17:00:00+00:00,BTC/USDT,1h,97293.23000000,97777.00000000,96800.00000000,96956.07000000,2017.29615000
2026-01-14T18:00:00+00:00,BTC/USDT,1h,96956.07000000,97110.00000000,96246.56000000,96806.55000000,1150.91366000
2026-01-14T19:00:00+00:00,BTC/USDT,1h,96806.54000000,97640.68000000,96688.36000000,97267.42000000,1063.44638000
2026-01-14T20:00:00+00:00,BTC/USDT,1h,97267.42000000,97924.49000000,97209.25000000,97655.28000000,1157.33493000
2026-01-14T21:00:00+00:00,BTC/USDT,1h,97655.27000000,97717.72000000,97390.00000000,97564.00000000,494.72849000
2026-01-14T22:00:00+00:00,BTC/USDT,1h,97563.99000000,97587.34000000,96772.02000000,96878.34000000,1038.79474000
2026-01-14T23:00:00+00:00,BTC/USDT,1h,96878.34000000,97371.33000000,96865.34000000,96951.78000000,437.21023000
2026-01-15T00:00:00+00:00,BTC/USDT,1h,96951.78000000,97000.00000000,96500.00000000,96658.03000000,798.45682000
2026-01-15T01:00:00+00:00,BTC/USDT,1h,96658.03000000,96959.09000000,96297.32000000,96445.31000000,701.30226000
2026-01-15T02:00:00+00:00,BTC/USDT,1h,96445.32000000,96617.06000000,96095.80000000,96339.91000000,530.33501000
2026-01-15T03:00:00+00:00,BTC/USDT,1h,96339.92000000,96393.58000000,95777.00000000,95985.10000000,791.58790000
2026-01-15T04:00:00+00:00,BTC/USDT,1h,95985.11000000,96387.42000000,95952.89000000,96316.27000000,483.75975000
2026-01-15T05:00:00+00:00,BTC/USDT,1h,96316.27000000,96510.57000000,96247.64000000,96429.71000000,419.70339000
2026-01-15T06:00:00+00:00,BTC/USDT,1h,96429.71000000,96588.45000000,96172.41000000,96243.78000000,473.63021000
2026-01-15T07:00:00+00:00,BTC/USDT,1h,96243.79000000,96760.15000000,96191.79000000,96630.48000000,679.19921000
2026-01-15T08:00:00+00:00,BTC/USDT,1h,96630.47000000,96662.00000000,96289.98000000,96643.00000000,760.49437000
2026-01-15T09:00:00+00:00,BTC/USDT,1h,96643.01000000,97193.34000000,96559.19000000,97040.75000000,1029.77719000
2026-01-15T10:00:00+00:00,BTC/USDT,1h,97040.75000000,97070.39000000,96750.00000000,96818.68000000,414.89635000
2026-01-15T11:00:00+00:00,BTC/USDT,1h,96818.68000000,96935.39000000,96580.03000000,96581.08000000,588.17595000
2026-01-15T12:00:00+00:00,BTC/USDT,1h,96581.07000000,96994.65000000,96525.24000000,96981.65000000,332.67430000
2026-01-15T13:00:00+00:00,BTC/USDT,1h,96981.66000000,97032.99000000,96620.12000000,96846.75000000,496.85903000
2026-01-15T14:00:00+00:00,BTC/USDT,1h,96846.74000000,97165.03000000,95592.69000000,96063.43000000,1629.09421000
2026-01-15T15:00:00+00:00,BTC/USDT,1h,96063.43000000,96791.67000000,95435.91000000,96737.04000000,2359.55410000
2026-01-15T16:00:00+00:00,BTC/USDT,1h,96737.04000000,96969.99000000,96272.72000000,96738.51000000,1973.14331000
2026-01-15T17:00:00+00:00,BTC/USDT,1h,96738.50000000,97163.00000000,96426.18000000,96636.35000000,2398.07402000
2026-01-15T18:00:00+00:00,BTC/USDT,1h,96636.35000000,96650.51000000,95745.25000000,95835.00000000,2117.40598000
2026-01-15T19:00:00+00:00,BTC/USDT,1h,95835.01000000,95920.31000000,95183.13000000,95516.01000000,1380.26708000
2026-01-15T20:00:00+00:00,BTC/USDT,1h,95516.01000000,95660.00000000,95134.48000000,95260.67000000,524.36978000
2026-01-15T21:00:00+00:00,BTC/USDT,1h,95260.68000000,95631.08000000,95196.00000000,95584.35000000,297.62442000
2026-01-15T22:00:00+00:00,BTC/USDT,1h,95584.36000000,95871.00000000,95488.91000000,95583.87000000,269.05055000
2026-01-15T23:00:00+00:00,BTC/USDT,1h,95583.87000000,95718.31000000,95378.58000000,95604.80000000,276.37850000
2026-01-16T00:00:00+00:00,BTC/USDT,1h,95604.81000000,95828.01000000,95570.96000000,95633.50000000,207.12295000
2026-01-16T01:00:00+00:00,BTC/USDT,1h,95633.50000000,95855.12000000,95420.75000000,95664.18000000,401.56495000
2026-01-16T02:00:00+00:00,BTC/USDT,1h,95664.17000000,95687.47000000,95393.90000000,95504.40000000,384.29986000
2026-01-16T03:00:00+00:00,BTC/USDT,1h,95504.40000000,95586.60000000,95321.58000000,95354.69000000,214.15334000
2026-01-16T04:00:00+00:00,BTC/USDT,1h,95354.69000000,95582.41000000,95133.03000000,95261.29000000,700.90747000
2026-01-16T05:00:00+00:00,BTC/USDT,1h,95261.30000000,95676.73000000,95242.18000000,95660.37000000,746.76630000
2026-01-16T06:00:00+00:00,BTC/USDT,1h,95660.38000000,95816.83000000,95534.00000000,95741.21000000,443.54681000
2026-01-16T07:00:00+00:00,BTC/USDT,1h,95741.22000000,95788.34000000,95489.60000000,95653.16000000,403.70542000
2026-01-16T08:00:00+00:00,BTC/USDT,1h,95653.16000000,95871.47000000,95570.68000000,95676.00000000,594.74259000
2026-01-16T09:00:00+00:00,BTC/USDT,1h,95676.01000000,95788.17000000,95601.50000000,95613.53000000,177.27273000
2026-01-16T10:00:00+00:00,BTC/USDT,1h,95613.53000000,95637.00000000,95280.51000000,95307.35000000,538.64006000
2026-01-16T11:00:00+00:00,BTC/USDT,1h,95307.35000000,95470.00000000,95261.43000000,95429.09000000,303.73259000
2026-01-16T12:00:00+00:00,BTC/USDT,1h,95429.09000000,95569.00000000,95353.50000000,95458.55000000,289.70117000
2026-01-16T13:00:00+00:00,BTC/USDT,1h,95458.55000000,95579.00000000,95288.05000000,95448.87000000,277.92918000
2026-01-16T14:00:00+00:00,BTC/USDT,1h,95448.86000000,95809.08000000,95192.35000000,95192.36000000,624.83754000
2026-01-16T15:00:00+00:00,BTC/USDT,1h,95192.36000000,95663.15000000,94293.46000000,94585.98000000,1821.66491000
2026-01-16T16:00:00+00:00,BTC/USDT,1h,94585.99000000,94990.73000000,94508.00000000,94872.55000000,811.28371000
2026-01-16T17:00:00+00:00,BTC/USDT,1h,94872.55000000,95130.49000000,94555.88000000,95076.08000000,513.23212000
2026-01-16T18:00:00+00:00,BTC/USDT,1h,95076.09000000,95215.74000000,94960.04000000,95001.19000000,353.51337000
2026-01-16T19:00:00+00:00,BTC/USDT,1h,95001.19000000,95055.31000000,94841.31000000,95002.09000000,176.56522000
2026-01-16T20:00:00+00:00,BTC/USDT,1h,95002.09000000,95561.50000000,94682.00000000,95553.60000000,414.87593000
2026-01-16T21:00:00+00:00,BTC/USDT,1h,95553.61000000,95600.00000000,95359.69000000,95523.52000000,341.14068000
2026-01-16T22:00:00+00:00,BTC/USDT,1h,95523.52000000,95574.00000000,95260.64000000,95514.00000000,283.10566000
2026-01-16T23:00:00+00:00,BTC/USDT,1h,95513.99000000,95577.89000000,95433.83000000,95550.94000000,143.41004000
2026-01-17T00:00:00+00:00,BTC/USDT,1h,95550.94000000,95578.20000000,95433.94000000,95465.97000000,129.13356000
2026-01-17T01:00:00+00:00,BTC/USDT,1h,95465.97000000,95530.00000000,95384.86000000,95399.93000000,104.26658000
2026-01-17T02:00:00+00:00,BTC/USDT,1h,95399.94000000,95412.86000000,95200.00000000,95371.35000000,155.12882000
2026-01-17T03:00:00+00:00,BTC/USDT,1h,95371.36000000,95384.87000000,95270.79000000,95372.95000000,132.45240000
2026-01-17T04:00:00+00:00,BTC/USDT,1h,95372.94000000,95372.95000000,95260.64000000,95303.64000000,131.52683000
2026-01-17T05:00:00+00:00,BTC/USDT,1h,95303.63000000,95373.64000000,95275.05000000,95323.67000000,103.95781000
2026-01-17T06:00:00+00:00,BTC/USDT,1h,95323.68000000,95347.89000000,95186.29000000,95240.07000000,125.70578000
2026-01-17T07:00:00+00:00,BTC/USDT,1h,95240.08000000,95240.08000000,95041.70000000,95101.67000000,197.34545000
2026-01-17T08:00:00+00:00,BTC/USDT,1h,95101.67000000,95260.65000000,95021.67000000,95247.51000000,164.49559000
2026-01-17T09:00:00+00:00,BTC/USDT,1h,95247.51000000,95290.08000000,95176.90000000,95260.65000000,104.24877000
2026-01-17T10:00:00+00:00,BTC/USDT,1h,95260.65000000,95271.21000000,95116.47000000,95116.48000000,127.24070000
2026-01-17T11:00:00+00:00,BTC/USDT,1h,95116.48000000,95323.86000000,95073.57000000,95323.86000000,218.85009000
2026-01-17T12:00:00+00:00,BTC/USDT,1h,95323.85000000,95412.84000000,95243.63000000,95251.15000000,215.62364000
2026-01-17T13:00:00+00:00,BTC/USDT,1h,95251.15000000,95438.33000000,95198.81000000,95438.32000000,227.83624000
2026-01-17T14:00:00+00:00,BTC/USDT,1h,95438.32000000,95544.07000000,95357.02000000,95471.18000000,259.56584000
2026-01-17T15:00:00+00:00,BTC/USDT,1h,95471.17000000,95639.45000000,95433.81000000,95573.64000000,747.96943000
2026-01-17T16:00:00+00:00,BTC/USDT,1h,95573.65000000,95576.14000000,95212.25000000,95315.23000000,330.67135000
2026-01-17T17:00:00+00:00,BTC/USDT,1h,95315.23000000,95440.80000000,95295.17000000,95357.24000000,141.20490000
2026-01-17T18:00:00+00:00,BTC/USDT,1h,95357.23000000,95465.98000000,95346.00000000,95428.25000000,100.50730000
2026-01-17T19:00:00+00:00,BTC/USDT,1h,95428.25000000,95428.25000000,95290.70000000,95291.38000000,64.10708000
2026-01-17T20:00:00+00:00,BTC/USDT,1h,95291.37000000,95383.84000000,95291.36000000,95378.18000000,65.25873000
2026-01-17T21:00:00+00:00,BTC/USDT,1h,95378.19000000,95412.86000000,95283.99000000,95302.94000000,114.01955000
2026-01-17T22:00:00+00:00,BTC/USDT,1h,95302.94000000,95302.94000000,95050.00000000,95170.97000000,209.18455000
2026-01-17T23:00:00+00:00,BTC/USDT,1h,95170.98000000,95208.96000000,95123.79000000,95147.77000000,110.50038000
2026-01-18T00:00:00+00:00,BTC/USDT,1h,95147.77000000,95250.00000000,95067.83000000,95112.47000000,179.02691000
2026-01-18T01:00:00+00:00,BTC/USDT,1h,95112.48000000,95112.48000000,94876.33000000,94966.90000000,243.72080000
2026-01-18T02:00:00+00:00,BTC/USDT,1h,94966.89000000,95069.07000000,94880.53000000,95022.01000000,148.46070000
2026-01-18T03:00:00+00:00,BTC/USDT,1h,95022.01000000,95205.74000000,95022.01000000,95200.29000000,149.82604000
2026-01-18T04:00:00+00:00,BTC/USDT,1h,95200.29000000,95200.30000000,95075.30000000,95095.68000000,90.87843000
2026-01-18T05:00:00+00:00,BTC/USDT,1h,95095.68000000,95260.00000000,95059.27000000,95188.55000000,176.45319000
2026-01-18T06:00:00+00:00,BTC/USDT,1h,95188.54000000,95199.62000000,95144.30000000,95171.43000000,144.72253000
2026-01-18T07:00:00+00:00,BTC/USDT,1h,95171.44000000,95183.30000000,95028.27000000,95028.27000000,293.23856000
2026-01-18T08:00:00+00:00,BTC/USDT,1h,95028.27000000,95195.00000000,95021.44000000,95183.93000000,124.96260000
2026-01-18T09:00:00+00:00,BTC/USDT,1h,95183.93000000,95295.35000000,95149.18000000,95275.73000000,312.28376000
2026-01-18T10:00:00+00:00,BTC/USDT,1h,95275.73000000,95295.39000000,95088.00000000,95180.66000000,344.24187000
2026-01-18T11:00:00+00:00,BTC/USDT,1h,95180.67000000,95180.67000000,95061.65000000,95168.06000000,178.51779000
2026-01-18T12:00:00+00:00,BTC/USDT,1h,95168.06000000,95178.09000000,95081.32000000,95113.25000000,122.90856000
2026-01-18T13:00:00+00:00,BTC/USDT,1h,95113.24000000,95205.40000000,94910.00000000,95146.82000000,328.31194000
2026-01-18T14:00:00+00:00,BTC/USDT,1h,95146.82000000,95376.24000000,94928.51000000,94955.79000000,530.35330000
2026-01-18T15:00:00+00:00,BTC/USDT,1h,94955.78000000,95125.47000000,94915.21000000,95119.28000000,195.60522000
2026-01-18T16:00:00+00:00,BTC/USDT,1h,95119.27000000,95186.30000000,95073.02000000,95169.35000000,105.98121000
2026-01-18T17:00:00+00:00,BTC/USDT,1h,95169.35000000,95280.24000000,95140.61000000,95274.36000000,147.92595000
2026-01-18T18:00:00+00:00,BTC/USDT,1h,95274.35000000,95521.71000000,95180.90000000,95439.60000000,407.32335000
2026-01-18T19:00:00+00:00,BTC/USDT,1h,95439.60000000,95514.00000000,95333.99000000,95380.99000000,260.23192000
2026-01-18T20:00:00+00:00,BTC/USDT,1h,95380.99000000,95441.22000000,95285.20000000,95304.01000000,77.90234000
2026-01-18T21:00:00+00:00,BTC/USDT,1h,95304.01000000,95430.45000000,95284.23000000,95430.44000000,81.51777000
2026-01-18T22:00:00+00:00,BTC/USDT,1h,95430.45000000,95531.12000000,95412.86000000,95498.61000000,319.96465000
2026-01-18T23:00:00+00:00,BTC/USDT,1h,95498.60000000,95498.60000000,93615.40000000,93673.14000000,1930.81880000
2026-01-19T00:00:00+00:00,BTC/USDT,1h,93673.14000000,93673.14000000,91910.20000000,92711.02000000,4221.82713000
2026-01-19T01:00:00+00:00,BTC/USDT,1h,92711.02000000,92875.68000000,92247.97000000,92586.65000000,910.87085000
2026-01-19T02:00:00+00:00,BTC/USDT,1h,92586.65000000,92672.00000000,92383.94000000,92566.80000000,452.44264000
2026-01-19T03:00:00+00:00,BTC/USDT,1h,92566.80000000,92776.83000000,92500.00000000,92690.09000000,556.40187000
2026-01-19T04:00:00+00:00,BTC/USDT,1h,92690.08000000,92748.32000000,92502.58000000,92665.00000000,506.12587000
2026-01-19T05:00:00+00:00,BTC/USDT,1h,92665.00000000,92811.11000000,92504.24000000,92511.77000000,357.86057000
2026-01-19T06:00:00+00:00,BTC/USDT,1h,92511.77000000,92629.26000000,92385.07000000,92583.27000000,427.02868000
2026-01-19T07:00:00+00:00,BTC/USDT,1h,92583.27000000,92861.41000000,92562.00000000,92841.62000000,421.22196000
2026-01-19T08:00:00+00:00,BTC/USDT,1h,92841.62000000,93368.44000000,92702.56000000,93259.09000000,865.57873000
2026-01-19T09:00:00+00:00,BTC/USDT,1h,93259.09000000,93268.12000000,92950.00000000,93060.06000000,474.82948000
2026-01-19T10:00:00+00:00,BTC/USDT,1h,93060.06000000,93081.30000000,92900.00000000,93064.88000000,263.24721000
2026-01-19T11:00:00+00:00,BTC/USDT,1h,93064.88000000,93317.29000000,92969.94000000,93191.96000000,305.33086000
2026-01-19T12:00:00+00:00,BTC/USDT,1h,93191.96000000,93226.44000000,92979.48000000,93070.60000000,586.84126000
2026-01-19T13:00:00+00:00,BTC/USDT,1h,93070.60000000,93151.37000000,92807.34000000,93031.86000000,326.88604000
2026-01-19T14:00:00+00:00,BTC/USDT,1h,93031.85000000,93039.60000000,92700.00000000,92812.43000000,417.89495000
2026-01-19T15:00:00+00:00,BTC/USDT,1h,92812.43000000,93081.00000000,92812.43000000,93068.62000000,467.20202000
2026-01-19T16:00:00+00:00,BTC/USDT,1h,93068.62000000,93420.00000000,92994.00000000,93301.86000000,380.00206000
2026-01-19T17:00:00+00:00,BTC/USDT,1h,93301.85000000,93389.45000000,93150.00000000,93242.99000000,357.60248000
2026-01-19T18:00:00+00:00,BTC/USDT,1h,93242.99000000,93259.39000000,92930.00000000,93065.84000000,235.78814000
2026-01-19T19:00:00+00:00,BTC/USDT,1h,93065.83000000,93154.32000000,93000.00000000,93105.85000000,179.79114000
2026-01-19T20:00:00+00:00,BTC/USDT,1h,93105.85000000,93274.82000000,93084.15000000,93141.94000000,178.48795000
2026-01-19T21:00:00+00:00,BTC/USDT,1h,93141.95000000,93342.36000000,93000.03000000,93003.42000000,240.63302000
2026-01-19T22:00:00+00:00,BTC/USDT,1h,93003.41000000,93060.00000000,92565.78000000,92565.78000000,374.00927000
2026-01-19T23:00:00+00:00,BTC/USDT,1h,92565.78000000,92750.00000000,92158.48000000,92631.00000000,787.62329000
2026-01-20T00:00:00+00:00,BTC/USDT,1h,92630.99000000,92870.00000000,92370.25000000,92717.90000000,325.00059000
2026-01-20T01:00:00+00:00,BTC/USDT,1h,92717.90000000,92867.28000000,92525.80000000,92716.48000000,251.70499000
2026-01-20T02:00:00+00:00,BTC/USDT,1h,92716.47000000,92729.94000000,92370.68000000,92552.16000000,354.36518000
2026-01-20T03:00:00+00:00,BTC/USDT,1h,92552.15000000,92650.00000000,92264.70000000,92434.92000000,329.07012000
2026-01-20T04:00:00+00:00,BTC/USDT,1h,92434.93000000,92470.37000000,92000.01000000,92062.61000000,363.95619000
2026-01-20T05:00:00+00:00,BTC/USDT,1h,92062.62000000,92084.80000000,91294.11000000,91624.18000000,1546.22756000
2026-01-20T06:00:00+00:00,BTC/USDT,1h,91624.19000000,91625.31000000,90771.78000000,90929.98000000,1830.88581000
2026-01-20T07:00:00+00:00,BTC/USDT,1h,90929.98000000,91319.05000000,90862.83000000,91177.98000000,907.06352000
2026-01-20T08:00:00+00:00,BTC/USDT,1h,91177.99000000,91255.70000000,90693.00000000,91116.00000000,1083.79650000
2026-01-20T09:00:00+00:00,BTC/USDT,1h,91116.00000000,91116.00000000,90899.00000000,91036.25000000,381.95269000
2026-01-20T10:00:00+00:00,BTC/USDT,1h,91036.25000000,91294.11000000,90998.08000000,91269.58000000,415.15786000
2026-01-20T11:00:00+00:00,BTC/USDT,1h,91269.57000000,91442.88000000,91214.36000000,91218.99000000,373.22315000
2026-01-20T12:00:00+00:00,BTC/USDT,1h,91218.99000000,91318.94000000,91027.74000000,91280.31000000,528.83740000
2026-01-20T13:00:00+00:00,BTC/USDT,1h,91280.31000000,91289.64000000,90777.00000000,90958.88000000,722.76892000
2026-01-20T14:00:00+00:00,BTC/USDT,1h,90958.89000000,91371.11000000,90272.53000000,90531.15000000,1809.16854000
2026-01-20T15:00:00+00:00,BTC/USDT,1h,90531.15000000,90808.04000000,89859.06000000,90684.95000000,1977.53179000
2026-01-20T16:00:00+00:00,BTC/USDT,1h,90684.95000000,90974.49000000,90023.99000000,90165.51000000,895.41274000
2026-01-20T17:00:00+00:00,BTC/USDT,1h,90165.50000000,90505.68000000,89431.10000000,89775.46000000,1552.70440000
2026-01-20T18:00:00+00:00,BTC/USDT,1h,89775.47000000,89958.00000000,89395.07000000,89501.00000000,885.28879000
2026-01-20T19:00:00+00:00,BTC/USDT,1h,89501.00000000,89795.45000000,89292.48000000,89725.76000000,781.35230000
2026-01-20T20:00:00+00:00,BTC/USDT,1h,89725.77000000,89854.20000000,89400.00000000,89733.99000000,735.02193000
2026-01-20T21:00:00+00:00,BTC/USDT,1h,89734.00000000,89829.11000000,89428.00000000,89476.01000000,445.56945000
2026-01-20T22:00:00+00:00,BTC/USDT,1h,89476.01000000,89645.56000000,87900.00000000,88509.18000000,2094.09769000
2026-01-20T23:00:00+00:00,BTC/USDT,1h,88509.18000000,88534.21000000,87895.98000000,88427.66000000,1417.16799000
2026-01-21T00:00:00+00:00,BTC/USDT,1h,88427.66000000,88982.00000000,88250.00000000,88936.01000000,1052.93124000
2026-01-21T01:00:00+00:00,BTC/USDT,1h,88936.01000000,89165.20000000,88850.00000000,89020.91000000,502.12138000
2026-01-21T02:00:00+00:00,BTC/USDT,1h,89020.91000000,89381.86000000,89000.00000000,89048.57000000,884.94036000
2026-01-21T03:00:00+00:00,BTC/USDT,1h,89048.56000000,89598.80000000,89046.00000000,89432.33000000,540.55763000
2026-01-21T04:00:00+00:00,BTC/USDT,1h,89432.33000000,89630.00000000,89354.72000000,89448.89000000,300.28776000
2026-01-21T05:00:00+00:00,BTC/USDT,1h,89448.89000000,90120.44000000,89437.25000000,89950.04000000,554.58380000
2026-01-21T06:00:00+00:00,BTC/USDT,1h,89950.03000000,89950.04000000,89491.96000000,89649.62000000,369.00614000
2026-01-21T07:00:00+00:00,BTC/USDT,1h,89649.63000000,89767.29000000,89093.28000000,89213.95000000,825.75082000
2026-01-21T08:00:00+00:00,BTC/USDT,1h,89213.96000000,89385.40000000,89000.00000000,89197.35000000,723.12982000
2026-01-21T09:00:00+00:00,BTC/USDT,1h,89197.36000000,89493.46000000,89080.00000000,89112.30000000,307.89975000
2026-01-21T10:00:00+00:00,BTC/USDT,1h,89112.30000000,89395.08000000,89080.00000000,89248.99000000,328.36365000
2026-01-21T11:00:00+00:00,BTC/USDT,1h,89248.99000000,89382.00000000,88700.00000000,88789.99000000,651.53578000
2026-01-21T12:00:00+00:00,BTC/USDT,1h,88789.99000000,88849.39000000,88196.72000000,88736.31000000,1271.35096000
2026-01-21T13:00:00+00:00,BTC/USDT,1h,88736.31000000,89020.32000000,88558.67000000,88672.64000000,735.83253000
2026-01-21T14:00:00+00:00,BTC/USDT,1h,88672.64000000,89993.88000000,88611.15000000,89805.43000000,1602.75733000
2026-01-21T15:00:00+00:00,BTC/USDT,1h,89805.43000000,90574.00000000,89759.59000000,90288.04000000,1074.26054000
2026-01-21T16:00:00+00:00,BTC/USDT,1h,90288.04000000,90360.00000000,87590.00000000,87602.40000000,2075.92566000
2026-01-21T17:00:00+00:00,BTC/USDT,1h,87602.39000000,88156.47000000,87263.53000000,87932.38000000,1818.07575000
2026-01-21T18:00:00+00:00,BTC/USDT,1h,87932.37000000,88657.23000000,87585.05000000,88485.43000000,743.38561000
2026-01-21T19:00:00+00:00,BTC/USDT,1h,88485.43000000,90450.00000000,88280.55000000,90355.56000000,1787.81485000
2026-01-21T20:00:00+00:00,BTC/USDT,1h,90355.56000000,90377.00000000,89392.00000000,90214.01000000,1099.33527000
2026-01-21T21:00:00+00:00,BTC/USDT,1h,90214.02000000,90339.58000000,89950.36000000,90249.18000000,428.70398000
2026-01-21T22:00:00+00:00,BTC/USDT,1h,90249.18000000,90377.00000000,89752.38000000,89763.51000000,414.26891000
2026-01-21T23:00:00+00:00,BTC/USDT,1h,89763.51000000,90212.89000000,89344.98000000,89454.73000000,524.68420000
2026-01-22T00:00:00+00:00,BTC/USDT,1h,89454.73000000,90032.50000000,89454.72000000,89908.49000000,394.22125000
2026-01-22T01:00:00+00:00,BTC/USDT,1h,89908.50000000,90198.51000000,89826.38000000,90113.19000000,341.32729000
2026-01-22T02:00:00+00:00,BTC/USDT,1h,90113.20000000,90359.99000000,89851.03000000,89938.30000000,436.55946000
2026-01-22T03:00:00+00:00,BTC/USDT,1h,89938.30000000,90166.67000000,89702.84000000,89899.51000000,389.70123000
2026-01-22T04:00:00+00:00,BTC/USDT,1h,89899.51000000,90076.77000000,89826.67000000,89998.91000000,327.01022000
2026-01-22T05:00:00+00:00,BTC/USDT,1h,89998.91000000,90075.80000000,89928.09000000,90026.30000000,201.60447000
2026-01-22T06:00:00+00:00,BTC/USDT,1h,90026.30000000,90215.79000000,89900.00000000,90172.11000000,274.11012000
2026-01-22T07:00:00+00:00,BTC/USDT,1h,90172.12000000,90196.99000000,89802.00000000,89818.79000000,410.94787000
2026-01-22T08:00:00+00:00,BTC/USDT,1h,89818.79000000,89968.28000000,89760.00000000,89920.16000000,241.50947000
2026-01-22T09:00:00+00:00,BTC/USDT,1h,89920.16000000,90113.43000000,89883.80000000,90033.02000000,235.39671000
2026-01-22T10:00:00+00:00,BTC/USDT,1h,90033.02000000,90101.83000000,89960.00000000,90078.77000000,307.75831000
2026-01-22T11:00:00+00:00,BTC/USDT,1h,90078.76000000,90150.00000000,89897.87000000,89941.26000000,341.24190000
2026-01-22T12:00:00+00:00,BTC/USDT,1h,89941.26000000,90099.99000000,89873.09000000,90021.09000000,250.41912000
2026-01-22T13:00:00+00:00,BTC/USDT,1h,90021.09000000,90340.00000000,89478.92000000,89619.81000000,800.98427000
2026-01-22T14:00:00+00:00,BTC/USDT,1h,89619.81000000,89742.67000000,89039.78000000,89088.59000000,1132.03645000
2026-01-22T15:00:00+00:00,BTC/USDT,1h,89088.60000000,89445.24000000,88515.37000000,89000.01000000,1328.81681000
2026-01-22T16:00:00+00:00,BTC/USDT,1h,89000.00000000,89270.00000000,88676.95000000,89054.06000000,820.87315000
2026-01-22T17:00:00+00:00,BTC/USDT,1h,89054.07000000,89616.04000000,89024.55000000,89550.01000000,536.51415000
2026-01-22T18:00:00+00:00,BTC/USDT,1h,89550.00000000,89797.50000000,89301.90000000,89333.94000000,457.15553000
2026-01-22T19:00:00+00:00,BTC/USDT,1h,89333.93000000,89924.46000000,89114.48000000,89777.90000000,489.86443000
2026-01-22T20:00:00+00:00,BTC/USDT,1h,89777.89000000,89946.13000000,89398.87000000,89409.72000000,338.82702000
2026-01-22T21:00:00+00:00,BTC/USDT,1h,89409.73000000,89669.21000000,89238.32000000,89268.66000000,272.77807000
2026-01-22T22:00:00+00:00,BTC/USDT,1h,89268.66000000,89566.00000000,89140.13000000,89346.99000000,294.98276000
2026-01-22T23:00:00+00:00,BTC/USDT,1h,89346.99000000,89583.62000000,89170.74000000,89559.67000000,200.86486000
2026-01-23T00:00:00+00:00,BTC/USDT,1h,89559.68000000,89638.84000000,89450.48000000,89520.01000000,225.79843000
2026-01-23T01:00:00+00:00,BTC/USDT,1h,89520.01000000,89939.39000000,89520.01000000,89939.38000000,281.57226000
2026-01-23T02:00:00+00:00,BTC/USDT,1h,89939.39000000,89979.97000000,89655.41000000,89663.48000000,375.68609000
2026-01-23T03:00:00+00:00,BTC/USDT,1h,89663.47000000,89924.78000000,89646.18000000,89924.78000000,261.08428000
2026-01-23T04:00:00+00:00,BTC/USDT,1h,89924.78000000,90088.94000000,89871.73000000,89965.42000000,430.92263000
2026-01-23T05:00:00+00:00,BTC/USDT,1h,89965.43000000,89969.02000000,89473.99000000,89616.03000000,360.88730000
2026-01-23T06:00:00+00:00,BTC/USDT,1h,89616.04000000,89799.36000000,89400.00000000,89509.59000000,450.16637000
2026-01-23T07:00:00+00:00,BTC/USDT,1h,89509.59000000,89686.40000000,89447.52000000,89549.45000000,487.74127000
2026-01-23T08:00:00+00:00,BTC/USDT,1h,89549.45000000,89632.18000000,89133.35000000,89221.46000000,544.19233000
2026-01-23T09:00:00+00:00,BTC/USDT,1h,89221.46000000,89388.71000000,88897.81000000,88977.72000000,632.36708000
2026-01-23T10:00:00+00:00,BTC/USDT,1h,88977.72000000,89160.74000000,88860.44000000,89046.49000000,334.46792000
2026-01-23T11:00:00+00:00,BTC/USDT,1h,89046.49000000,89355.51000000,89000.00000000,89202.48000000,481.66038000
2026-01-23T12:00:00+00:00,BTC/USDT,1h,89202.47000000,89383.09000000,89099.20000000,89267.83000000,219.71914000
2026-01-23T13:00:00+00:00,BTC/USDT,1h,89267.83000000,89450.18000000,89237.65000000,89350.81000000,297.76310000
2026-01-23T14:00:00+00:00,BTC/USDT,1h,89350.80000000,89733.71000000,88663.65000000,89017.85000000,1240.76676000
2026-01-23T15:00:00+00:00,BTC/USDT,1h,89017.85000000,89865.53000000,88578.36000000,89761.61000000,1078.68425000
2026-01-23T16:00:00+00:00,BTC/USDT,1h,89761.61000000,90490.06000000,89489.00000000,90124.85000000,1266.72506000
2026-01-23T17:00:00+00:00,BTC/USDT,1h,90124.86000000,91224.99000000,89978.40000000,90600.00000000,1346.59832000
2026-01-23T18:00:00+00:00,BTC/USDT,1h,90600.00000000,91039.75000000,90449.42000000,90530.45000000,698.45416000
2026-01-23T19:00:00+00:00,BTC/USDT,1h,90530.44000000,90534.59000000,89612.01000000,89982.79000000,1118.99851000
2026-01-23T20:00:00+00:00,BTC/USDT,1h,89982.79000000,90156.06000000,89200.68000000,89503.68000000,917.72716000
2026-01-23T21:00:00+00:00,BTC/USDT,1h,89503.67000000,89691.18000000,89317.00000000,89349.99000000,308.43710000
2026-01-23T22:00:00+00:00,BTC/USDT,1h,89349.99000000,89752.45000000,89335.35000000,89624.61000000,406.19522000
2026-01-23T23:00:00+00:00,BTC/USDT,1h,89624.60000000,89631.00000000,89472.13000000,89600.26000000,151.87407000
2026-01-24T00:00:00+00:00,BTC/USDT,1h,89600.26000000,89625.41000000,89424.39000000,89452.83000000,130.78736000
2026-01-24T01:00:00+00:00,BTC/USDT,1h,89452.83000000,89588.72000000,89450.58000000,89550.24000000,118.84415000
2026-01-24T02:00:00+00:00,BTC/USDT,1h,89550.24000000,89722.57000000,89550.24000000,89702.85000000,142.98732000
2026-01-24T03:00:00+00:00,BTC/USDT,1h,89702.85000000,89957.39000000,89670.88000000,89770.02000000,368.35777000
2026-01-24T04:00:00+00:00,BTC/USDT,1h,89770.03000000,89853.38000000,89709.08000000,89829.35000000,167.98668000
2026-01-24T05:00:00+00:00,BTC/USDT,1h,89829.36000000,89849.78000000,89751.21000000,89775.20000000,112.02746000
2026-01-24T06:00:00+00:00,BTC/USDT,1h,89775.20000000,89784.88000000,89602.22000000,89649.32000000,420.23986000
2026-01-24T07:00:00+00:00,BTC/USDT,1h,89649.33000000,89692.31000000,89572.81000000,89620.10000000,254.69309000
2026-01-24T08:00:00+00:00,BTC/USDT,1h,89620.11000000,89686.43000000,89583.02000000,89660.88000000,190.29089000
2026-01-24T09:00:00+00:00,BTC/USDT,1h,89660.88000000,89660.88000000,89600.00000000,89600.00000000,126.61337000
2026-01-24T10:00:00+00:00,BTC/USDT,1h,89600.01000000,89654.79000000,89577.97000000,89626.80000000,82.58886000
2026-01-24T11:00:00+00:00,BTC/USDT,1h,89626.79000000,89676.26000000,89595.40000000,89595.40000000,114.10267000
2026-01-24T12:00:00+00:00,BTC/USDT,1h,89595.41000000,89595.41000000,89486.87000000,89537.82000000,179.07545000
2026-01-24T13:00:00+00:00,BTC/USDT,1h,89537.82000000,89540.44000000,89368.21000000,89368.22000000,156.70890000
2026-01-24T14:00:00+00:00,BTC/USDT,1h,89368.22000000,89512.05000000,89171.75000000,89450.03000000,346.65964000
2026-01-24T15:00:00+00:00,BTC/USDT,1h,89450.03000000,89492.14000000,89263.64000000,89275.77000000,334.47117000
2026-01-24T16:00:00+00:00,BTC/USDT,1h,89275.77000000,89369.79000000,89162.08000000,89290.01000000,235.06029000
2026-01-24T17:00:00+00:00,BTC/USDT,1h,89290.01000000,89414.38000000,89252.93000000,89406.50000000,135.14408000
2026-01-24T18:00:00+00:00,BTC/USDT,1h,89406.50000000,89461.40000000,89382.05000000,89395.23000000,84.40453000
2026-01-24T19:00:00+00:00,BTC/USDT,1h,89395.22000000,89395.23000000,89276.58000000,89331.36000000,105.47816000
2026-01-24T20:00:00+00:00,BTC/USDT,1h,89331.36000000,89399.99000000,89331.35000000,89380.01000000,46.43346000
2026-01-24T21:00:00+00:00,BTC/USDT,1h,89380.00000000,89386.61000000,89270.00000000,89386.61000000,99.49846000
2026-01-24T22:00:00+00:00,BTC/USDT,1h,89386.61000000,89489.84000000,89304.85000000,89430.00000000,137.03504000
2026-01-24T23:00:00+00:00,BTC/USDT,1h,89429.99000000,89474.65000000,89215.59000000,89225.34000000,137.07871000
2026-01-25T00:00:00+00:00,BTC/USDT,1h,89225.34000000,89315.18000000,89183.49000000,89315.18000000,121.64277000
2026-01-25T01:00:00+00:00,BTC/USDT,1h,89315.18000000,89319.13000000,89102.58000000,89176.31000000,180.68432000
2026-01-25T02:00:00+00:00,BTC/USDT,1h,89176.31000000,89268.36000000,89129.62000000,89139.04000000,174.65440000
2026-01-25T03:00:00+00:00,BTC/USDT,1h,89139.04000000,89176.72000000,88838.72000000,88960.35000000,472.84604000
2026-01-25T04:00:00+00:00,BTC/USDT,1h,88960.36000000,89090.13000000,88941.03000000,89006.96000000,349.85772000
2026-01-25T05:00:00+00:00,BTC/USDT,1h,89006.97000000,89045.44000000,88870.45000000,88990.90000000,204.95163000
2026-01-25T06:00:00+00:00,BTC/USDT,1h,88990.89000000,88990.90000000,88649.98000000,88831.36000000,567.42395000
2026-01-25T07:00:00+00:00,BTC/USDT,1h,88831.36000000,88831.36000000,88635.84000000,88659.99000000,242.80483000
2026-01-25T08:00:00+00:00,BTC/USDT,1h,88659.99000000,88760.00000000,88136.00000000,88300.01000000,461.92857000
2026-01-25T09:00:00+00:00,BTC/USDT,1h,88300.00000000,88488.00000000,88238.50000000,88398.38000000,288.59867000
2026-01-25T10:00:00+00:00,BTC/USDT,1h,88398.38000000,88671.27000000,88398.37000000,88659.51000000,354.58647000
2026-01-25T11:00:00+00:00,BTC/USDT,1h,88659.52000000,88710.00000000,88536.11000000,88570.17000000,171.64836000
2026-01-25T12:00:00+00:00,BTC/USDT,1h,88570.17000000,88800.00000000,88450.00000000,88791.99000000,329.09813000
2026-01-25T13:00:00+00:00,BTC/USDT,1h,88791.98000000,88971.89000000,88650.98000000,88921.00000000,278.06000000
2026-01-25T14:00:00+00:00,BTC/USDT,1h,88920.99000000,88938.94000000,88624.55000000,88710.10000000,293.57615000
2026-01-25T15:00:00+00:00,BTC/USDT,1h,88710.10000000,88760.35000000,88340.75000000,88446.50000000,370.52290000
2026-01-25T16:00:00+00:00,BTC/USDT,1h,88446.51000000,88448.85000000,87560.00000000,88077.26000000,1878.84709000
2026-01-25T17:00:00+00:00,BTC/USDT,1h,88077.25000000,88108.24000000,87767.18000000,87892.17000000,467.38462000
2026-01-25T18:00:00+00:00,BTC/USDT,1h,87892.16000000,87983.29000000,86827.10000000,87420.01000000,1893.52035000
2026-01-25T19:00:00+00:00,BTC/USDT,1h,87420.01000000,87508.15000000,86194.85000000,86495.16000000,1925.07483000
2026-01-25T20:00:00+00:00,BTC/USDT,1h,86495.17000000,86718.75000000,86222.02000000,86654.61000000,753.55910000
2026-01-25T21:00:00+00:00,BTC/USDT,1h,86654.60000000,87013.79000000,86400.00000000,86568.50000000,666.32154000
2026-01-25T22:00:00+00:00,BTC/USDT,1h,86568.51000000,86694.78000000,86217.32000000,86521.39000000,849.36578000
2026-01-25T23:00:00+00:00,BTC/USDT,1h,86521.39000000,86791.91000000,86074.72000000,86670.36000000,1129.26197000
2026-01-26T00:00:00+00:00,BTC/USDT,1h,86670.36000000,87167.84000000,86509.63000000,86854.86000000,788.16762000
2026-01-26T01:00:00+00:00,BTC/USDT,1h,86854.86000000,87809.99000000,86815.37000000,87698.73000000,1118.10870000
2026-01-26T02:00:00+00:00,BTC/USDT,1h,87698.74000000,87973.11000000,87435.18000000,87563.38000000,1015.63506000
2026-01-26T03:00:00+00:00,BTC/USDT,1h,87563.39000000,87691.41000000,87062.76000000,87282.05000000,1083.65608000
2026-01-26T04:00:00+00:00,BTC/USDT,1h,87282.04000000,87953.00000000,87244.27000000,87737.06000000,1109.49828000
2026-01-26T05:00:00+00:00,BTC/USDT,1h,87737.06000000,87956.27000000,87673.12000000,87826.01000000,765.12364000
2026-01-26T06:00:00+00:00,BTC/USDT,1h,87826.01000000,88031.73000000,87764.00000000,87937.44000000,915.62979000
2026-01-26T07:00:00+00:00,BTC/USDT,1h,87937.45000000,88074.48000000,87701.72000000,88000.64000000,768.40988000
2026-01-26T08:00:00+00:00,BTC/USDT,1h,88000.64000000,88424.45000000,87846.89000000,87975.39000000,790.54723000
2026-01-26T09:00:00+00:00,BTC/USDT,1h,87975.39000000,88000.00000000,87600.69000000,87663.12000000,543.28474000
2026-01-26T10:00:00+00:00,BTC/USDT,1h,87663.12000000,87950.00000000,87660.00000000,87897.55000000,242.48130000
2026-01-26T11:00:00+00:00,BTC/USDT,1h,87897.55000000,87980.00000000,87765.99000000,87855.00000000,244.05793000
2026-01-26T12:00:00+00:00,BTC/USDT,1h,87855.01000000,87971.99000000,87735.38000000,87799.45000000,288.85651000
2026-01-26T13:00:00+00:00,BTC/USDT,1h,87799.44000000,88048.00000000,87681.40000000,87960.01000000,556.52991000
2026-01-26T14:00:00+00:00,BTC/USDT,1h,87960.01000000,88508.41000000,87450.08000000,88178.10000000,1822.59356000
2026-01-26T15:00:00+00:00,BTC/USDT,1h,88178.09000000,88860.00000000,87325.03000000,87641.41000000,1769.32177000
2026-01-26T16:00:00+00:00,BTC/USDT,1h,87641.41000000,87964.60000000,87206.00000000,87606.99000000,686.77865000
2026-01-26T17:00:00+00:00,BTC/USDT,1h,87607.00000000,87789.47000000,87035.51000000,87700.62000000,580.63374000
2026-01-26T18:00:00+00:00,BTC/USDT,1h,87700.61000000,88403.73000000,87639.26000000,88403.72000000,550.84106000
2026-01-26T19:00:00+00:00,BTC/USDT,1h,88403.73000000,88537.95000000,87950.00000000,88013.19000000,515.97407000
2026-01-26T20:00:00+00:00,BTC/USDT,1h,88013.19000000,88118.00000000,87542.05000000,87629.22000000,428.95260000
2026-01-26T21:00:00+00:00,BTC/USDT,1h,87629.23000000,88238.29000000,87573.35000000,88064.69000000,392.85938000
2026-01-26T22:00:00+00:00,BTC/USDT,1h,88064.69000000,88270.29000000,88001.75000000,88140.01000000,324.81747000
2026-01-26T23:00:00+00:00,BTC/USDT,1h,88140.01000000,88659.09000000,88021.86000000,88347.08000000,463.75556000
2026-01-27T00:00:00+00:00,BTC/USDT,1h,88347.08000000,88457.30000000,88200.00000000,88353.97000000,302.20293000
2026-01-27T01:00:00+00:00,BTC/USDT,1h,88353.97000000,88700.00000000,88194.82000000,88550.61000000,340.87375000
2026-01-27T02:00:00+00:00,BTC/USDT,1h,88550.61000000,88858.96000000,88550.61000000,88831.60000000,479.89810000
2026-01-27T03:00:00+00:00,BTC/USDT,1h,88831.59000000,88898.00000000,88582.57000000,88788.00000000,526.26275000
2026-01-27T04:00:00+00:00,BTC/USDT,1h,88787.99000000,89010.00000000,88511.88000000,88579.58000000,508.81601000
2026-01-27T05:00:00+00:00,BTC/USDT,1h,88579.58000000,88586.26000000,88399.99000000,88456.30000000,306.33125000
2026-01-27T06:00:00+00:00,BTC/USDT,1h,88456.31000000,88522.86000000,88278.03000000,88332.67000000,277.06987000
2026-01-27T07:00:00+00:00,BTC/USDT,1h,88332.68000000,88555.14000000,88312.60000000,88320.41000000,356.10224000
2026-01-27T08:00:00+00:00,BTC/USDT,1h,88320.41000000,88397.85000000,88120.04000000,88170.82000000,305.95946000
2026-01-27T09:00:00+00:00,BTC/USDT,1h,88170.83000000,88170.83000000,87868.00000000,87886.82000000,501.60080000
2026-01-27T10:00:00+00:00,BTC/USDT,1h,87886.82000000,88055.75000000,87743.84000000,87786.53000000,315.39119000
2026-01-27T11:00:00+00:00,BTC/USDT,1h,87786.53000000,88093.19000000,87743.52000000,87992.74000000,339.68763000
2026-01-27T12:00:00+00:00,BTC/USDT,1h,87992.74000000,88165.24000000,87955.98000000,87986.96000000,497.99816000
2026-01-27T13:00:00+00:00,BTC/USDT,1h,87986.96000000,88076.82000000,87799.20000000,87982.15000000,400.06912000
2026-01-27T14:00:00+00:00,BTC/USDT,1h,87982.15000000,88474.23000000,87659.23000000,87745.02000000,762.91064000
2026-01-27T15:00:00+00:00,BTC/USDT,1h,87745.02000000,88189.44000000,87578.67000000,88047.46000000,838.96558000
2026-01-27T16:00:00+00:00,BTC/USDT,1h,88047.46000000,88819.89000000,88002.57000000,88641.44000000,1128.77578000
2026-01-27T17:00:00+00:00,BTC/USDT,1h,88641.43000000,88699.45000000,87304.33000000,87546.58000000,1183.80567000
2026-01-27T18:00:00+00:00,BTC/USDT,1h,87546.58000000,88510.15000000,87450.00000000,88285.05000000,865.62099000
2026-01-27T19:00:00+00:00,BTC/USDT,1h,88285.05000000,88549.32000000,88049.89000000,88408.77000000,469.70931000
2026-01-27T20:00:00+00:00,BTC/USDT,1h,88408.78000000,89497.19000000,88373.49000000,89396.16000000,1024.56489000
2026-01-27T21:00:00+00:00,BTC/USDT,1h,89396.03000000,89523.16000000,89008.75000000,89081.46000000,689.88066000
2026-01-27T22:00:00+00:00,BTC/USDT,1h,89081.47000000,89421.91000000,89021.61000000,89243.63000000,281.54432000
2026-01-27T23:00:00+00:00,BTC/USDT,1h,89243.63000000,89515.78000000,89143.92000000,89250.00000000,421.36315000
2026-01-28T00:00:00+00:00,BTC/USDT,1h,89249.99000000,89468.01000000,89154.80000000,89467.72000000,258.84583000
2026-01-28T01:00:00+00:00,BTC/USDT,1h,89467.73000000,89497.96000000,89196.87000000,89404.57000000,267.52883000
2026-01-28T02:00:00+00:00,BTC/USDT,1h,89404.57000000,89453.89000000,89100.01000000,89285.77000000,214.15071000
2026-01-28T03:00:00+00:00,BTC/USDT,1h,89285.78000000,89311.87000000,88985.00000000,89126.67000000,353.86100000
2026-01-28T04:00:00+00:00,BTC/USDT,1h,89126.68000000,89160.00000000,88840.00000000,88975.04000000,312.10964000
2026-01-28T05:00:00+00:00,BTC/USDT,1h,88975.03000000,89105.56000000,88849.00000000,89084.10000000,326.80822000
2026-01-28T06:00:00+00:00,BTC/USDT,1h,89084.10000000,89400.00000000,89084.10000000,89317.47000000,340.81001000
2026-01-28T07:00:00+00:00,BTC/USDT,1h,89317.47000000,89358.51000000,89099.81000000,89134.35000000,370.19520000
2026-01-28T08:00:00+00:00,BTC/USDT,1h,89134.35000000,89258.02000000,88833.65000000,88925.47000000,515.45435000
2026-01-28T09:00:00+00:00,BTC/USDT,1h,88925.47000000,89567.26000000,88849.99000000,89567.25000000,490.95043000
2026-01-28T10:00:00+00:00,BTC/USDT,1h,89567.25000000,89703.87000000,89330.22000000,89403.77000000,688.45427000
2026-01-28T11:00:00+00:00,BTC/USDT,1h,89403.76000000,90156.72000000,89313.13000000,90080.00000000,1092.21486000
2026-01-28T12:00:00+00:00,BTC/USDT,1h,90079.99000000,90176.88000000,89790.00000000,89998.69000000,946.78783000
2026-01-28T13:00:00+00:00,BTC/USDT,1h,89998.69000000,90488.00000000,89969.42000000,90257.91000000,1485.47795000
2026-01-28T14:00:00+00:00,BTC/USDT,1h,90257.91000000,90276.78000000,89460.01000000,89617.27000000,997.73721000
2026-01-28T15:00:00+00:00,BTC/USDT,1h,89617.27000000,89849.75000000,88904.61000000,89479.66000000,998.88376000
2026-01-28T16:00:00+00:00,BTC/USDT,1h,89479.66000000,89830.00000000,89248.61000000,89629.66000000,744.86311000
2026-01-28T17:00:00+00:00,BTC/USDT,1h,89629.66000000,90600.00000000,89277.21000000,90169.88000000,923.32635000
2026-01-28T18:00:00+00:00,BTC/USDT,1h,90169.89000000,90178.91000000,89312.88000000,89546.24000000,748.51147000
2026-01-28T19:00:00+00:00,BTC/USDT,1h,89544.00000000,89719.58000000,89006.36000000,89402.58000000,893.38320000
2026-01-28T20:00:00+00:00,BTC/USDT,1h,89402.57000000,89896.00000000,89010.00000000,89130.63000000,590.94624000
2026-01-28T21:00:00+00:00,BTC/USDT,1h,89130.63000000,89490.24000000,88878.01000000,89412.17000000,381.49994000
2026-01-28T22:00:00+00:00,BTC/USDT,1h,89412.18000000,89479.04000000,89138.00000000,89396.15000000,156.23518000
2026-01-28T23:00:00+00:00,BTC/USDT,1h,89396.15000000,89471.41000000,89209.48000000,89299.99000000,233.14943000
2026-01-29T00:00:00+00:00,BTC/USDT,1h,89300.00000000,89348.00000000,88900.00000000,89143.91000000,431.21285000
2026-01-29T01:00:00+00:00,BTC/USDT,1h,89143.92000000,89159.99000000,88548.87000000,88603.56000000,624.81108000
2026-01-29T02:00:00+00:00,BTC/USDT,1h,88603.56000000,88754.64000000,87704.00000000,87907.06000000,1097.35161000
2026-01-29T03:00:00+00:00,BTC/USDT,1h,87907.05000000,88265.39000000,87771.30000000,88053.71000000,769.73434000
2026-01-29T04:00:00+00:00,BTC/USDT,1h,88053.71000000,88345.66000000,87901.23000000,88315.20000000,311.34380000
2026-01-29T05:00:00+00:00,BTC/USDT,1h,88315.20000000,88408.08000000,88142.66000000,88186.54000000,354.31355000
2026-01-29T06:00:00+00:00,BTC/USDT,1h,88186.53000000,88338.67000000,88168.90000000,88319.35000000,284.51762000
2026-01-29T07:00:00+00:00,BTC/USDT,1h,88319.35000000,88430.05000000,88250.00000000,88352.97000000,526.73614000
2026-01-29T08:00:00+00:00,BTC/USDT,1h,88352.96000000,88500.00000000,87907.80000000,88064.16000000,823.67262000
2026-01-29T09:00:00+00:00,BTC/USDT,1h,88064.16000000,88160.00000000,87892.00000000,87892.01000000,372.84765000
2026-01-29T10:00:00+00:00,BTC/USDT,1h,87892.00000000,88046.59000000,87832.18000000,87946.46000000,575.41561000
2026-01-29T11:00:00+00:00,BTC/USDT,1h,87946.47000000,88066.94000000,87750.01000000,87846.50000000,527.10516000
2026-01-29T12:00:00+00:00,BTC/USDT,1h,87846.50000000,88121.29000000,87817.97000000,88121.21000000,516.69113000
2026-01-29T13:00:00+00:00,BTC/USDT,1h,88121.21000000,88182.29000000,87951.67000000,88052.88000000,283.13252000
2026-01-29T14:00:00+00:00,BTC/USDT,1h,88052.87000000,88075.23000000,87008.00000000,87014.40000000,1065.77381000
2026-01-29T15:00:00+00:00,BTC/USDT,1h,87014.40000000,87039.51000000,84366.56000000,84934.02000000,8241.95640000
2026-01-29T16:00:00+00:00,BTC/USDT,1h,84934.02000000,85392.20000000,84268.17000000,85270.00000000,4076.75879000
2026-01-29T17:00:00+00:00,BTC/USDT,1h,85270.01000000,85638.30000000,84012.78000000,84261.66000000,2652.67947000
2026-01-29T18:00:00+00:00,BTC/USDT,1h,84261.66000000,84630.55000000,83415.00000000,83477.02000000,2305.76692000
2026-01-29T19:00:00+00:00,BTC/USDT,1h,83477.02000000,84334.97000000,83383.33000000,84012.11000000,1752.68525000
2026-01-29T20:00:00+00:00,BTC/USDT,1h,84012.11000000,84398.36000000,83824.90000000,84216.91000000,1089.07114000
2026-01-29T21:00:00+00:00,BTC/USDT,1h,84216.91000000,84706.32000000,84200.00000000,84526.57000000,780.67473000
2026-01-29T22:00:00+00:00,BTC/USDT,1h,84526.57000000,84615.74000000,84306.24000000,84570.05000000,335.13893000
2026-01-29T23:00:00+00:00,BTC/USDT,1h,84570.04000000,84737.69000000,84445.70000000,84650.16000000,631.99089000
2026-01-30T00:00:00+00:00,BTC/USDT,1h,84650.16000000,84735.75000000,84100.00000000,84192.00000000,730.18491000
2026-01-30T01:00:00+00:00,BTC/USDT,1h,84192.00000000,84192.01000000,81118.00000000,82468.02000000,6080.28823000
2026-01-30T02:00:00+00:00,BTC/USDT,1h,82468.01000000,82535.89000000,81154.00000000,82164.88000000,3963.98084000
2026-01-30T03:00:00+00:00,BTC/USDT,1h,82164.88000000,82738.89000000,82036.35000000,82676.43000000,1470.66915000
2026-01-30T04:00:00+00:00,BTC/USDT,1h,82676.42000000,83332.20000000,82676.42000000,82938.92000000,1147.37787000
2026-01-30T05:00:00+00:00,BTC/USDT,1h,82938.92000000,83329.36000000,82903.23000000,82914.19000000,818.20759000
2026-01-30T06:00:00+00:00,BTC/USDT,1h,82914.20000000,82919.21000000,82056.08000000,82602.81000000,1199.37024000
2026-01-30T07:00:00+00:00,BTC/USDT,1h,82602.81000000,83100.00000000,82483.27000000,82816.98000000,1624.46252000
2026-01-30T08:00:00+00:00,BTC/USDT,1h,82816.98000000,82995.41000000,82438.80000000,82671.70000000,959.74241000
2026-01-30T09:00:00+00:00,BTC/USDT,1h,82671.70000000,82834.19000000,82160.00000000,82363.72000000,1026.26025000
2026-01-30T10:00:00+00:00,BTC/USDT,1h,82363.71000000,82897.41000000,82172.02000000,82833.92000000,661.39040000
2026-01-30T11:00:00+00:00,BTC/USDT,1h,82833.92000000,83314.85000000,82682.15000000,83151.36000000,607.68303000
2026-01-30T12:00:00+00:00,BTC/USDT,1h,83151.36000000,83329.35000000,82650.00000000,82800.50000000,693.01620000
2026-01-30T13:00:00+00:00,BTC/USDT,1h,82800.49000000,83087.34000000,82421.64000000,82740.92000000,760.57185000
2026-01-30T14:00:00+00:00,BTC/USDT,1h,82740.93000000,83797.99000000,82738.68000000,83098.00000000,1785.40114000
2026-01-30T15:00:00+00:00,BTC/USDT,1h,83098.00000000,83616.46000000,82382.01000000,82883.94000000,1512.89136000
2026-01-30T16:00:00+00:00,BTC/USDT,1h,82882.84000000,83493.60000000,82549.35000000,83149.00000000,956.54558000
2026-01-30T17:00:00+00:00,BTC/USDT,1h,83149.00000000,83475.80000000,82641.60000000,82943.23000000,1094.09504000
2026-01-30T18:00:00+00:00,BTC/USDT,1h,82943.23000000,84160.00000000,81871.37000000,83931.13000000,2213.77003000
2026-01-30T19:00:00+00:00,BTC/USDT,1h,83931.13000000,84621.16000000,83917.36000000,84242.99000000,1851.84536000
2026-01-30T20:00:00+00:00,BTC/USDT,1h,84243.00000000,84299.99000000,83539.20000000,83906.34000000,2390.62988000
2026-01-30T21:00:00+00:00,BTC/USDT,1h,83906.34000000,84523.11000000,83790.44000000,84273.70000000,835.94444000
2026-01-30T22:00:00+00:00,BTC/USDT,1h,84273.71000000,84327.06000000,83918.42000000,84219.99000000,454.50219000
2026-01-30T23:00:00+00:00,BTC/USDT,1h,84220.00000000,84298.96000000,83933.82000000,84260.49000000,357.01742000
2026-01-31T00:00:00+00:00,BTC/USDT,1h,84260.50000000,84270.02000000,84014.01000000,84067.83000000,380.99765000
2026-01-31T01:00:00+00:00,BTC/USDT,1h,84067.83000000,84266.22000000,83908.00000000,83999.99000000,474.79523000
2026-01-31T02:00:00+00:00,BTC/USDT,1h,84000.00000000,84183.42000000,83815.02000000,84130.01000000,514.80351000
2026-01-31T03:00:00+00:00,BTC/USDT,1h,84130.01000000,84232.00000000,84022.69000000,84022.69000000,356.74317000
2026-01-31T04:00:00+00:00,BTC/USDT,1h,84022.70000000,84146.22000000,83941.43000000,83992.45000000,214.26773000
2026-01-31T05:00:00+00:00,BTC/USDT,1h,83992.44000000,84097.37000000,83903.70000000,84000.01000000,249.62585000
2026-01-31T06:00:00+00:00,BTC/USDT,1h,84000.01000000,84050.51000000,83638.40000000,83786.09000000,407.33324000
2026-01-31T07:00:00+00:00,BTC/USDT,1h,83786.09000000,83805.02000000,83404.67000000,83546.81000000,478.71890000
2026-01-31T08:00:00+00:00,BTC/USDT,1h,83546.82000000,83629.08000000,82560.75000000,83074.07000000,1142.87539000
2026-01-31T09:00:00+00:00,BTC/USDT,1h,83074.08000000,83300.00000000,82894.00000000,83109.10000000,471.08907000
2026-01-31T10:00:00+00:00,BTC/USDT,1h,83109.10000000,83203.26000000,82917.32000000,83160.00000000,515.13254000
2026-01-31T11:00:00+00:00,BTC/USDT,1h,83160.00000000,83160.00000000,82851.97000000,83020.00000000,279.69189000
2026-01-31T12:00:00+00:00,BTC/USDT,1h,83020.00000000,83140.00000000,82720.00000000,82762.00000000,537.57574000
2026-01-31T13:00:00+00:00,BTC/USDT,1h,82761.99000000,82919.29000000,82478.59000000,82767.99000000,539.85854000
2026-01-31T14:00:00+00:00,BTC/USDT,1h,82768.00000000,82928.20000000,80825.76000000,81479.99000000,4166.24097000
2026-01-31T15:00:00+00:00,BTC/USDT,1h,81480.00000000,81789.68000000,81088.00000000,81302.15000000,1568.15407000
2026-01-31T16:00:00+00:00,BTC/USDT,1h,81302.16000000,82200.00000000,80098.01000000,80365.04000000,5113.56418000
2026-01-31T17:00:00+00:00,BTC/USDT,1h,80365.05000000,80550.74000000,78159.90000000,78893.92000000,6669.26832000
2026-01-31T18:00:00+00:00,BTC/USDT,1h,78893.92000000,79143.64000000,75719.90000000,78038.38000000,7783.32311000
2026-01-31T19:00:00+00:00,BTC/USDT,1h,78038.39000000,78576.30000000,77194.00000000,77750.01000000,2463.45994000
2026-01-31T20:00:00+00:00,BTC/USDT,1h,77750.01000000,78141.95000000,77092.34000000,77999.03000000,1378.50317000
2026-01-31T21:00:00+00:00,BTC/USDT,1h,77999.02000000,78365.02000000,77372.69000000,78292.00000000,1330.56660000
2026-01-31T22:00:00+00:00,BTC/USDT,1h,78292.00000000,78499.94000000,78000.00000000,78155.17000000,902.43744000
2026-01-31T23:00:00+00:00,BTC/USDT,1h,78155.16000000,79240.00000000,78078.67000000,78741.09000000,1552.86508000
2026-02-01T00:00:00+00:00,BTC/USDT,1h,78741.10000000,79424.00000000,78644.09000000,78902.31000000,1738.02598000
2026-02-01T01:00:00+00:00,BTC/USDT,1h,78902.31000000,78943.62000000,78284.00000000,78532.17000000,1163.10084000
2026-02-01T02:00:00+00:00,BTC/USDT,1h,78532.32000000,79060.44000000,78378.00000000,78900.01000000,762.94469000
2026-02-01T03:00:00+00:00,BTC/USDT,1h,78900.01000000,79008.36000000,78666.73000000,78868.28000000,594.31033000
2026-02-01T04:00:00+00:00,BTC/USDT,1h,78868.29000000,79119.30000000,78720.97000000,78971.75000000,441.04188000
2026-02-01T05:00:00+00:00,BTC/USDT,1h,78973.22000000,79006.00000000,78527.13000000,78620.91000000,744.74280000
2026-02-01T06:00:00+00:00,BTC/USDT,1h,78620.90000000,78824.10000000,78266.63000000,78300.00000000,568.62406000
2026-02-01T07:00:00+00:00,BTC/USDT,1h,78300.01000000,78724.01000000,77967.69000000,78343.00000000,808.74546000
2026-02-01T08:00:00+00:00,BTC/USDT,1h,78343.00000000,78863.00000000,78252.64000000,78604.02000000,567.72389000
2026-02-01T09:00:00+00:00,BTC/USDT,1h,78604.02000000,79136.10000000,78551.15000000,79034.45000000,479.76229000
2026-02-01T10:00:00+00:00,BTC/USDT,1h,79034.45000000,79220.72000000,78148.10000000,78279.73000000,863.43565000
2026-02-01T11:00:00+00:00,BTC/USDT,1h,78279.73000000,78877.89000000,78279.72000000,78743.56000000,539.38656000
2026-02-01T12:00:00+00:00,BTC/USDT,1h,78743.57000000,78760.00000000,78244.00000000,78459.67000000,620.90729000
2026-02-01T13:00:00+00:00,BTC/USDT,1h,78459.68000000,78768.68000000,78203.21000000,78317.51000000,482.47432000
2026-02-01T14:00:00+00:00,BTC/USDT,1h,78317.51000000,78520.00000000,77236.68000000,78211.12000000,1658.37078000
2026-02-01T15:00:00+00:00,BTC/USDT,1h,78211.12000000,78254.20000000,76761.98000000,77593.40000000,2045.87767000
2026-02-01T16:00:00+00:00,BTC/USDT,1h,77593.40000000,77838.48000000,77087.76000000,77494.77000000,1084.57336000
2026-02-01T17:00:00+00:00,BTC/USDT,1h,77494.77000000,77748.00000000,77300.00000000,77745.32000000,549.82327000
2026-02-01T18:00:00+00:00,BTC/USDT,1h,77745.33000000,78443.10000000,77727.27000000,78029.28000000,791.63632000
2026-02-01T19:00:00+00:00,BTC/USDT,1h,78029.29000000,78106.10000000,77000.01000000,77174.78000000,457.49789000
2026-02-01T20:00:00+00:00,BTC/USDT,1h,77174.77000000,77740.91000000,76606.00000000,77103.04000000,1125.71882000
2026-02-01T21:00:00+00:00,BTC/USDT,1h,77103.04000000,77161.26000000,76359.87000000,76526.03000000,1221.60590000
2026-02-01T22:00:00+00:00,BTC/USDT,1h,76526.03000000,77779.63000000,76456.78000000,77249.31000000,1235.13318000
2026-02-01T23:00:00+00:00,BTC/USDT,1h,77249.31000000,77610.72000000,75700.00000000,76968.21000000,4850.01845000
2026-02-02T00:00:00+00:00,BTC/USDT,1h,76968.22000000,78231.26000000,76606.39000000,77672.61000000,1960.16053000
2026-02-02T01:00:00+00:00,BTC/USDT,1h,77672.61000000,77942.28000000,76619.69000000,77518.87000000,1238.02224000
2026-02-02T02:00:00+00:00,BTC/USDT,1h,77518.87000000,77555.62000000,76449.84000000,76491.17000000,1406.18164000
2026-02-02T03:00:00+00:00,BTC/USDT,1h,76491.18000000,76575.93000000,74604.00000000,76292.98000000,6845.40126000
2026-02-02T04:00:00+00:00,BTC/USDT,1h,76292.98000000,76621.28000000,75335.90000000,75894.15000000,2387.03559000
2026-02-02T05:00:00+00:00,BTC/USDT,1h,75894.15000000,75999.99000000,74911.14000000,75502.10000000,2327.56014000
2026-02-02T06:00:00+00:00,BTC/USDT,1h,75502.10000000,76834.71000000,74957.51000000,76549.32000000,3207.27225000
2026-02-02T07:00:00+00:00,BTC/USDT,1h,76549.32000000,76958.00000000,76327.90000000,76660.79000000,1646.53051000
2026-02-02T08:00:00+00:00,BTC/USDT,1h,76660.78000000,77191.15000000,76628.28000000,76881.28000000,1422.14452000
2026-02-02T09:00:00+00:00,BTC/USDT,1h,76881.28000000,77815.00000000,76652.00000000,77725.33000000,2196.40917000
2026-02-02T10:00:00+00:00,BTC/USDT,1h,77725.33000000,77876.69000000,77474.85000000,77504.54000000,1049.86427000
2026-02-02T11:00:00+00:00,BTC/USDT,1h,77504.54000000,77970.62000000,77451.11000000,77759.99000000,983.08962000
2026-02-02T12:00:00+00:00,BTC/USDT,1h,77760.00000000,78434.00000000,77706.00000000,77988.51000000,1103.97039000
2026-02-02T13:00:00+00:00,BTC/USDT,1h,77988.50000000,78458.00000000,77800.00000000,78224.79000000,960.76337000
2026-02-02T14:00:00+00:00,BTC/USDT,1h,78224.80000000,78885.00000000,77626.44000000,77844.79000000,2220.07608000
2026-02-02T15:00:00+00:00,BTC/USDT,1h,77844.78000000,79360.00000000,77564.62000000,78850.06000000,3238.00821000
2026-02-02T16:00:00+00:00,BTC/USDT,1h,78850.06000000,79288.28000000,78584.00000000,78634.76000000,1987.74899000
2026-02-02T17:00:00+00:00,BTC/USDT,1h,78634.75000000,79213.99000000,78603.93000000,78988.64000000,1407.01094000
2026-02-02T18:00:00+00:00,BTC/USDT,1h,78988.65000000,78988.65000000,78369.13000000,78569.84000000,992.65857000
2026-02-02T19:00:00+00:00,BTC/USDT,1h,78569.83000000,78697.99000000,78283.27000000,78341.50000000,1074.65868000
2026-02-02T20:00:00+00:00,BTC/USDT,1h,78341.50000000,78667.38000000,77888.00000000,78008.59000000,902.54602000
2026-02-02T21:00:00+00:00,BTC/USDT,1h,78008.59000000,78552.76000000,77922.00000000,78532.06000000,507.24426000
2026-02-02T22:00:00+00:00,BTC/USDT,1h,78532.07000000,78853.35000000,78528.21000000,78795.20000000,488.24484000
2026-02-02T23:00:00+00:00,BTC/USDT,1h,78795.20000000,78962.78000000,78560.00000000,78738.61000000,720.98807000
2026-02-03T00:00:00+00:00,BTC/USDT,1h,78738.60000000,79099.99000000,78408.05000000,79065.24000000,994.28607000
2026-02-03T01:00:00+00:00,BTC/USDT,1h,79065.24000000,79186.81000000,78716.79000000,79017.63000000,990.18740000
2026-02-03T02:00:00+00:00,BTC/USDT,1h,79017.64000000,79017.64000000,77800.00000000,77808.01000000,959.76758000
2026-02-03T03:00:00+00:00,BTC/USDT,1h,77808.02000000,78907.18000000,77644.09000000,78753.32000000,1068.28743000
2026-02-03T04:00:00+00:00,BTC/USDT,1h,78753.32000000,78999.99000000,78488.00000000,78798.39000000,719.00577000
2026-02-03T05:00:00+00:00,BTC/USDT,1h,78798.38000000,78809.78000000,78218.98000000,78240.45000000,581.74505000
2026-02-03T06:00:00+00:00,BTC/USDT,1h,78240.45000000,78665.91000000,77950.00000000,78594.17000000,881.03721000
2026-02-03T07:00:00+00:00,BTC/USDT,1h,78594.01000000,78923.93000000,78488.01000000,78794.67000000,705.05984000
2026-02-03T08:00:00+00:00,BTC/USDT,1h,78794.67000000,79084.29000000,78464.60000000,78747.96000000,840.32530000
2026-02-03T09:00:00+00:00,BTC/USDT,1h,78747.96000000,78841.35000000,77950.00000000,78400.01000000,972.94350000
2026-02-03T10:00:00+00:00,BTC/USDT,1h,78400.01000000,78560.00000000,78070.00000000,78120.36000000,505.87116000
2026-02-03T11:00:00+00:00,BTC/USDT,1h,78120.36000000,78349.24000000,78004.08000000,78079.50000000,475.83471000
2026-02-03T12:00:00+00:00,BTC/USDT,1h,78079.50000000,78416.90000000,78000.00000000,78330.26000000,933.62710000
2026-02-03T13:00:00+00:00,BTC/USDT,1h,78330.26000000,78458.89000000,78187.91000000,78307.65000000,529.49211000
2026-02-03T14:00:00+00:00,BTC/USDT,1h,78307.65000000,78434.61000000,77156.24000000,77201.22000000,2011.41490000
2026-02-03T15:00:00+00:00,BTC/USDT,1h,77201.21000000,78196.83000000,77055.54000000,78132.33000000,2069.08407000
2026-02-03T16:00:00+00:00,BTC/USDT,1h,78132.34000000,78134.53000000,76400.00000000,76488.08000000,3199.23624000
2026-02-03T17:00:00+00:00,BTC/USDT,1h,76488.08000000,76525.44000000,74882.28000000,74915.79000000,3210.53566000
2026-02-03T18:00:00+00:00,BTC/USDT,1h,74915.79000000,75302.76000000,73137.66000000,73139.13000000,8932.04301000
2026-02-03T19:00:00+00:00,BTC/USDT,1h,73139.12000000,75291.10000000,72945.50000000,74935.00000000,3497.82279000
2026-02-03T20:00:00+00:00,BTC/USDT,1h,74935.00000000,76721.25000000,74586.54000000,76475.52000000,2122.86901000
2026-02-03T21:00:00+00:00,BTC/USDT,1h,76475.53000000,76960.00000000,76124.05000000,76239.43000000,1110.97152000
2026-02-03T22:00:00+00:00,BTC/USDT,1h,76239.43000000,76299.19000000,75406.79000000,75708.83000000,1013.97922000
2026-02-03T23:00:00+00:00,BTC/USDT,1h,75708.82000000,76000.00000000,75428.16000000,75770.21000000,794.68224000
2026-02-04T00:00:00+00:00,BTC/USDT,1h,75770.21000000,76264.00000000,75467.22000000,75910.88000000,730.62893000
2026-02-04T01:00:00+00:00,BTC/USDT,1h,75910.88000000,76798.12000000,75910.88000000,76423.73000000,952.72942000
2026-02-04T02:00:00+00:00,BTC/USDT,1h,76423.73000000,76610.04000000,75707.41000000,75963.35000000,853.38888000
2026-02-04T03:00:00+00:00,BTC/USDT,1h,75963.35000000,76971.52000000,75906.05000000,76698.17000000,1036.93598000
2026-02-04T04:00:00+00:00,BTC/USDT,1h,76698.17000000,76830.69000000,76413.64000000,76479.75000000,577.39018000
2026-02-04T05:00:00+00:00,BTC/USDT,1h,76479.75000000,76526.80000000,76105.30000000,76279.99000000,1056.73491000
2026-02-04T06:00:00+00:00,BTC/USDT,1h,76280.00000000,76780.00000000,76259.90000000,76652.68000000,609.34015000
2026-02-04T07:00:00+00:00,BTC/USDT,1h,76652.68000000,76657.31000000,76335.46000000,76514.30000000,593.58526000
2026-02-04T08:00:00+00:00,BTC/USDT,1h,76514.30000000,76600.00000000,76068.69000000,76587.26000000,736.19473000
2026-02-04T09:00:00+00:00,BTC/USDT,1h,76587.26000000,76607.69000000,75967.10000000,76119.00000000,632.82215000
2026-02-04T10:00:00+00:00,BTC/USDT,1h,76119.00000000,76338.65000000,76069.00000000,76302.10000000,440.91077000
2026-02-04T11:00:00+00:00,BTC/USDT,1h,76302.10000000,76302.10000000,75666.00000000,76017.25000000,1102.73317000
2026-02-04T12:00:00+00:00,BTC/USDT,1h,76017.25000000,76260.85000000,76000.00000000,76180.85000000,942.91713000
2026-02-04T13:00:00+00:00,BTC/USDT,1h,76180.84000000,76186.98000000,74867.00000000,74867.00000000,1563.62436000
2026-02-04T14:00:00+00:00,BTC/USDT,1h,74867.00000000,75769.23000000,74256.00000000,74359.53000000,2801.90282000
2026-02-04T15:00:00+00:00,BTC/USDT,1h,74359.53000000,75328.28000000,73794.11000000,74136.36000000,3644.50098000
2026-02-04T16:00:00+00:00,BTC/USDT,1h,74136.48000000,74249.83000000,73076.92000000,73636.01000000,3089.62892000
2026-02-04T17:00:00+00:00,BTC/USDT,1h,73635.63000000,73863.92000000,72169.00000000,72576.08000000,5764.80542000
2026-02-04T18:00:00+00:00,BTC/USDT,1h,72576.08000000,74140.00000000,72273.68000000,73425.96000000,3480.01439000
2026-02-04T19:00:00+00:00,BTC/USDT,1h,73425.97000000,74007.28000000,73041.41000000,73923.29000000,1609.77508000
2026-02-04T20:00:00+00:00,BTC/USDT,1h,73923.30000000,74144.00000000,73425.56000000,73516.30000000,1052.61663000
2026-02-04T21:00:00+00:00,BTC/USDT,1h,73516.30000000,73654.00000000,72210.00000000,72799.99000000,1379.23839000
2026-02-04T22:00:00+00:00,BTC/USDT,1h,72800.00000000,73680.00000000,71888.00000000,72543.38000000,2426.62344000
2026-02-04T23:00:00+00:00,BTC/USDT,1h,72543.38000000,73520.59000000,72468.12000000,73165.83000000,1296.31791000
2026-02-05T00:00:00+00:00,BTC/USDT,1h,73165.84000000,73325.60000000,72754.21000000,72868.02000000,1031.56586000
2026-02-05T01:00:00+00:00,BTC/USDT,1h,72868.02000000,73341.18000000,71995.09000000,72421.26000000,1796.49365000
2026-02-05T02:00:00+00:00,BTC/USDT,1h,72421.26000000,72854.39000000,71305.55000000,71454.44000000,2979.51665000
2026-02-05T03:00:00+00:00,BTC/USDT,1h,71454.44000000,71884.47000000,71152.78000000,71223.25000000,2548.86017000
2026-02-05T04:00:00+00:00,BTC/USDT,1h,71223.25000000,71437.68000000,70701.00000000,70888.08000000,4293.99043000
2026-02-05T05:00:00+00:00,BTC/USDT,1h,70888.09000000,71150.16000000,70140.00000000,70732.72000000,4302.51294000
2026-02-05T06:00:00+00:00,BTC/USDT,1h,70732.73000000,70984.62000000,70434.05000000,70951.51000000,2020.09726000
2026-02-05T07:00:00+00:00,BTC/USDT,1h,70951.51000000,71622.82000000,70644.73000000,70756.85000000,2612.40429000
2026-02-05T08:00:00+00:00,BTC/USDT,1h,70756.86000000,71550.00000000,70683.58000000,71054.99000000,1815.06036000
2026-02-05T09:00:00+00:00,BTC/USDT,1h,71054.99000000,71978.58000000,71049.35000000,71550.00000000,1842.40706000
2026-02-05T10:00:00+00:00,BTC/USDT,1h,71549.99000000,71726.79000000,70656.59000000,70858.13000000,1618.18196000
2026-02-05T11:00:00+00:00,BTC/USDT,1h,70858.13000000,71063.94000000,69922.00000000,70318.35000000,4107.09256000
2026-02-05T12:00:00+00:00,BTC/USDT,1h,70318.35000000,70603.49000000,69163.00000000,69563.57000000,5331.37678000
2026-02-05T13:00:00+00:00,BTC/USDT,1h,69563.56000000,69831.85000000,69261.11000000,69688.94000000,2587.65964000
2026-02-05T14:00:00+00:00,BTC/USDT,1h,69688.94000000,70872.04000000,69285.71000000,69404.76000000,3459.24538000
2026-02-05T15:00:00+00:00,BTC/USDT,1h,69404.75000000,69616.29000000,66720.15000000,67489.07000000,13836.57347000
2026-02-05T16:00:00+00:00,BTC/USDT,1h,67489.08000000,68681.81000000,66955.34000000,68295.15000000,5860.78146000
2026-02-05T17:00:00+00:00,BTC/USDT,1h,68295.15000000,68374.79000000,66152.00000000,66181.69000000,6127.22850000
2026-02-05T18:00:00+00:00,BTC/USDT,1h,66181.68000000,66542.87000000,65385.00000000,66347.00000000,5703.68497000
2026-02-05T19:00:00+00:00,BTC/USDT,1h,66347.01000000,66637.46000000,65200.00000000,65265.65000000,3605.53717000
2026-02-05T20:00:00+00:00,BTC/USDT,1h,65265.66000000,65700.00000000,62345.00000000,63775.67000000,13269.97533000
2026-02-05T21:00:00+00:00,BTC/USDT,1h,63775.66000000,64775.00000000,62888.34000000,63213.34000000,6727.66673000
2026-02-05T22:00:00+00:00,BTC/USDT,1h,63213.34000000,64615.88000000,62690.90000000,63907.86000000,4776.16051000
2026-02-05T23:00:00+00:00,BTC/USDT,1h,63907.86000000,64908.00000000,62717.48000000,62909.86000000,4044.75586000
2026-02-06T00:00:00+00:00,BTC/USDT,1h,62909.87000000,63861.87000000,60000.00000000,63509.39000000,15965.67588000
2026-02-06T01:00:00+00:00,BTC/USDT,1h,63509.40000000,65760.00000000,63509.39000000,65714.96000000,6085.05108000
2026-02-06T02:00:00+00:00,BTC/USDT,1h,65714.96000000,66010.00000000,64201.28000000,64990.10000000,4172.05950000
2026-02-06T03:00:00+00:00,BTC/USDT,1h,64990.11000000,65172.13000000,63770.17000000,64168.33000000,2757.61679000
2026-02-06T04:00:00+00:00,BTC/USDT,1h,64168.33000000,65000.00000000,63914.62000000,64905.84000000,2678.77331000
2026-02-06T05:00:00+00:00,BTC/USDT,1h,64905.54000000,66826.50000000,64800.01000000,66408.11000000,3077.34633000
2026-02-06T06:00:00+00:00,BTC/USDT,1h,66408.11000000,66800.00000000,64856.88000000,64988.26000000,3562.00258000
2026-02-06T07:00:00+00:00,BTC/USDT,1h,64988.26000000,65543.79000000,64654.11000000,64856.00000000,3886.24107000
2026-02-06T08:00:00+00:00,BTC/USDT,1h,64856.00000000,65206.11000000,64500.00000000,64895.05000000,2403.94942000
2026-02-06T09:00:00+00:00,BTC/USDT,1h,64895.04000000,66163.00000000,64764.70000000,65799.55000000,2736.04998000
2026-02-06T10:00:00+00:00,BTC/USDT,1h,65799.55000000,66220.00000000,65550.00000000,65967.51000000,2067.37547000
2026-02-06T11:00:00+00:00,BTC/USDT,1h,65967.51000000,66755.13000000,65772.17000000,66631.32000000,2445.47098000
2026-02-06T12:00:00+00:00,BTC/USDT,1h,66631.32000000,66631.32000000,66114.49000000,66557.93000000,1895.66919000
2026-02-06T13:00:00+00:00,BTC/USDT,1h,66557.93000000,67690.70000000,66480.82000000,67316.82000000,4063.76595000
2026-02-06T14:00:00+00:00,BTC/USDT,1h,67316.82000000,68647.45000000,66629.36000000,68194.89000000,5594.57909000
2026-02-06T15:00:00+00:00,BTC/USDT,1h,68194.90000000,69192.00000000,67772.00000000,68626.00000000,6052.81042000
2026-02-06T16:00:00+00:00,BTC/USDT,1h,68625.99000000,70224.62000000,68428.19000000,69954.01000000,6892.60997000
2026-02-06T17:00:00+00:00,BTC/USDT,1h,69954.01000000,71500.00000000,69593.43000000,70753.53000000,5224.54006000
2026-02-06T18:00:00+00:00,BTC/USDT,1h,70753.53000000,70816.00000000,69340.91000000,69776.68000000,3217.47319000
2026-02-06T19:00:00+00:00,BTC/USDT,1h,69776.68000000,70952.00000000,69662.22000000,70731.46000000,1949.07605000
2026-02-06T20:00:00+00:00,BTC/USDT,1h,70731.45000000,70996.77000000,70000.12000000,70000.13000000,1842.94729000
2026-02-06T21:00:00+00:00,BTC/USDT,1h,70000.14000000,70508.75000000,69837.35000000,70358.43000000,1079.99332000
2026-02-06T22:00:00+00:00,BTC/USDT,1h,70358.44000000,71577.09000000,70279.09000000,71354.46000000,1439.41821000
2026-02-06T23:00:00+00:00,BTC/USDT,1h,71354.46000000,71751.33000000,70505.00000000,70580.26000000,1448.72018000
2026-02-07T00:00:00+00:00,BTC/USDT,1h,70580.26000000,70600.00000000,69718.00000000,69958.00000000,1684.48527000
2026-02-07T01:00:00+00:00,BTC/USDT,1h,69958.00000000,70680.54000000,69741.87000000,70471.49000000,1257.48702000
2026-02-07T02:00:00+00:00,BTC/USDT,1h,70471.48000000,70624.49000000,70151.51000000,70361.37000000,828.17189000
2026-02-07T03:00:00+00:00,BTC/USDT,1h,70361.36000000,70928.75000000,70270.00000000,70918.99000000,917.62946000
2026-02-07T04:00:00+00:00,BTC/USDT,1h,70918.99000000,71690.07000000,70604.55000000,70768.13000000,1760.77139000
2026-02-07T05:00:00+00:00,BTC/USDT,1h,70768.00000000,71191.88000000,69800.00000000,70161.50000000,1954.17044000
2026-02-07T06:00:00+00:00,BTC/USDT,1h,70161.51000000,70310.00000000,68757.68000000,68769.65000000,3067.81307000
2026-02-07T07:00:00+00:00,BTC/USDT,1h,68769.66000000,69084.55000000,67300.00000000,68087.14000000,6488.56676000
2026-02-07T08:00:00+00:00,BTC/USDT,1h,68087.13000000,68790.00000000,67747.65000000,68495.01000000,2785.44241000
2026-02-07T09:00:00+00:00,BTC/USDT,1h,68495.01000000,68763.28000000,67885.86000000,68138.20000000,2704.83478000
2026-02-07T10:00:00+00:00,BTC/USDT,1h,68138.19000000,68299.30000000,67582.48000000,67987.00000000,2026.15669000
2026-02-07T11:00:00+00:00,BTC/USDT,1h,67986.99000000,68157.21000000,67700.00000000,67972.65000000,1172.58170000
2026-02-07T12:00:00+00:00,BTC/USDT,1h,67972.65000000,69999.99000000,67901.89000000,69024.98000000,3372.78032000
2026-02-07T13:00:00+00:00,BTC/USDT,1h,69024.98000000,69364.50000000,68821.64000000,69093.98000000,1462.50623000
2026-02-07T14:00:00+00:00,BTC/USDT,1h,69093.98000000,69187.27000000,68358.75000000,68645.99000000,1780.47515000
2026-02-07T15:00:00+00:00,BTC/USDT,1h,68646.00000000,69762.46000000,68556.00000000,69151.50000000,2675.07885000
2026-02-07T16:00:00+00:00,BTC/USDT,1h,69151.50000000,69898.00000000,68822.51000000,68957.16000000,3767.46183000
2026-02-07T17:00:00+00:00,BTC/USDT,1h,68957.16000000,69408.00000000,68531.50000000,69188.81000000,1260.95907000
2026-02-07T18:00:00+00:00,BTC/USDT,1h,69188.81000000,69690.89000000,69009.09000000,69514.11000000,815.22684000
2026-02-07T19:00:00+00:00,BTC/USDT,1h,69514.11000000,69577.43000000,69266.66000000,69373.61000000,549.67003000
2026-02-07T20:00:00+00:00,BTC/USDT,1h,69373.61000000,69728.83000000,69252.72000000,69631.18000000,431.20720000
2026-02-07T21:00:00+00:00,BTC/USDT,1h,69631.18000000,69699.16000000,69356.16000000,69497.99000000,322.93251000
2026-02-07T22:00:00+00:00,BTC/USDT,1h,69497.99000000,69727.86000000,69325.67000000,69399.34000000,469.65551000
2026-02-07T23:00:00+00:00,BTC/USDT,1h,69399.34000000,69462.42000000,68787.34000000,69289.38000000,699.41594000
2026-02-08T00:00:00+00:00,BTC/USDT,1h,69289.37000000,69432.00000000,68888.00000000,69133.79000000,682.62238000
2026-02-08T01:00:00+00:00,BTC/USDT,1h,69133.80000000,69500.00000000,69095.17000000,69379.57000000,433.38727000
2026-02-08T02:00:00+00:00,BTC/USDT,1h,69379.57000000,69696.57000000,69167.42000000,69370.70000000,452.71707000
2026-02-08T03:00:00+00:00,BTC/USDT,1h,69370.69000000,69443.90000000,69069.65000000,69099.99000000,457.68257000
2026-02-08T04:00:00+00:00,BTC/USDT,1h,69100.00000000,69372.06000000,68952.01000000,69340.16000000,390.41434000
2026-02-08T05:00:00+00:00,BTC/USDT,1h,69340.15000000,69422.43000000,69146.47000000,69220.52000000,386.01063000
2026-02-08T06:00:00+00:00,BTC/USDT,1h,69220.53000000,69518.56000000,69090.00000000,69361.18000000,1121.01748000
2026-02-08T07:00:00+00:00,BTC/USDT,1h,69361.18000000,69719.07000000,69215.69000000,69710.69000000,980.72904000
2026-02-08T08:00:00+00:00,BTC/USDT,1h,69710.69000000,70796.99000000,69514.15000000,70665.59000000,1875.57890000
2026-02-08T09:00:00+00:00,BTC/USDT,1h,70665.59000000,70712.71000000,70094.71000000,70107.19000000,1028.89501000
2026-02-08T10:00:00+00:00,BTC/USDT,1h,70107.20000000,70449.99000000,69890.52000000,70266.41000000,1062.51700000
2026-02-08T11:00:00+00:00,BTC/USDT,1h,70266.41000000,71220.00000000,70210.26000000,70999.98000000,1342.32428000
2026-02-08T12:00:00+00:00,BTC/USDT,1h,70999.99000000,71281.74000000,70707.39000000,71249.95000000,791.13826000
2026-02-08T13:00:00+00:00,BTC/USDT,1h,71249.65000000,71517.27000000,70956.00000000,71514.77000000,1080.90623000
2026-02-08T14:00:00+00:00,BTC/USDT,1h,71514.77000000,71554.95000000,71105.00000000,71262.19000000,872.42876000
2026-02-08T15:00:00+00:00,BTC/USDT,1h,71262.18000000,71465.93000000,70786.18000000,71188.99000000,914.74435000
2026-02-08T16:00:00+00:00,BTC/USDT,1h,71188.99000000,71256.97000000,70251.33000000,70416.00000000,1094.49116000
2026-02-08T17:00:00+00:00,BTC/USDT,1h,70415.99000000,70871.66000000,70407.42000000,70785.99000000,515.39696000
2026-02-08T18:00:00+00:00,BTC/USDT,1h,70786.00000000,71418.00000000,70750.00000000,71147.25000000,643.64182000
2026-02-08T19:00:00+00:00,BTC/USDT,1h,71147.24000000,71538.05000000,71142.77000000,71422.97000000,466.64362000
2026-02-08T20:00:00+00:00,BTC/USDT,1h,71422.96000000,71427.73000000,70700.03000000,70835.17000000,803.14197000
2026-02-08T21:00:00+00:00,BTC/USDT,1h,70835.17000000,71136.03000000,70524.14000000,70700.00000000,621.70092000
2026-02-08T22:00:00+00:00,BTC/USDT,1h,70700.01000000,71100.04000000,70652.11000000,71066.09000000,568.07657000
2026-02-08T23:00:00+00:00,BTC/USDT,1h,71066.09000000,72271.41000000,70000.00000000,70330.38000000,2834.32509000
2026-02-09T00:00:00+00:00,BTC/USDT,1h,70330.38000000,70774.40000000,70123.02000000,70502.38000000,961.77536000
2026-02-09T01:00:00+00:00,BTC/USDT,1h,70502.37000000,70926.40000000,70068.18000000,70369.53000000,1060.82602000
2026-02-09T02:00:00+00:00,BTC/USDT,1h,70369.53000000,71000.00000000,70220.12000000,70629.99000000,832.82995000
2026-02-09T03:00:00+00:00,BTC/USDT,1h,70629.99000000,71453.53000000,70614.07000000,71307.56000000,1165.88308000
2026-02-09T04:00:00+00:00,BTC/USDT,1h,71307.56000000,71359.37000000,70924.13000000,71005.01000000,663.12266000
2026-02-09T05:00:00+00:00,BTC/USDT,1h,71005.01000000,71112.00000000,70805.00000000,71044.51000000,554.37782000
2026-02-09T06:00:00+00:00,BTC/USDT,1h,71044.51000000,71044.52000000,70311.70000000,70667.95000000,697.30320000
2026-02-09T07:00:00+00:00,BTC/USDT,1h,70667.96000000,70902.51000000,70331.57000000,70422.59000000,1015.80172000
2026-02-09T08:00:00+00:00,BTC/USDT,1h,70422.59000000,70608.83000000,69393.97000000,69873.99000000,1595.15551000
2026-02-09T09:00:00+00:00,BTC/USDT,1h,69873.45000000,70116.00000000,69478.63000000,69630.35000000,1112.26419000
2026-02-09T10:00:00+00:00,BTC/USDT,1h,69630.35000000,69730.38000000,68420.58000000,68727.88000000,2052.69575000
2026-02-09T11:00:00+00:00,BTC/USDT,1h,68727.88000000,69022.89000000,68573.31000000,68928.72000000,1348.78221000
2026-02-09T12:00:00+00:00,BTC/USDT,1h,68928.71000000,69262.91000000,68857.97000000,69147.01000000,1009.44887000
2026-02-09T13:00:00+00:00,BTC/USDT,1h,69147.02000000,69299.99000000,68586.48000000,68594.57000000,1029.85836000
2026-02-09T14:00:00+00:00,BTC/USDT,1h,68594.56000000,69755.59000000,68308.00000000,69272.00000000,2516.24849000
2026-02-09T15:00:00+00:00,BTC/USDT,1h,69271.99000000,69884.82000000,68780.00000000,69563.37000000,2308.23216000
2026-02-09T16:00:00+00:00,BTC/USDT,1h,69563.37000000,70428.48000000,69100.00000000,70093.01000000,1734.77412000
2026-02-09T17:00:00+00:00,BTC/USDT,1h,70093.00000000,71000.00000000,69870.65000000,70612.29000000,2206.43168000
2026-02-09T18:00:00+00:00,BTC/USDT,1h,70612.29000000,71012.00000000,70088.88000000,70418.68000000,1419.63320000
2026-02-09T19:00:00+00:00,BTC/USDT,1h,70418.67000000,71075.31000000,70260.00000000,70957.01000000,878.36448000
2026-02-09T20:00:00+00:00,BTC/USDT,1h,70957.01000000,71126.00000000,70500.00000000,70738.71000000,948.93614000
2026-02-09T21:00:00+00:00,BTC/USDT,1h,70738.71000000,70807.75000000,69823.52000000,70400.00000000,1102.83201000
2026-02-09T22:00:00+00:00,BTC/USDT,1h,70400.01000000,70719.70000000,70271.13000000,70372.96000000,530.94981000
2026-02-09T23:00:00+00:00,BTC/USDT,1h,70372.96000000,70572.84000000,70083.45000000,70138.00000000,406.20163000
2026-02-10T00:00:00+00:00,BTC/USDT,1h,70138.00000000,70255.36000000,69743.80000000,69827.33000000,569.13678000
2026-02-10T01:00:00+00:00,BTC/USDT,1h,69827.34000000,70527.59000000,69827.34000000,70486.82000000,544.68673000
2026-02-10T02:00:00+00:00,BTC/USDT,1h,70486.82000000,70486.82000000,69982.27000000,70102.89000000,444.00707000
2026-02-10T03:00:00+00:00,BTC/USDT,1h,70102.90000000,70166.22000000,69208.61000000,69511.83000000,911.79715000
2026-02-10T04:00:00+00:00,BTC/USDT,1h,69511.83000000,69906.50000000,69469.58000000,69831.62000000,489.42781000
2026-02-10T05:00:00+00:00,BTC/USDT,1h,69831.62000000,69864.00000000,69210.76000000,69447.64000000,565.92441000
2026-02-10T06:00:00+00:00,BTC/USDT,1h,69447.63000000,69499.90000000,68682.00000000,68921.35000000,1241.02042000
2026-02-10T07:00:00+00:00,BTC/USDT,1h,68921.36000000,69218.64000000,68852.43000000,68919.66000000,837.11514000
2026-02-10T08:00:00+00:00,BTC/USDT,1h,68919.66000000,69226.16000000,68725.81000000,69142.00000000,730.03493000
2026-02-10T09:00:00+00:00,BTC/USDT,1h,69141.99000000,69417.70000000,68950.00000000,69151.50000000,1044.98180000
2026-02-10T10:00:00+00:00,BTC/USDT,1h,69151.50000000,69258.52000000,68921.64000000,68921.68000000,686.30742000
2026-02-10T11:00:00+00:00,BTC/USDT,1h,68921.68000000,69085.79000000,68459.89000000,68535.01000000,1128.13956000
2026-02-10T12:00:00+00:00,BTC/USDT,1h,68535.02000000,68855.35000000,68434.00000000,68610.12000000,821.53118000
2026-02-10T13:00:00+00:00,BTC/USDT,1h,68610.11000000,69143.60000000,68370.23000000,69027.95000000,992.44284000
2026-02-10T14:00:00+00:00,BTC/USDT,1h,69027.94000000,69591.20000000,67800.00000000,68460.40000000,2352.75100000
2026-02-10T15:00:00+00:00,BTC/USDT,1h,68460.40000000,69519.72000000,68300.90000000,69293.37000000,1676.38862000
2026-02-10T16:00:00+00:00,BTC/USDT,1h,69293.37000000,69810.35000000,68945.23000000,69517.71000000,1394.08093000
2026-02-10T17:00:00+00:00,BTC/USDT,1h,69517.71000000,69993.65000000,69309.35000000,69925.31000000,899.78430000
2026-02-10T18:00:00+00:00,BTC/USDT,1h,69925.31000000,69943.44000000,68604.63000000,68894.36000000,897.73226000
2026-02-10T19:00:00+00:00,BTC/USDT,1h,68894.36000000,69303.99000000,68690.32000000,69062.01000000,805.90106000
2026-02-10T20:00:00+00:00,BTC/USDT,1h,69062.00000000,69136.91000000,68629.47000000,68753.70000000,425.90627000
2026-02-10T21:00:00+00:00,BTC/USDT,1h,68753.69000000,69005.45000000,68362.00000000,68656.21000000,402.88764000
2026-02-10T22:00:00+00:00,BTC/USDT,1h,68656.22000000,68860.40000000,68566.80000000,68707.18000000,289.48213000
2026-02-10T23:00:00+00:00,BTC/USDT,1h,68707.18000000,68860.09000000,68506.20000000,68841.29000000,222.30327000
2026-02-11T00:00:00+00:00,BTC/USDT,1h,68841.28000000,69244.45000000,68784.47000000,69201.14000000,437.64105000
2026-02-11T01:00:00+00:00,BTC/USDT,1h,69201.14000000,69292.88000000,68914.73000000,68982.00000000,303.52695000
2026-02-11T02:00:00+00:00,BTC/USDT,1h,68982.00000000,69168.52000000,68603.40000000,68677.33000000,398.35346000
2026-02-11T03:00:00+00:00,BTC/USDT,1h,68677.34000000,68751.91000000,68011.11000000,68187.99000000,778.71298000
2026-02-11T04:00:00+00:00,BTC/USDT,1h,68188.00000000,68325.00000000,67368.00000000,67584.46000000,1295.18481000
2026-02-11T05:00:00+00:00,BTC/USDT,1h,67584.47000000,67810.00000000,67397.86000000,67404.28000000,744.08532000
2026-02-11T06:00:00+00:00,BTC/USDT,1h,67404.28000000,67491.84000000,66557.99000000,66820.32000000,1841.79675000
2026-02-11T07:00:00+00:00,BTC/USDT,1h,66819.84000000,67254.60000000,66652.27000000,67032.72000000,1293.95919000
2026-02-11T08:00:00+00:00,BTC/USDT,1h,67032.71000000,67134.42000000,66793.93000000,66981.07000000,871.78483000
2026-02-11T09:00:00+00:00,BTC/USDT,1h,66981.08000000,67110.04000000,66716.02000000,66872.03000000,712.97040000
2026-02-11T10:00:00+00:00,BTC/USDT,1h,66872.03000000,66891.64000000,66369.49000000,66531.99000000,1318.02907000
2026-02-11T11:00:00+00:00,BTC/USDT,1h,66531.99000000,67110.77000000,66500.84000000,67053.03000000,1011.30301000
2026-02-11T12:00:00+00:00,BTC/USDT,1h,67053.03000000,67424.24000000,66959.67000000,67133.50000000,1251.20611000
2026-02-11T13:00:00+00:00,BTC/USDT,1h,67133.51000000,67674.30000000,66799.58000000,67454.49000000,1973.91228000
2026-02-11T14:00:00+00:00,BTC/USDT,1h,67454.49000000,68834.34000000,66435.62000000,66584.60000000,3127.14059000
2026-02-11T15:00:00+00:00,BTC/USDT,1h,66584.61000000,66818.18000000,65756.00000000,66519.73000000,2796.32516000
2026-02-11T16:00:00+00:00,BTC/USDT,1h,66519.72000000,67250.00000000,65952.00000000,66039.09000000,1746.45856000
2026-02-11T17:00:00+00:00,BTC/USDT,1h,66039.08000000,66921.12000000,65876.00000000,66518.26000000,1110.21085000
2026-02-11T18:00:00+00:00,BTC/USDT,1h,66518.26000000,67305.28000000,66150.66000000,67275.34000000,935.25515000
2026-02-11T19:00:00+00:00,BTC/USDT,1h,67275.34000000,67860.44000000,67105.79000000,67586.67000000,1212.94694000
2026-02-11T20:00:00+00:00,BTC/USDT,1h,67586.66000000,67757.70000000,67190.00000000,67555.98000000,514.27060000
2026-02-11T21:00:00+00:00,BTC/USDT,1h,67555.98000000,68369.77000000,67417.04000000,67811.17000000,1823.53852000
2026-02-11T22:00:00+00:00,BTC/USDT,1h,67810.20000000,67872.68000000,67387.24000000,67433.14000000,541.63723000
2026-02-11T23:00:00+00:00,BTC/USDT,1h,67433.54000000,67563.77000000,66787.70000000,67082.52000000,677.99621000
2026-02-12T00:00:00+00:00,BTC/USDT,1h,67082.52000000,67700.00000000,67055.53000000,67460.75000000,581.76040000
2026-02-12T01:00:00+00:00,BTC/USDT,1h,67460.75000000,68047.48000000,67460.75000000,67699.01000000,549.26066000
2026-02-12T02:00:00+00:00,BTC/USDT,1h,67699.01000000,67800.00000000,67418.00000000,67439.14000000,554.16819000
2026-02-12T03:00:00+00:00,BTC/USDT,1h,67439.14000000,67596.00000000,67306.61000000,67580.99000000,415.78114000
2026-02-12T04:00:00+00:00,BTC/USDT,1h,67581.00000000,67682.69000000,67000.00000000,67018.40000000,588.37890000
2026-02-12T05:00:00+00:00,BTC/USDT,1h,67018.40000000,67209.99000000,66670.45000000,67141.93000000,683.92376000
2026-02-12T06:00:00+00:00,BTC/USDT,1h,67141.92000000,67355.93000000,67014.00000000,67125.57000000,830.74950000
2026-02-12T07:00:00+00:00,BTC/USDT,1h,67125.57000000,67330.00000000,66935.64000000,67217.72000000,607.54971000
2026-02-12T08:00:00+00:00,BTC/USDT,1h,67217.71000000,67344.00000000,66891.60000000,67141.15000000,783.02638000
2026-02-12T09:00:00+00:00,BTC/USDT,1h,67141.15000000,67699.10000000,67050.00000000,67550.47000000,644.02356000
2026-02-12T10:00:00+00:00,BTC/USDT,1h,67550.46000000,68026.60000000,67404.02000000,68014.01000000,843.40689000
2026-02-12T11:00:00+00:00,BTC/USDT,1h,68014.00000000,68299.00000000,67740.00000000,68076.01000000,1397.59947000
2026-02-12T12:00:00+00:00,BTC/USDT,1h,68076.01000000,68162.02000000,67720.00000000,67865.31000000,829.25823000
2026-02-12T13:00:00+00:00,BTC/USDT,1h,67865.32000000,68397.50000000,67680.82000000,68376.58000000,960.32991000
2026-02-12T14:00:00+00:00,BTC/USDT,1h,68376.58000000,68410.52000000,67493.78000000,67577.02000000,1431.75163000
2026-02-12T15:00:00+00:00,BTC/USDT,1h,67577.02000000,68000.00000000,67014.98000000,67134.74000000,1602.90239000
2026-02-12T16:00:00+00:00,BTC/USDT,1h,67134.74000000,67232.04000000,65556.00000000,65863.37000000,3193.11571000
2026-02-12T17:00:00+00:00,BTC/USDT,1h,65863.38000000,66265.06000000,65374.56000000,65413.99000000,2100.56023000
2026-02-12T18:00:00+00:00,BTC/USDT,1h,65414.00000000,65800.00000000,65118.00000000,65590.95000000,1612.17039000
2026-02-12T19:00:00+00:00,BTC/USDT,1h,65590.95000000,66117.51000000,65274.40000000,65788.36000000,1027.63649000
2026-02-12T20:00:00+00:00,BTC/USDT,1h,65788.36000000,66042.24000000,65215.06000000,65428.56000000,894.16583000
2026-02-12T21:00:00+00:00,BTC/USDT,1h,65428.24000000,65900.00000000,65428.24000000,65849.87000000,590.26423000
2026-02-12T22:00:00+00:00,BTC/USDT,1h,65849.86000000,66399.94000000,65643.34000000,66288.00000000,642.82133000
2026-02-12T23:00:00+00:00,BTC/USDT,1h,66288.01000000,66488.90000000,66156.47000000,66272.17000000,907.13790000
2026-02-13T00:00:00+00:00,BTC/USDT,1h,66272.17000000,66527.09000000,65872.46000000,65918.60000000,765.38996000
2026-02-13T01:00:00+00:00,BTC/USDT,1h,65918.61000000,66619.90000000,65918.61000000,66454.95000000,771.58544000
2026-02-13T02:00:00+00:00,BTC/USDT,1h,66454.95000000,66759.61000000,66384.00000000,66663.08000000,476.45341000
2026-02-13T03:00:00+00:00,BTC/USDT,1h,66663.08000000,66814.00000000,66462.40000000,66553.08000000,569.96335000
2026-02-13T04:00:00+00:00,BTC/USDT,1h,66553.09000000,66671.62000000,66308.48000000,66329.22000000,462.15015000
2026-02-13T05:00:00+00:00,BTC/USDT,1h,66329.22000000,66502.27000000,66175.79000000,66175.79000000,484.25050000
2026-02-13T06:00:00+00:00,BTC/USDT,1h,66175.79000000,66397.86000000,66002.98000000,66359.28000000,613.96613000
2026-02-13T07:00:00+00:00,BTC/USDT,1h,66359.28000000,66568.47000000,66050.21000000,66208.96000000,868.05316000
2026-02-13T08:00:00+00:00,BTC/USDT,1h,66208.96000000,66747.38000000,66191.52000000,66699.96000000,603.02656000
2026-02-13T09:00:00+00:00,BTC/USDT,1h,66699.96000000,67062.93000000,66612.86000000,66959.71000000,592.93469000
2026-02-13T10:00:00+00:00,BTC/USDT,1h,66959.72000000,67116.00000000,66800.00000000,66977.66000000,516.91289000
2026-02-13T11:00:00+00:00,BTC/USDT,1h,66977.66000000,67226.66000000,66783.38000000,67171.42000000,488.71065000
2026-02-13T12:00:00+00:00,BTC/USDT,1h,67171.41000000,67212.28000000,66918.38000000,67084.00000000,405.35988000
2026-02-13T13:00:00+00:00,BTC/USDT,1h,67084.01000000,67615.34000000,66938.00000000,67274.15000000,1624.06539000
2026-02-13T14:00:00+00:00,BTC/USDT,1h,67274.14000000,68028.45000000,66867.47000000,67733.51000000,1724.03844000
2026-02-13T15:00:00+00:00,BTC/USDT,1h,67733.51000000,69309.80000000,67692.00000000,68692.12000000,3133.08720000
2026-02-13T16:00:00+00:00,BTC/USDT,1h,68692.12000000,69482.97000000,68540.83000000,68954.69000000,1775.68698000
2026-02-13T17:00:00+00:00,BTC/USDT,1h,68954.69000000,69250.25000000,68636.36000000,69047.99000000,921.29676000
2026-02-13T18:00:00+00:00,BTC/USDT,1h,69048.00000000,69411.44000000,68903.27000000,69129.99000000,1063.59333000
2026-02-13T19:00:00+00:00,BTC/USDT,1h,69129.99000000,69236.33000000,68918.79000000,68938.91000000,560.04540000
2026-02-13T20:00:00+00:00,BTC/USDT,1h,68938.91000000,68973.35000000,68683.32000000,68777.12000000,555.32850000
2026-02-13T21:00:00+00:00,BTC/USDT,1h,68777.13000000,69079.40000000,68731.75000000,68902.48000000,463.41950000
2026-02-13T22:00:00+00:00,BTC/USDT,1h,68902.48000000,69000.00000000,68726.40000000,68995.28000000,544.04056000
2026-02-13T23:00:00+00:00,BTC/USDT,1h,68995.29000000,69000.00000000,68829.20000000,68853.96000000,261.19072000
2026-02-14T00:00:00+00:00,BTC/USDT,1h,68853.97000000,69137.50000000,68768.56000000,69090.24000000,447.10398000
2026-02-14T01:00:00+00:00,BTC/USDT,1h,69090.25000000,69108.80000000,68921.54000000,68964.51000000,344.69001000
2026-02-14T02:00:00+00:00,BTC/USDT,1h,68964.51000000,69006.34000000,68845.60000000,68884.21000000,261.74234000
2026-02-14T03:00:00+00:00,BTC/USDT,1h,68884.21000000,69027.14000000,68852.00000000,68981.99000000,238.39370000
2026-02-14T04:00:00+00:00,BTC/USDT,1h,68982.00000000,68995.11000000,68789.59000000,68790.00000000,489.78591000
2026-02-14T05:00:00+00:00,BTC/USDT,1h,68790.01000000,68910.00000000,68760.00000000,68773.42000000,308.26030000
2026-02-14T06:00:00+00:00,BTC/USDT,1h,68773.41000000,68936.98000000,68730.13000000,68936.98000000,470.43757000
2026-02-14T07:00:00+00:00,BTC/USDT,1h,68936.98000000,69343.00000000,68884.56000000,69219.26000000,919.89001000
2026-02-14T08:00:00+00:00,BTC/USDT,1h,69219.27000000,69870.99000000,69218.71000000,69746.20000000,1347.80343000
2026-02-14T09:00:00+00:00,BTC/USDT,1h,69746.20000000,69900.00000000,69566.78000000,69714.93000000,555.36385000
2026-02-14T10:00:00+00:00,BTC/USDT,1h,69714.94000000,69714.94000000,69585.15000000,69671.86000000,257.25533000
2026-02-14T11:00:00+00:00,BTC/USDT,1h,69671.86000000,70560.01000000,69671.86000000,70505.74000000,1370.55448000
2026-02-14T12:00:00+00:00,BTC/USDT,1h,70505.74000000,70533.67000000,69600.00000000,69640.20000000,1278.19574000
2026-02-14T13:00:00+00:00,BTC/USDT,1h,69640.20000000,69771.91000000,69064.60000000,69460.00000000,3393.75970000
2026-02-14T14:00:00+00:00,BTC/USDT,1h,69460.00000000,69856.70000000,69208.09000000,69701.66000000,1680.01260000
2026-02-14T15:00:00+00:00,BTC/USDT,1h,69701.66000000,70048.39000000,69560.00000000,69778.28000000,751.65320000
2026-02-14T16:00:00+00:00,BTC/USDT,1h,69778.28000000,69815.00000000,69283.02000000,69755.10000000,1006.67903000
2026-02-14T17:00:00+00:00,BTC/USDT,1h,69755.10000000,69930.90000000,69609.00000000,69739.38000000,685.87401000
2026-02-14T18:00:00+00:00,BTC/USDT,1h,69739.38000000,69856.70000000,69672.55000000,69772.31000000,270.42048000
2026-02-14T19:00:00+00:00,BTC/USDT,1h,69772.30000000,69920.60000000,69619.52000000,69873.99000000,332.30706000
2026-02-14T20:00:00+00:00,BTC/USDT,1h,69873.99000000,70028.59000000,69732.75000000,70023.09000000,434.13483000
2026-02-14T21:00:00+00:00,BTC/USDT,1h,70023.10000000,70250.46000000,69668.05000000,69935.86000000,640.89584000
2026-02-14T22:00:00+00:00,BTC/USDT,1h,69935.86000000,70100.00000000,69781.00000000,69959.75000000,292.90739000
2026-02-14T23:00:00+00:00,BTC/USDT,1h,69959.74000000,70020.00000000,69723.18000000,69822.95000000,336.66314000
2026-02-15T00:00:00+00:00,BTC/USDT,1h,69822.94000000,69864.74000000,69600.00000000,69777.07000000,292.27775000
2026-02-15T01:00:00+00:00,BTC/USDT,1h,69777.06000000,69902.70000000,69350.00000000,69717.65000000,400.20039000
2026-02-15T02:00:00+00:00,BTC/USDT,1h,69717.65000000,69753.90000000,69341.27000000,69480.01000000,375.21945000
2026-02-15T03:00:00+00:00,BTC/USDT,1h,69480.00000000,69990.02000000,69251.50000000,69954.50000000,697.24370000
2026-02-15T04:00:00+00:00,BTC/USDT,1h,69954.50000000,70518.57000000,69459.35000000,70183.99000000,2275.16813000
2026-02-15T05:00:00+00:00,BTC/USDT,1h,70184.00000000,70472.43000000,70132.54000000,70267.61000000,540.45783000
2026-02-15T06:00:00+00:00,BTC/USDT,1h,70267.60000000,70540.99000000,70184.09000000,70405.12000000,505.71551000
2026-02-15T07:00:00+00:00,BTC/USDT,1h,70405.12000000,70926.42000000,70307.11000000,70828.42000000,1425.80275000
2026-02-15T08:00:00+00:00,BTC/USDT,1h,70828.43000000,70983.00000000,70182.31000000,70446.52000000,898.37828000
2026-02-15T09:00:00+00:00,BTC/USDT,1h,70446.52000000,70668.00000000,70370.30000000,70419.11000000,334.99126000
2026-02-15T10:00:00+00:00,BTC/USDT,1h,70419.12000000,70523.94000000,70208.16000000,70427.02000000,382.24903000
2026-02-15T11:00:00+00:00,BTC/USDT,1h,70427.02000000,70543.14000000,70267.60000000,70295.22000000,457.63561000
2026-02-15T12:00:00+00:00,BTC/USDT,1h,70295.22000000,70418.48000000,69309.87000000,69314.21000000,1027.34588000
2026-02-15T13:00:00+00:00,BTC/USDT,1h,69314.22000000,69620.06000000,68772.20000000,68930.00000000,1749.29694000
2026-02-15T14:00:00+00:00,BTC/USDT,1h,68930.00000000,69219.71000000,68845.72000000,69170.51000000,629.32577000
2026-02-15T15:00:00+00:00,BTC/USDT,1h,69170.51000000,69255.60000000,68888.00000000,69099.99000000,446.59665000
2026-02-15T16:00:00+00:00,BTC/USDT,1h,69100.00000000,69100.00000000,68658.00000000,69017.75000000,1442.09011000
2026-02-15T17:00:00+00:00,BTC/USDT,1h,69017.76000000,69085.22000000,68203.60000000,68641.21000000,1194.71218000
2026-02-15T18:00:00+00:00,BTC/USDT,1h,68641.21000000,68800.00000000,68274.31000000,68451.44000000,2695.36643000
2026-02-15T19:00:00+00:00,BTC/USDT,1h,68451.45000000,68560.84000000,68000.00000000,68286.63000000,2807.35363000
2026-02-15T20:00:00+00:00,BTC/USDT,1h,68286.64000000,68560.22000000,68120.00000000,68450.00000000,399.94279000
2026-02-15T21:00:00+00:00,BTC/USDT,1h,68450.00000000,68950.16000000,68450.00000000,68852.01000000,407.55960000
2026-02-15T22:00:00+00:00,BTC/USDT,1h,68852.01000000,69078.49000000,68801.06000000,68999.96000000,384.07496000
2026-02-15T23:00:00+00:00,BTC/USDT,1h,68999.96000000,68999.96000000,68319.64000000,68832.58000000,521.04745000
2026-02-16T00:00:00+00:00,BTC/USDT,1h,68832.59000000,69065.50000000,68700.00000000,68845.81000000,349.86984000
2026-02-16T01:00:00+00:00,BTC/USDT,1h,68845.81000000,69041.97000000,68454.54000000,68630.81000000,270.08273000
2026-02-16T02:00:00+00:00,BTC/USDT,1h,68630.81000000,68734.00000000,68243.68000000,68320.48000000,683.73400000
2026-02-16T03:00:00+00:00,BTC/USDT,1h,68320.49000000,68463.96000000,68143.22000000,68424.82000000,453.41167000
2026-02-16T04:00:00+00:00,BTC/USDT,1h,68424.82000000,68894.52000000,68417.17000000,68870.07000000,465.20741000
2026-02-16T05:00:00+00:00,BTC/USDT,1h,68870.07000000,68900.00000000,68293.28000000,68385.29000000,353.88428000
2026-02-16T06:00:00+00:00,BTC/USDT,1h,68385.29000000,68527.80000000,68228.76000000,68450.80000000,240.56615000
2026-02-16T07:00:00+00:00,BTC/USDT,1h,68450.80000000,68672.59000000,68380.00000000,68587.90000000,362.20306000
2026-02-16T08:00:00+00:00,BTC/USDT,1h,68587.89000000,68798.70000000,68542.63000000,68762.85000000,301.81895000
2026-02-16T09:00:00+00:00,BTC/USDT,1h,68762.86000000,69060.77000000,68748.02000000,68992.71000000,453.08481000
2026-02-16T10:00:00+00:00,BTC/USDT,1h,68992.70000000,68992.71000000,68690.85000000,68798.22000000,358.68374000
2026-02-16T11:00:00+00:00,BTC/USDT,1h,68798.21000000,68918.22000000,68338.90000000,68812.83000000,495.50759000
2026-02-16T12:00:00+00:00,BTC/USDT,1h,68812.84000000,69848.48000000,68807.54000000,69763.24000000,1602.28029000
2026-02-16T13:00:00+00:00,BTC/USDT,1h,69763.24000000,70126.67000000,68225.00000000,68395.10000000,1720.62066000
2026-02-16T14:00:00+00:00,BTC/USDT,1h,68395.11000000,68718.30000000,68260.39000000,68427.64000000,1092.60040000
2026-02-16T15:00:00+00:00,BTC/USDT,1h,68427.64000000,68607.22000000,67294.11000000,67539.52000000,2148.07022000
2026-02-16T16:00:00+00:00,BTC/USDT,1h,67539.53000000,67974.86000000,67513.94000000,67888.70000000,895.58119000
2026-02-16T17:00:00+00:00,BTC/USDT,1h,67888.70000000,68074.12000000,67600.93000000,67951.86000000,501.76328000
2026-02-16T18:00:00+00:00,BTC/USDT,1h,67951.85000000,68245.34000000,67830.82000000,67860.13000000,606.24788000
2026-02-16T19:00:00+00:00,BTC/USDT,1h,67860.13000000,68130.00000000,67824.91000000,67913.43000000,262.97624000
2026-02-16T20:00:00+00:00,BTC/USDT,1h,67913.44000000,68549.14000000,67827.11000000,68530.00000000,457.58536000
2026-02-16T21:00:00+00:00,BTC/USDT,1h,68530.00000000,68933.85000000,68427.18000000,68862.88000000,534.27425000
2026-02-16T22:00:00+00:00,BTC/USDT,1h,68862.89000000,68890.00000000,68509.07000000,68591.02000000,556.75779000
2026-02-16T23:00:00+00:00,BTC/USDT,1h,68591.01000000,68978.88000000,68538.57000000,68892.43000000,348.95355000
2026-02-17T00:00:00+00:00,BTC/USDT,1h,68892.43000000,69042.74000000,68704.36000000,68878.27000000,476.69143000
2026-02-17T01:00:00+00:00,BTC/USDT,1h,68878.27000000,68996.67000000,68563.16000000,68618.11000000,499.89142000
2026-02-17T02:00:00+00:00,BTC/USDT,1h,68618.12000000,69241.50000000,68387.20000000,68838.48000000,625.65656000
2026-02-17T03:00:00+00:00,BTC/USDT,1h,68838.48000000,68860.68000000,68470.00000000,68474.90000000,367.85689000
2026-02-17T04:00:00+00:00,BTC/USDT,1h,68474.90000000,68707.49000000,68288.00000000,68481.67000000,329.69022000
2026-02-17T05:00:00+00:00,BTC/USDT,1h,68481.68000000,68510.76000000,67892.00000000,68245.71000000,633.07748000
2026-02-17T06:00:00+00:00,BTC/USDT,1h,68245.71000000,68519.99000000,68242.49000000,68400.00000000,230.38739000
2026-02-17T07:00:00+00:00,BTC/USDT,1h,68400.01000000,68480.00000000,68165.02000000,68388.12000000,314.74756000
2026-02-17T08:00:00+00:00,BTC/USDT,1h,68388.12000000,68479.17000000,68130.78000000,68177.53000000,285.96667000
2026-02-17T09:00:00+00:00,BTC/USDT,1h,68177.53000000,68308.37000000,67992.03000000,68126.28000000,404.18575000
2026-02-17T10:00:00+00:00,BTC/USDT,1h,68126.29000000,68194.46000000,67704.96000000,67845.30000000,504.39951000
2026-02-17T11:00:00+00:00,BTC/USDT,1h,67845.30000000,67935.73000000,67690.00000000,67854.60000000,507.67784000
2026-02-17T12:00:00+00:00,BTC/USDT,1h,67854.60000000,68299.40000000,67827.52000000,67919.49000000,607.94036000
2026-02-17T13:00:00+00:00,BTC/USDT,1h,67919.49000000,68360.50000000,67734.36000000,68136.34000000,716.87733000
2026-02-17T14:00:00+00:00,BTC/USDT,1h,68136.35000000,68337.60000000,66734.30000000,66875.06000000,2328.63639000
2026-02-17T15:00:00+00:00,BTC/USDT,1h,66875.06000000,67409.99000000,66621.06000000,67392.05000000,2309.04130000
2026-02-17T16:00:00+00:00,BTC/USDT,1h,67392.06000000,68158.10000000,67317.60000000,67517.36000000,1448.76651000
2026-02-17T17:00:00+00:00,BTC/USDT,1h,67517.36000000,67714.28000000,66881.08000000,67244.22000000,1144.38591000
2026-02-17T18:00:00+00:00,BTC/USDT,1h,67244.22000000,68227.41000000,67127.86000000,68098.62000000,824.93415000
2026-02-17T19:00:00+00:00,BTC/USDT,1h,68098.63000000,68235.39000000,67695.45000000,67793.32000000,785.88027000
2026-02-17T20:00:00+00:00,BTC/USDT,1h,67793.32000000,67928.08000000,67484.16000000,67753.30000000,471.88623000
2026-02-17T21:00:00+00:00,BTC/USDT,1h,67753.30000000,67926.29000000,67538.00000000,67680.54000000,253.25027000
2026-02-17T22:00:00+00:00,BTC/USDT,1h,67680.55000000,67788.42000000,67513.42000000,67527.72000000,176.97341000
2026-02-17T23:00:00+00:00,BTC/USDT,1h,67527.72000000,67617.46000000,67394.00000000,67503.52000000,240.26836000
2026-02-18T00:00:00+00:00,BTC/USDT,1h,67503.52000000,67627.97000000,67290.30000000,67302.65000000,186.99827000
2026-02-18T01:00:00+00:00,BTC/USDT,1h,67302.65000000,67378.26000000,66892.03000000,67165.20000000,545.68830000
2026-02-18T02:00:00+00:00,BTC/USDT,1h,67165.21000000,67421.99000000,67153.36000000,67335.04000000,250.64041000
2026-02-18T03:00:00+00:00,BTC/USDT,1h,67335.04000000,67705.65000000,67326.98000000,67629.11000000,243.56061000
2026-02-18T04:00:00+00:00,BTC/USDT,1h,67629.10000000,67900.00000000,67500.10000000,67823.54000000,328.68469000
2026-02-18T05:00:00+00:00,BTC/USDT,1h,67823.55000000,67938.00000000,67606.45000000,67654.80000000,311.88419000
2026-02-18T06:00:00+00:00,BTC/USDT,1h,67654.81000000,67976.51000000,67614.91000000,67850.52000000,264.75627000
2026-02-18T07:00:00+00:00,BTC/USDT,1h,67850.53000000,68219.81000000,67702.70000000,68106.44000000,528.49446000
2026-02-18T08:00:00+00:00,BTC/USDT,1h,68106.44000000,68476.22000000,68071.58000000,68132.82000000,532.69792000
2026-02-18T09:00:00+00:00,BTC/USDT,1h,68132.83000000,68276.00000000,68010.11000000,68157.79000000,339.37122000
2026-02-18T10:00:00+00:00,BTC/USDT,1h,68157.80000000,68184.41000000,67731.95000000,67801.26000000,395.11187000
2026-02-18T11:00:00+00:00,BTC/USDT,1h,67801.26000000,67805.08000000,67076.90000000,67369.75000000,654.97357000
2026-02-18T12:00:00+00:00,BTC/USDT,1h,67369.75000000,67689.76000000,67345.00000000,67458.06000000,459.50762000
2026-02-18T13:00:00+00:00,BTC/USDT,1h,67458.06000000,67599.70000000,67051.81000000,67236.88000000,549.44565000
2026-02-18T14:00:00+00:00,BTC/USDT,1h,67236.89000000,67362.26000000,66717.30000000,67223.76000000,1553.71672000
2026-02-18T15:00:00+00:00,BTC/USDT,1h,67223.77000000,68347.72000000,67192.25000000,67694.01000000,1767.46696000
2026-02-18T16:00:00+00:00,BTC/USDT,1h,67694.01000000,67706.94000000,66994.23000000,67145.34000000,1029.31402000
2026-02-18T17:00:00+00:00,BTC/USDT,1h,67145.35000000,67486.97000000,67057.13000000,67187.39000000,676.97648000
2026-02-18T18:00:00+00:00,BTC/USDT,1h,67187.40000000,67229.76000000,66200.00000000,66359.99000000,1304.49131000
2026-02-18T19:00:00+00:00,BTC/USDT,1h,66360.00000000,66619.00000000,65870.00000000,66177.14000000,1301.14212000
2026-02-18T20:00:00+00:00,BTC/USDT,1h,66177.15000000,66550.00000000,66141.90000000,66268.39000000,682.91387000
2026-02-18T21:00:00+00:00,BTC/USDT,1h,66268.40000000,66504.20000000,66053.60000000,66342.76000000,909.37392000
2026-02-18T22:00:00+00:00,BTC/USDT,1h,66342.76000000,66477.70000000,66232.02000000,66408.82000000,352.09134000
2026-02-18T23:00:00+00:00,BTC/USDT,1h,66408.83000000,66502.49000000,66275.71000000,66461.00000000,323.13660000
2026-02-19T00:00:00+00:00,BTC/USDT,1h,66461.00000000,66597.03000000,66345.00000000,66446.49000000,297.42224000
2026-02-19T01:00:00+00:00,BTC/USDT,1h,66446.49000000,66884.16000000,66446.48000000,66866.62000000,415.14671000
2026-02-19T02:00:00+00:00,BTC/USDT,1h,66866.63000000,66958.90000000,66639.99000000,66835.20000000,362.58869000
2026-02-19T03:00:00+00:00,BTC/USDT,1h,66835.20000000,66997.07000000,66727.27000000,66980.91000000,262.07528000
2026-02-19T04:00:00+00:00,BTC/USDT,1h,66980.91000000,67070.56000000,66759.00000000,66802.75000000,389.01702000
2026-02-19T05:00:00+00:00,BTC/USDT,1h,66802.74000000,66893.06000000,66679.76000000,66871.35000000,253.79395000
2026-02-19T06:00:00+00:00,BTC/USDT,1h,66871.34000000,67290.40000000,66865.43000000,67150.12000000,468.59633000
2026-02-19T07:00:00+00:00,BTC/USDT,1h,67150.12000000,67320.00000000,67028.70000000,67206.45000000,481.75258000
2026-02-19T08:00:00+00:00,BTC/USDT,1h,67206.45000000,67206.45000000,66785.56000000,66966.12000000,559.76369000
2026-02-19T09:00:00+00:00,BTC/USDT,1h,66966.12000000,67191.83000000,66754.23000000,66836.00000000,463.29328000
2026-02-19T10:00:00+00:00,BTC/USDT,1h,66836.01000000,66958.40000000,66741.77000000,66843.08000000,368.25421000
2026-02-19T11:00:00+00:00,BTC/USDT,1h,66843.08000000,66936.42000000,66478.02000000,66496.02000000,488.02461000
2026-02-19T12:00:00+00:00,BTC/USDT,1h,66496.03000000,66680.70000000,66325.34000000,66516.67000000,484.41025000
2026-02-19T13:00:00+00:00,BTC/USDT,1h,66516.67000000,66556.59000000,65763.00000000,65913.37000000,1377.50527000
2026-02-19T14:00:00+00:00,BTC/USDT,1h,65913.38000000,66662.30000000,65631.83000000,66421.20000000,1506.37269000
2026-02-19T15:00:00+00:00,BTC/USDT,1h,66421.20000000,66755.39000000,65966.00000000,66398.00000000,1083.30553000
2026-02-19T16:00:00+00:00,BTC/USDT,1h,66398.01000000,66514.95000000,65899.25000000,66293.53000000,940.96239000
2026-02-19T17:00:00+00:00,BTC/USDT,1h,66293.53000000,67049.99000000,66173.15000000,66369.42000000,899.04062000
2026-02-19T18:00:00+00:00,BTC/USDT,1h,66369.42000000,67073.13000000,66228.49000000,67030.49000000,865.51701000
2026-02-19T19:00:00+00:00,BTC/USDT,1h,67030.50000000,67198.10000000,66700.00000000,67050.00000000,706.47789000
2026-02-19T20:00:00+00:00,BTC/USDT,1h,67050.00000000,67166.98000000,66823.03000000,67149.11000000,444.88336000
2026-02-19T21:00:00+00:00,BTC/USDT,1h,67149.11000000,67168.86000000,66900.92000000,66916.51000000,265.40447000
2026-02-19T22:00:00+00:00,BTC/USDT,1h,66916.51000000,67000.00000000,66652.34000000,66915.14000000,854.02212000
2026-02-19T23:00:00+00:00,BTC/USDT,1h,66915.15000000,67023.61000000,66814.76000000,67003.73000000,304.63969000
2026-02-20T00:00:00+00:00,BTC/USDT,1h,67003.73000000,67486.62000000,66949.41000000,67228.91000000,595.00262000
2026-02-20T01:00:00+00:00,BTC/USDT,1h,67228.91000000,67355.79000000,67150.00000000,67279.90000000,313.31598000
2026-02-20T02:00:00+00:00,BTC/USDT,1h,67279.91000000,67347.76000000,67181.28000000,67242.03000000,232.09759000
2026-02-20T03:00:00+00:00,BTC/USDT,1h,67242.03000000,67488.67000000,67241.24000000,67366.25000000,332.50492000
2026-02-20T04:00:00+00:00,BTC/USDT,1h,67366.25000000,67402.23000000,67115.38000000,67264.83000000,362.39174000
2026-02-20T05:00:00+00:00,BTC/USDT,1h,67264.83000000,68006.00000000,67203.19000000,67790.10000000,1107.38598000
2026-02-20T06:00:00+00:00,BTC/USDT,1h,67790.11000000,67894.20000000,67660.12000000,67847.47000000,482.66553000
2026-02-20T07:00:00+00:00,BTC/USDT,1h,67847.47000000,67990.00000000,67767.40000000,67825.91000000,459.03505000
2026-02-20T08:00:00+00:00,BTC/USDT,1h,67825.91000000,67950.85000000,67747.33000000,67879.99000000,290.00035000
2026-02-20T09:00:00+00:00,BTC/USDT,1h,67879.99000000,68230.01000000,67879.99000000,68218.85000000,996.78790000
2026-02-20T10:00:00+00:00,BTC/USDT,1h,68218.85000000,68318.39000000,67843.42000000,67948.99000000,638.74258000
2026-02-20T11:00:00+00:00,BTC/USDT,1h,67948.99000000,67983.91000000,67280.60000000,67318.41000000,1489.10389000
2026-02-20T12:00:00+00:00,BTC/USDT,1h,67318.41000000,67594.00000000,67276.41000000,67541.77000000,603.15784000
2026-02-20T13:00:00+00:00,BTC/USDT,1h,67541.78000000,67541.78000000,66280.20000000,66801.62000000,7078.59491000
2026-02-20T14:00:00+00:00,BTC/USDT,1h,66801.62000000,67317.50000000,66532.87000000,67069.65000000,5263.48808000
2026-02-20T15:00:00+00:00,BTC/USDT,1h,67069.65000000,68083.98000000,66536.64000000,67582.95000000,3143.21056000
2026-02-20T16:00:00+00:00,BTC/USDT,1h,67582.95000000,67921.70000000,67283.24000000,67795.47000000,1312.90303000
2026-02-20T17:00:00+00:00,BTC/USDT,1h,67795.48000000,67795.48000000,66952.11000000,67613.37000000,6085.15550000
2026-02-20T18:00:00+00:00,BTC/USDT,1h,67613.38000000,68000.00000000,67466.11000000,67924.21000000,1321.63260000
2026-02-20T19:00:00+00:00,BTC/USDT,1h,67924.22000000,68000.00000000,67548.85000000,67646.03000000,854.45567000
2026-02-20T20:00:00+00:00,BTC/USDT,1h,67646.03000000,67885.55000000,67520.30000000,67750.40000000,685.93834000
2026-02-20T21:00:00+00:00,BTC/USDT,1h,67750.40000000,67840.00000000,67639.29000000,67825.87000000,451.92527000
2026-02-20T22:00:00+00:00,BTC/USDT,1h,67825.87000000,68116.60000000,67639.31000000,68078.13000000,669.63597000
2026-02-20T23:00:00+00:00,BTC/USDT,1h,68078.13000000,68233.99000000,67914.00000000,68020.01000000,582.73901000
2026-02-21T00:00:00+00:00,BTC/USDT,1h,68020.00000000,68051.16000000,67787.19000000,67841.00000000,537.54494000
2026-02-21T01:00:00+00:00,BTC/USDT,1h,67841.00000000,68005.99000000,67841.00000000,67951.24000000,250.62697000
2026-02-21T02:00:00+00:00,BTC/USDT,1h,67951.25000000,68099.54000000,67913.30000000,68001.05000000,224.56497000
2026-02-21T03:00:00+00:00,BTC/USDT,1h,68001.04000000,68001.04000000,67534.69000000,67667.77000000,569.35853000
2026-02-21T04:00:00+00:00,BTC/USDT,1h,67667.77000000,67846.88000000,67593.99000000,67816.97000000,228.62441000
2026-02-21T05:00:00+00:00,BTC/USDT,1h,67816.98000000,67888.40000000,67799.70000000,67851.93000000,141.24714000
2026-02-21T06:00:00+00:00,BTC/USDT,1h,67851.93000000,67924.39000000,67750.96000000,67793.38000000,228.15051000
2026-02-21T07:00:00+00:00,BTC/USDT,1h,67793.39000000,67884.74000000,67749.59000000,67856.01000000,118.21011000
2026-02-21T08:00:00+00:00,BTC/USDT,1h,67856.01000000,68079.41000000,67807.30000000,68055.03000000,293.16321000
2026-02-21T09:00:00+00:00,BTC/USDT,1h,68055.04000000,68314.54000000,67978.90000000,68147.53000000,599.79254000
2026-02-21T10:00:00+00:00,BTC/USDT,1h,68147.54000000,68250.00000000,68139.65000000,68215.54000000,212.21766000
2026-02-21T11:00:00+00:00,BTC/USDT,1h,68215.55000000,68283.34000000,68084.00000000,68092.45000000,279.32431000
2026-02-21T12:00:00+00:00,BTC/USDT,1h,68092.45000000,68218.20000000,67915.00000000,68203.42000000,307.88407000
2026-02-21T13:00:00+00:00,BTC/USDT,1h,68203.42000000,68260.00000000,68106.89000000,68259.99000000,202.25945000
2026-02-21T14:00:00+00:00,BTC/USDT,1h,68259.99000000,68644.00000000,68180.53000000,68450.01000000,880.51744000
2026-02-21T15:00:00+00:00,BTC/USDT,1h,68450.01000000,68698.70000000,68417.00000000,68615.00000000,427.64440000
2026-02-21T16:00:00+00:00,BTC/USDT,1h,68615.01000000,68630.76000000,68101.78000000,68322.60000000,658.49920000
2026-02-21T17:00:00+00:00,BTC/USDT,1h,68322.61000000,68474.01000000,68200.00000000,68437.45000000,212.23015000
2026-02-21T18:00:00+00:00,BTC/USDT,1h,68437.45000000,68644.00000000,68383.08000000,68574.00000000,320.28262000
2026-02-21T19:00:00+00:00,BTC/USDT,1h,68573.99000000,68658.50000000,68526.81000000,68543.51000000,219.15242000
2026-02-21T20:00:00+00:00,BTC/USDT,1h,68543.51000000,68605.63000000,68190.00000000,68211.19000000,369.37236000
2026-02-21T21:00:00+00:00,BTC/USDT,1h,68211.19000000,68390.93000000,68183.10000000,68379.95000000,170.62817000
2026-02-21T22:00:00+00:00,BTC/USDT,1h,68379.95000000,68437.56000000,67900.00000000,67972.00000000,378.72918000
2026-02-21T23:00:00+00:00,BTC/USDT,1h,67972.00000000,68124.54000000,67941.02000000,67975.93000000,202.81655000
2026-02-22T00:00:00+00:00,BTC/USDT,1h,67975.93000000,68060.40000000,67809.78000000,67946.00000000,294.60551000
2026-02-22T01:00:00+00:00,BTC/USDT,1h,67946.00000000,68171.46000000,67945.99000000,68159.31000000,265.09117000
2026-02-22T02:00:00+00:00,BTC/USDT,1h,68159.32000000,68222.16000000,67872.76000000,67909.68000000,289.41881000
2026-02-22T03:00:00+00:00,BTC/USDT,1h,67909.67000000,68062.03000000,67824.90000000,68041.43000000,265.36653000
2026-02-22T04:00:00+00:00,BTC/USDT,1h,68041.42000000,68086.00000000,67966.52000000,67983.50000000,199.56269000
2026-02-22T05:00:00+00:00,BTC/USDT,1h,67983.50000000,68011.75000000,67881.81000000,67977.52000000,154.76424000
2026-02-22T06:00:00+00:00,BTC/USDT,1h,67977.52000000,68178.79000000,67972.89000000,68038.13000000,303.09242000
2026-02-22T07:00:00+00:00,BTC/USDT,1h,68038.14000000,68095.57000000,67990.50000000,68005.30000000,266.37265000
2026-02-22T08:00:00+00:00,BTC/USDT,1h,68005.30000000,68019.46000000,67912.02000000,67950.10000000,183.66090000
2026-02-22T09:00:00+00:00,BTC/USDT,1h,67950.11000000,68101.46000000,67948.74000000,68053.32000000,173.06503000
2026-02-22T10:00:00+00:00,BTC/USDT,1h,68053.33000000,68153.20000000,68012.78000000,68129.56000000,204.92643000
2026-02-22T11:00:00+00:00,BTC/USDT,1h,68129.57000000,68245.00000000,68129.56000000,68219.97000000,171.48901000
2026-02-22T12:00:00+00:00,BTC/USDT,1h,68219.97000000,68232.40000000,67871.59000000,67928.22000000,372.42816000
2026-02-22T13:00:00+00:00,BTC/USDT,1h,67928.23000000,68040.80000000,67571.08000000,67652.38000000,679.59468000
2026-02-22T14:00:00+00:00,BTC/USDT,1h,67652.38000000,67682.47000000,67353.75000000,67443.89000000,825.57077000
2026-02-22T15:00:00+00:00,BTC/USDT,1h,67443.89000000,67813.20000000,67303.50000000,67684.14000000,653.63970000
2026-02-22T16:00:00+00:00,BTC/USDT,1h,67684.15000000,67718.13000000,67513.83000000,67632.76000000,299.27720000
2026-02-22T17:00:00+00:00,BTC/USDT,1h,67632.76000000,67635.22000000,67190.00000000,67384.49000000,691.10182000
2026-02-22T18:00:00+00:00,BTC/USDT,1h,67384.48000000,67461.41000000,67313.54000000,67422.62000000,362.52705000
2026-02-22T19:00:00+00:00,BTC/USDT,1h,67422.63000000,67488.70000000,67403.37000000,67428.32000000,222.75597000
2026-02-22T20:00:00+00:00,BTC/USDT,1h,67428.32000000,67491.96000000,67350.00000000,67401.74000000,272.50364000
2026-02-22T21:00:00+00:00,BTC/USDT,1h,67401.74000000,67643.94000000,67401.74000000,67612.66000000,235.86316000
2026-02-22T22:00:00+00:00,BTC/USDT,1h,67612.66000000,67751.44000000,67485.34000000,67666.16000000,369.66378000
2026-02-22T23:00:00+00:00,BTC/USDT,1h,67666.16000000,67730.98000000,67469.58000000,67643.40000000,418.79352000
2026-02-23T00:00:00+00:00,BTC/USDT,1h,67643.39000000,67684.86000000,66715.01000000,66740.47000000,765.22691000
2026-02-23T01:00:00+00:00,BTC/USDT,1h,66740.47000000,66740.47000000,64290.71000000,64427.65000000,7324.06208000
2026-02-23T02:00:00+00:00,BTC/USDT,1h,64427.64000000,64916.85000000,64325.98000000,64783.56000000,1843.25690000
2026-02-23T03:00:00+00:00,BTC/USDT,1h,64783.56000000,65079.79000000,64700.00000000,64934.17000000,1090.11911000
2026-02-23T04:00:00+00:00,BTC/USDT,1h,64934.18000000,65040.29000000,64685.64000000,64808.31000000,792.86138000
2026-02-23T05:00:00+00:00,BTC/USDT,1h,64808.31000000,65294.80000000,64796.85000000,65070.90000000,1215.18940000
2026-02-23T06:00:00+00:00,BTC/USDT,1h,65070.90000000,65802.09000000,65033.90000000,65757.32000000,1085.08146000
2026-02-23T07:00:00+00:00,BTC/USDT,1h,65757.33000000,66015.22000000,65641.55000000,65958.94000000,1026.69503000
2026-02-23T08:00:00+00:00,BTC/USDT,1h,65958.94000000,65958.94000000,65565.78000000,65676.44000000,895.54696000
2026-02-23T09:00:00+00:00,BTC/USDT,1h,65676.44000000,66456.50000000,65672.76000000,66404.91000000,974.96031000
2026-02-23T10:00:00+00:00,BTC/USDT,1h,66404.92000000,66600.00000000,66220.00000000,66319.69000000,789.04200000
2026-02-23T11:00:00+00:00,BTC/USDT,1h,66319.69000000,66487.37000000,66114.22000000,66207.23000000,534.45165000
2026-02-23T12:00:00+00:00,BTC/USDT,1h,66207.23000000,66511.51000000,65886.51000000,66280.40000000,754.07687000
2026-02-23T13:00:00+00:00,BTC/USDT,1h,66280.40000000,66430.52000000,66103.35000000,66132.66000000,807.41354000
2026-02-23T14:00:00+00:00,BTC/USDT,1h,66132.65000000,66264.95000000,65529.73000000,65923.53000000,971.74614000
2026-02-23T15:00:00+00:00,BTC/USDT,1h,65923.52000000,66250.00000000,65579.53000000,65660.10000000,1263.10354000
2026-02-23T16:00:00+00:00,BTC/USDT,1h,65660.10000000,65724.28000000,65178.83000000,65364.65000000,1502.46383000
2026-02-23T17:00:00+00:00,BTC/USDT,1h,65364.66000000,65451.01000000,64152.04000000,64813.26000000,2524.78940000
2026-02-23T18:00:00+00:00,BTC/USDT,1h,64813.27000000,65194.51000000,64586.00000000,64635.49000000,994.68933000
2026-02-23T19:00:00+00:00,BTC/USDT,1h,64635.49000000,64855.18000000,64048.71000000,64295.10000000,2158.00321000
2026-02-23T20:00:00+00:00,BTC/USDT,1h,64295.11000000,64487.94000000,63888.79000000,64473.14000000,1313.21455000
2026-02-23T21:00:00+00:00,BTC/USDT,1h,64473.14000000,64783.54000000,64459.44000000,64580.66000000,593.24685000
2026-02-23T22:00:00+00:00,BTC/USDT,1h,64580.66000000,65035.98000000,64555.59000000,64725.56000000,1451.85665000
2026-02-23T23:00:00+00:00,BTC/USDT,1h,64725.56000000,64900.63000000,64538.90000000,64656.02000000,404.81213000
2026-02-24T00:00:00+00:00,BTC/USDT,1h,64656.01000000,65026.75000000,64656.01000000,64941.43000000,437.59997000
2026-02-24T01:00:00+00:00,BTC/USDT,1h,64941.42000000,64941.42000000,63433.84000000,64160.27000000,2402.75927000
2026-02-24T02:00:00+00:00,BTC/USDT,1h,64160.26000000,64500.00000000,64000.00000000,64109.81000000,599.63527000
2026-02-24T03:00:00+00:00,BTC/USDT,1h,64109.80000000,64109.80000000,63342.90000000,63595.51000000,1312.76931000
2026-02-24T04:00:00+00:00,BTC/USDT,1h,63595.51000000,63628.52000000,62868.69000000,63378.84000000,2096.91050000
2026-02-24T05:00:00+00:00,BTC/USDT,1h,63378.84000000,63551.58000000,62700.80000000,63104.79000000,1274.07037000
2026-02-24T06:00:00+00:00,BTC/USDT,1h,63104.79000000,63322.28000000,62900.00000000,63082.79000000,677.94768000
2026-02-24T07:00:00+00:00,BTC/USDT,1h,63082.79000000,63367.20000000,62866.42000000,63192.96000000,890.96125000
2026-02-24T08:00:00+00:00,BTC/USDT,1h,63192.79000000,63444.66000000,63009.92000000,63392.15000000,669.14656000
2026-02-24T09:00:00+00:00,BTC/USDT,1h,63392.15000000,63411.80000000,62908.92000000,63249.99000000,657.17066000
2026-02-24T10:00:00+00:00,BTC/USDT,1h,63250.00000000,63369.71000000,63112.70000000,63284.50000000,447.19211000
2026-02-24T11:00:00+00:00,BTC/USDT,1h,63284.51000000,63317.95000000,63063.63000000,63227.10000000,461.08382000
2026-02-24T12:00:00+00:00,BTC/USDT,1h,63227.11000000,63343.59000000,62965.21000000,62969.05000000,642.15852000
2026-02-24T13:00:00+00:00,BTC/USDT,1h,62969.04000000,63100.00000000,62510.28000000,62900.00000000,2362.19948000
2026-02-24T14:00:00+00:00,BTC/USDT,1h,62900.01000000,63834.21000000,62762.03000000,63453.99000000,1408.18955000
2026-02-24T15:00:00+00:00,BTC/USDT,1h,63454.00000000,64031.76000000,63300.00000000,63973.97000000,1127.10688000
2026-02-24T16:00:00+00:00,BTC/USDT,1h,63973.98000000,64428.90000000,63689.54000000,64265.52000000,1423.20973000
2026-02-24T17:00:00+00:00,BTC/USDT,1h,64265.53000000,64520.00000000,64042.80000000,64219.71000000,1017.32505000
2026-02-24T18:00:00+00:00,BTC/USDT,1h,64219.70000000,64500.00000000,63872.72000000,64435.06000000,809.89318000
2026-02-24T19:00:00+00:00,BTC/USDT,1h,64435.05000000,64743.11000000,64250.52000000,64435.03000000,722.29463000
2026-02-24T20:00:00+00:00,BTC/USDT,1h,64435.03000000,64591.99000000,64318.03000000,64472.90000000,409.22444000
2026-02-24T21:00:00+00:00,BTC/USDT,1h,64472.90000000,64472.90000000,63820.50000000,64042.66000000,576.40912000
2026-02-24T22:00:00+00:00,BTC/USDT,1h,64042.66000000,64227.81000000,63973.79000000,64120.95000000,288.16182000
2026-02-24T23:00:00+00:00,BTC/USDT,1h,64120.96000000,64248.65000000,63853.99000000,64058.15000000,389.41705000
2026-02-25T00:00:00+00:00,BTC/USDT,1h,64058.15000000,64319.29000000,63913.27000000,64224.30000000,292.38037000
2026-02-25T01:00:00+00:00,BTC/USDT,1h,64224.29000000,66300.00000000,64145.20000000,65896.75000000,2840.08056000
2026-02-25T02:00:00+00:00,BTC/USDT,1h,65896.74000000,66310.00000000,65866.66000000,65884.83000000,1252.91602000
2026-02-25T03:00:00+00:00,BTC/USDT,1h,65884.84000000,65955.87000000,65350.28000000,65391.73000000,801.79518000
2026-02-25T04:00:00+00:00,BTC/USDT,1h,65391.74000000,65650.00000000,65116.65000000,65457.99000000,723.49717000
2026-02-25T05:00:00+00:00,BTC/USDT,1h,65458.00000000,65511.21000000,64755.26000000,64882.76000000,831.61343000
2026-02-25T06:00:00+00:00,BTC/USDT,1h,64882.77000000,65124.04000000,64865.78000000,64898.22000000,394.76962000
2026-02-25T07:00:00+00:00,BTC/USDT,1h,64898.22000000,65193.25000000,64781.18000000,65028.30000000,682.59011000
2026-02-25T08:00:00+00:00,BTC/USDT,1h,65028.30000000,65586.87000000,64955.79000000,65530.49000000,694.36389000
2026-02-25T09:00:00+00:00,BTC/USDT,1h,65530.48000000,65692.62000000,65396.47000000,65558.71000000,545.80832000
2026-02-25T10:00:00+00:00,BTC/USDT,1h,65558.71000000,65648.74000000,65345.00000000,65400.87000000,315.12553000
2026-02-25T11:00:00+00:00,BTC/USDT,1h,65400.87000000,65485.91000000,65200.80000000,65430.04000000,442.60010000
2026-02-25T12:00:00+00:00,BTC/USDT,1h,65430.04000000,66240.00000000,65324.62000000,66068.94000000,1316.71816000
2026-02-25T13:00:00+00:00,BTC/USDT,1h,66068.94000000,66684.10000000,66025.39000000,66248.62000000,1860.04287000
2026-02-25T14:00:00+00:00,BTC/USDT,1h,66248.63000000,67009.78000000,66202.66000000,66973.20000000,2180.16784000
2026-02-25T15:00:00+00:00,BTC/USDT,1h,66973.19000000,67578.00000000,66715.13000000,67412.33000000,2522.90832000
2026-02-25T16:00:00+00:00,BTC/USDT,1h,67412.32000000,68332.00000000,67404.00000000,68297.35000000,2059.42933000
2026-02-25T17:00:00+00:00,BTC/USDT,1h,68297.35000000,68879.96000000,68016.53000000,68674.20000000,2463.18666000
2026-02-25T18:00:00+00:00,BTC/USDT,1h,68674.20000000,69550.00000000,68373.33000000,69328.07000000,2105.00773000
2026-02-25T19:00:00+00:00,BTC/USDT,1h,69328.06000000,69406.93000000,68764.94000000,69038.26000000,1672.83962000
2026-02-25T20:00:00+00:00,BTC/USDT,1h,69038.26000000,69374.95000000,68619.22000000,69148.69000000,1076.93003000
2026-02-25T21:00:00+00:00,BTC/USDT,1h,69148.69000000,69988.83000000,68773.83000000,68919.72000000,1562.11950000
2026-02-25T22:00:00+00:00,BTC/USDT,1h,68919.72000000,69176.00000000,68055.91000000,68432.13000000,1092.88431000
2026-02-25T23:00:00+00:00,BTC/USDT,1h,68432.13000000,68696.97000000,67600.00000000,67988.04000000,1020.21792000
2026-02-26T00:00:00+00:00,BTC/USDT,1h,67988.04000000,68539.17000000,67727.52000000,68335.99000000,1134.56842000
2026-02-26T01:00:00+00:00,BTC/USDT,1h,68335.99000000,68700.00000000,68210.35000000,68248.30000000,619.19035000
2026-02-26T02:00:00+00:00,BTC/USDT,1h,68248.30000000,68351.00000000,67779.93000000,68257.45000000,833.19410000
2026-02-26T03:00:00+00:00,BTC/USDT,1h,68257.46000000,68379.59000000,68044.18000000,68216.86000000,408.51743000
2026-02-26T04:00:00+00:00,BTC/USDT,1h,68216.87000000,68860.00000000,68179.62000000,68571.36000000,587.55874000
2026-02-26T05:00:00+00:00,BTC/USDT,1h,68571.36000000,68571.37000000,68127.58000000,68443.81000000,486.81983000
2026-02-26T06:00:00+00:00,BTC/USDT,1h,68443.82000000,68522.00000000,68042.90000000,68176.75000000,618.63359000
2026-02-26T07:00:00+00:00,BTC/USDT,1h,68176.75000000,68290.18000000,67817.87000000,67825.04000000,840.14406000
2026-02-26T08:00:00+00:00,BTC/USDT,1h,67825.05000000,68236.00000000,67792.00000000,67954.01000000,761.69108000
2026-02-26T09:00:00+00:00,BTC/USDT,1h,67954.00000000,68644.59000000,67933.25000000,68589.41000000,1095.31619000
2026-02-26T10:00:00+00:00,BTC/USDT,1h,68589.41000000,68722.64000000,68257.64000000,68301.62000000,688.66072000
2026-02-26T11:00:00+00:00,BTC/USDT,1h,68301.61000000,68404.25000000,67965.46000000,68051.31000000,722.94931000
2026-02-26T12:00:00+00:00,BTC/USDT,1h,68051.30000000,68303.83000000,68009.88000000,68171.56000000,642.07881000
2026-02-26T13:00:00+00:00,BTC/USDT,1h,68171.55000000,68213.98000000,67848.69000000,67905.35000000,698.96783000
2026-02-26T14:00:00+00:00,BTC/USDT,1h,67905.34000000,68272.21000000,67264.22000000,67697.74000000,1769.26733000
2026-02-26T15:00:00+00:00,BTC/USDT,1h,67696.89000000,67743.36000000,66761.16000000,67382.00000000,2095.88140000
2026-02-26T16:00:00+00:00,BTC/USDT,1h,67382.00000000,67566.85000000,66500.00000000,66643.55000000,2050.20093000
2026-02-26T17:00:00+00:00,BTC/USDT,1h,66643.56000000,67044.10000000,66600.46000000,66826.80000000,885.82755000
2026-02-26T18:00:00+00:00,BTC/USDT,1h,66826.80000000,67373.90000000,66575.73000000,67310.53000000,1058.47196000
2026-02-26T19:00:00+00:00,BTC/USDT,1h,67310.53000000,67903.12000000,67285.99000000,67589.22000000,1235.95013000
2026-02-26T20:00:00+00:00,BTC/USDT,1h,67589.21000000,67831.11000000,67269.42000000,67414.07000000,597.88987000
2026-02-26T21:00:00+00:00,BTC/USDT,1h,67414.07000000,67575.97000000,67150.14000000,67463.65000000,299.84732000
2026-02-26T22:00:00+00:00,BTC/USDT,1h,67463.65000000,67630.22000000,67301.75000000,67572.30000000,291.63360000
2026-02-26T23:00:00+00:00,BTC/USDT,1h,67572.30000000,67656.11000000,67390.65000000,67485.18000000,314.51737000
2026-02-27T00:00:00+00:00,BTC/USDT,1h,67485.19000000,67537.84000000,67000.00000000,67226.50000000,462.91030000
2026-02-27T01:00:00+00:00,BTC/USDT,1h,67226.50000000,67398.86000000,66885.00000000,67352.26000000,818.15438000
2026-02-27T02:00:00+00:00,BTC/USDT,1h,67352.26000000,67546.15000000,67263.56000000,67266.58000000,463.09611000
2026-02-27T03:00:00+00:00,BTC/USDT,1h,67266.58000000,67712.16000000,67099.71000000,67600.84000000,415.67371000
2026-02-27T04:00:00+00:00,BTC/USDT,1h,67600.84000000,68216.80000000,67578.67000000,67747.49000000,1318.53811000
2026-02-27T05:00:00+00:00,BTC/USDT,1h,67747.49000000,67924.00000000,67683.30000000,67724.99000000,411.56603000
2026-02-27T06:00:00+00:00,BTC/USDT,1h,67725.00000000,67823.90000000,67525.46000000,67658.14000000,398.60368000
2026-02-27T07:00:00+00:00,BTC/USDT,1h,67658.14000000,67774.48000000,67459.30000000,67690.60000000,896.56486000
2026-02-27T08:00:00+00:00,BTC/USDT,1h,67690.60000000,68079.83000000,67655.86000000,67926.24000000,712.98047000
2026-02-27T09:00:00+00:00,BTC/USDT,1h,67926.25000000,68149.93000000,67284.22000000,67355.73000000,1377.29020000
2026-02-27T10:00:00+00:00,BTC/USDT,1h,67355.72000000,67416.78000000,66574.00000000,66604.91000000,1414.83211000
2026-02-27T11:00:00+00:00,BTC/USDT,1h,66604.90000000,66778.68000000,65960.01000000,66126.99000000,1399.59256000
2026-02-27T12:00:00+00:00,BTC/USDT,1h,66126.99000000,66217.42000000,65734.71000000,65928.01000000,1855.03329000
2026-02-27T13:00:00+00:00,BTC/USDT,1h,65928.01000000,66344.90000000,65649.34000000,66270.55000000,1278.55317000
2026-02-27T14:00:00+00:00,BTC/USDT,1h,66270.55000000,66334.87000000,65686.64000000,65887.59000000,1404.23206000
2026-02-27T15:00:00+00:00,BTC/USDT,1h,65887.59000000,66311.11000000,65845.18000000,66095.40000000,957.11978000
2026-02-27T16:00:00+00:00,BTC/USDT,1h,66095.40000000,66121.03000000,65462.93000000,65475.21000000,1135.56487000
2026-02-27T17:00:00+00:00,BTC/USDT,1h,65475.21000000,65765.06000000,65113.72000000,65703.19000000,1265.39709000
2026-02-27T18:00:00+00:00,BTC/USDT,1h,65703.18000000,65788.07000000,65228.33000000,65314.76000000,623.00837000
2026-02-27T19:00:00+00:00,BTC/USDT,1h,65314.76000000,65457.35000000,65172.60000000,65392.18000000,851.95591000
2026-02-27T20:00:00+00:00,BTC/USDT,1h,65392.18000000,65666.66000000,65392.18000000,65594.67000000,444.86468000
2026-02-27T21:00:00+00:00,BTC/USDT,1h,65594.67000000,65749.94000000,65400.00000000,65527.59000000,282.65640000
2026-02-27T22:00:00+00:00,BTC/USDT,1h,65527.59000000,65673.33000000,64914.46000000,65637.99000000,713.53490000
2026-02-27T23:00:00+00:00,BTC/USDT,1h,65638.00000000,65953.20000000,65551.67000000,65872.10000000,326.86120000
2026-02-28T00:00:00+00:00,BTC/USDT,1h,65872.09000000,66025.52000000,65721.13000000,65942.00000000,334.42449000
2026-02-28T01:00:00+00:00,BTC/USDT,1h,65942.01000000,65971.93000000,65743.71000000,65770.36000000,267.81274000
2026-02-28T02:00:00+00:00,BTC/USDT,1h,65770.36000000,66018.85000000,65761.94000000,65961.13000000,204.09288000
2026-02-28T03:00:00+00:00,BTC/USDT,1h,65961.13000000,65982.34000000,65745.39000000,65797.42000000,239.41397000
2026-02-28T04:00:00+00:00,BTC/USDT,1h,65797.42000000,65818.44000000,65488.00000000,65663.20000000,311.53682000
2026-02-28T05:00:00+00:00,BTC/USDT,1h,65663.21000000,65729.65000000,65500.00000000,65591.03000000,300.20395000
2026-02-28T06:00:00+00:00,BTC/USDT,1h,65591.03000000,65591.04000000,63030.00000000,63216.01000000,3175.19445000
2026-02-28T07:00:00+00:00,BTC/USDT,1h,63216.01000000,64327.22000000,63038.00000000,63826.00000000,2127.97927000
2026-02-28T08:00:00+00:00,BTC/USDT,1h,63825.99000000,63877.09000000,63411.39000000,63473.28000000,1118.13838000
2026-02-28T09:00:00+00:00,BTC/USDT,1h,63473.27000000,64005.35000000,63372.10000000,63658.54000000,737.11739000
2026-02-28T10:00:00+00:00,BTC/USDT,1h,63658.55000000,64053.93000000,63452.64000000,64010.39000000,1633.42712000
2026-02-28T11:00:00+00:00,BTC/USDT,1h,64010.38000000,64307.44000000,63791.25000000,63844.20000000,1245.63976000
2026-02-28T12:00:00+00:00,BTC/USDT,1h,63844.20000000,64082.66000000,63827.20000000,64017.19000000,474.84169000
2026-02-28T13:00:00+00:00,BTC/USDT,1h,64017.18000000,65216.97000000,63888.89000000,65106.44000000,1748.13055000
2026-02-28T14:00:00+00:00,BTC/USDT,1h,65106.45000000,65360.51000000,64278.50000000,64435.61000000,1331.97244000
2026-02-28T15:00:00+00:00,BTC/USDT,1h,64435.62000000,65020.75000000,64200.00000000,64841.18000000,731.53889000
2026-02-28T16:00:00+00:00,BTC/USDT,1h,64841.17000000,65206.25000000,64681.81000000,65094.30000000,500.23365000
2026-02-28T17:00:00+00:00,BTC/USDT,1h,65094.29000000,65555.00000000,64828.03000000,65442.62000000,595.58409000
2026-02-28T18:00:00+00:00,BTC/USDT,1h,65442.61000000,66157.61000000,65185.70000000,65911.84000000,830.58148000
2026-02-28T19:00:00+00:00,BTC/USDT,1h,65911.83000000,66666.65000000,65602.65000000,66362.01000000,1072.73124000
2026-02-28T20:00:00+00:00,BTC/USDT,1h,66362.01000000,67151.68000000,66190.61000000,66959.62000000,840.13263000
2026-02-28T21:00:00+00:00,BTC/USDT,1h,66959.63000000,67055.56000000,66368.42000000,66723.22000000,934.75984000
2026-02-28T22:00:00+00:00,BTC/USDT,1h,66723.23000000,67760.00000000,66608.82000000,67103.64000000,1310.09118000
2026-02-28T23:00:00+00:00,BTC/USDT,1h,67103.63000000,67210.00000000,66733.73000000,66973.26000000,483.13759000
2026-03-01T00:00:00+00:00,BTC/USDT,1h,66973.26000000,67121.80000000,66620.50000000,66791.29000000,560.35194000
2026-03-01T01:00:00+00:00,BTC/USDT,1h,66791.29000000,67703.32000000,66042.72000000,67339.36000000,1630.19028000
2026-03-01T02:00:00+00:00,BTC/USDT,1h,67339.36000000,68199.99000000,67339.36000000,67620.65000000,1861.82270000
2026-03-01T03:00:00+00:00,BTC/USDT,1h,67620.65000000,67813.33000000,67400.00000000,67502.16000000,637.99716000
2026-03-01T04:00:00+00:00,BTC/USDT,1h,67502.16000000,67612.14000000,67079.36000000,67346.50000000,631.60541000
2026-03-01T05:00:00+00:00,BTC/USDT,1h,67346.50000000,67574.65000000,67200.00000000,67292.09000000,437.89406000
2026-03-01T06:00:00+00:00,BTC/USDT,1h,67292.08000000,67345.80000000,66749.35000000,66926.68000000,1159.96329000
2026-03-01T07:00:00+00:00,BTC/USDT,1h,66926.69000000,67235.72000000,66784.58000000,67141.39000000,937.93278000
2026-03-01T08:00:00+00:00,BTC/USDT,1h,67141.40000000,67292.30000000,66389.33000000,66560.14000000,1475.81311000
2026-03-01T09:00:00+00:00,BTC/USDT,1h,66560.14000000,66771.10000000,66246.95000000,66410.08000000,815.73368000
2026-03-01T10:00:00+00:00,BTC/USDT,1h,66410.09000000,66731.47000000,66215.71000000,66467.06000000,621.17753000
2026-03-01T11:00:00+00:00,BTC/USDT,1h,66467.07000000,66661.61000000,66372.27000000,66468.03000000,338.19615000
2026-03-01T12:00:00+00:00,BTC/USDT,1h,66468.04000000,66550.00000000,66241.97000000,66296.48000000,388.82935000
2026-03-01T13:00:00+00:00,BTC/USDT,1h,66296.48000000,67360.57000000,66132.27000000,66934.79000000,1311.02111000
2026-03-01T14:00:00+00:00,BTC/USDT,1h,66934.80000000,67320.19000000,66752.58000000,66847.80000000,911.62631000
2026-03-01T15:00:00+00:00,BTC/USDT,1h,66847.80000000,67243.69000000,66828.60000000,66842.42000000,1028.55576000
2026-03-01T16:00:00+00:00,BTC/USDT,1h,66842.42000000,67112.37000000,65730.28000000,66135.45000000,1500.74296000
2026-03-01T17:00:00+00:00,BTC/USDT,1h,66135.45000000,66219.77000000,65699.98000000,65979.61000000,952.19730000
2026-03-01T18:00:00+00:00,BTC/USDT,1h,65979.61000000,66657.44000000,65979.61000000,66316.83000000,906.08265000
2026-03-01T19:00:00+00:00,BTC/USDT,1h,66316.84000000,66345.95000000,65772.29000000,65962.17000000,541.15631000
2026-03-01T20:00:00+00:00,BTC/USDT,1h,65962.16000000,65962.16000000,65084.02000000,65300.00000000,961.21349000
2026-03-01T21:00:00+00:00,BTC/USDT,1h,65300.01000000,65756.50000000,65281.83000000,65666.20000000,996.50526000
2026-03-01T22:00:00+00:00,BTC/USDT,1h,65666.19000000,66491.43000000,65056.00000000,65268.71000000,1763.29476000
2026-03-01T23:00:00+00:00,BTC/USDT,1h,65268.71000000,66080.00000000,65125.67000000,65776.47000000,831.95524000
2026-03-02T00:00:00+00:00,BTC/USDT,1h,65776.48000000,66796.44000000,65761.04000000,66501.52000000,990.08260000
2026-03-02T01:00:00+00:00,BTC/USDT,1h,66501.52000000,67079.00000000,66358.45000000,66532.02000000,886.93071000
2026-03-02T02:00:00+00:00,BTC/USDT,1h,66532.02000000,66609.94000000,65890.50000000,66276.77000000,554.16265000
2026-03-02T03:00:00+00:00,BTC/USDT,1h,66276.77000000,67037.22000000,66101.07000000,66820.03000000,509.41240000
2026-03-02T04:00:00+00:00,BTC/USDT,1h,66820.03000000,66975.74000000,66633.13000000,66862.12000000,750.65203000
2026-03-02T05:00:00+00:00,BTC/USDT,1h,66862.11000000,66995.64000000,66547.81000000,66730.78000000,887.19458000
2026-03-02T06:00:00+00:00,BTC/USDT,1h,66730.78000000,66739.45000000,66062.83000000,66204.90000000,677.75967000
2026-03-02T07:00:00+00:00,BTC/USDT,1h,66204.90000000,66209.46000000,65542.60000000,66007.52000000,1294.85905000
2026-03-02T08:00:00+00:00,BTC/USDT,1h,66007.80000000,66306.00000000,65654.54000000,66282.00000000,1104.41132000
2026-03-02T09:00:00+00:00,BTC/USDT,1h,66281.99000000,66720.84000000,66164.96000000,66168.62000000,1786.28426000
2026-03-02T10:00:00+00:00,BTC/USDT,1h,66168.61000000,66381.74000000,66079.24000000,66316.40000000,436.29038000
2026-03-02T11:00:00+00:00,BTC/USDT,1h,66316.39000000,66462.40000000,66003.59000000,66359.68000000,1034.77975000
2026-03-02T12:00:00+00:00,BTC/USDT,1h,66359.67000000,66391.38000000,65874.92000000,65963.43000000,763.09374000
2026-03-02T13:00:00+00:00,BTC/USDT,1h,65963.43000000,66157.28000000,65350.00000000,65440.01000000,1576.81345000
2026-03-02T14:00:00+00:00,BTC/USDT,1h,65440.01000000,67220.81000000,65259.21000000,67177.06000000,3015.13713000
2026-03-02T15:00:00+00:00,BTC/USDT,1h,67177.05000000,69617.74000000,66975.29000000,69130.20000000,5476.56874000
2026-03-02T16:00:00+00:00,BTC/USDT,1h,69130.20000000,70096.00000000,68933.69000000,69428.62000000,3440.03188000
2026-03-02T17:00:00+00:00,BTC/USDT,1h,69428.62000000,69578.00000000,68793.88000000,69198.00000000,1445.44150000
2026-03-02T18:00:00+00:00,BTC/USDT,1h,69198.00000000,69268.15000000,68727.83000000,68877.67000000,1055.74310000
2026-03-02T19:00:00+00:00,BTC/USDT,1h,68877.67000000,69049.32000000,68576.18000000,68966.53000000,886.89114000
2026-03-02T20:00:00+00:00,BTC/USDT,1h,68966.52000000,69505.00000000,68584.90000000,69106.58000000,1028.13825000
2026-03-02T21:00:00+00:00,BTC/USDT,1h,69106.58000000,69539.77000000,69000.71000000,69413.82000000,441.38382000
2026-03-02T22:00:00+00:00,BTC/USDT,1h,69413.82000000,69501.62000000,69136.36000000,69440.49000000,1330.59238000
2026-03-02T23:00:00+00:00,BTC/USDT,1h,69440.48000000,69479.58000000,68740.00000000,68830.06000000,637.72978000
2026-03-03T00:00:00+00:00,BTC/USDT,1h,68830.06000000,69166.61000000,68644.38000000,69092.88000000,602.91075000
2026-03-03T01:00:00+00:00,BTC/USDT,1h,69092.89000000,69258.08000000,68755.00000000,68760.01000000,452.46998000
2026-03-03T02:00:00+00:00,BTC/USDT,1h,68760.01000000,68774.13000000,68210.71000000,68512.17000000,848.26905000
2026-03-03T03:00:00+00:00,BTC/USDT,1h,68512.17000000,68550.00000000,68231.47000000,68377.94000000,458.44735000
2026-03-03T04:00:00+00:00,BTC/USDT,1h,68377.94000000,68454.63000000,68050.11000000,68123.20000000,436.46143000
2026-03-03T05:00:00+00:00,BTC/USDT,1h,68123.19000000,68617.42000000,67845.84000000,67947.75000000,913.85345000
2026-03-03T06:00:00+00:00,BTC/USDT,1h,67947.75000000,68250.24000000,67800.00000000,68106.73000000,821.19287000
2026-03-03T07:00:00+00:00,BTC/USDT,1h,68106.73000000,68275.20000000,67951.24000000,68172.80000000,1165.60519000
2026-03-03T08:00:00+00:00,BTC/USDT,1h,68172.79000000,68311.83000000,66905.00000000,67003.30000000,1883.45220000
2026-03-03T09:00:00+00:00,BTC/USDT,1h,67003.30000000,67184.71000000,66340.14000000,66647.98000000,1767.88336000
2026-03-03T10:00:00+00:00,BTC/USDT,1h,66647.98000000,67030.75000000,66440.46000000,66860.30000000,1159.50732000
2026-03-03T11:00:00+00:00,BTC/USDT,1h,66860.30000000,67166.50000000,66779.37000000,67026.61000000,1271.91624000
2026-03-03T12:00:00+00:00,BTC/USDT,1h,67026.60000000,67973.20000000,67025.93000000,67399.85000000,1323.51079000
2026-03-03T13:00:00+00:00,BTC/USDT,1h,67399.85000000,67435.00000000,66635.30000000,66931.31000000,709.75818000
2026-03-03T14:00:00+00:00,BTC/USDT,1h,66931.32000000,67603.94000000,66158.00000000,66568.95000000,1714.82463000
2026-03-03T15:00:00+00:00,BTC/USDT,1h,66568.95000000,67834.93000000,66471.79000000,67725.81000000,1695.19520000
2026-03-03T16:00:00+00:00,BTC/USDT,1h,67725.82000000,68999.00000000,67473.09000000,68175.90000000,2581.91143000
2026-03-03T17:00:00+00:00,BTC/USDT,1h,68175.89000000,68400.00000000,67626.53000000,68318.66000000,982.14848000
2026-03-03T18:00:00+00:00,BTC/USDT,1h,68318.66000000,68914.01000000,67976.47000000,68628.49000000,974.13002000
2026-03-03T19:00:00+00:00,BTC/USDT,1h,68628.50000000,68888.88000000,68312.83000000,68435.00000000,946.51026000
2026-03-03T20:00:00+00:00,BTC/USDT,1h,68435.00000000,68591.24000000,68092.10000000,68266.00000000,592.99873000
2026-03-03T21:00:00+00:00,BTC/USDT,1h,68265.99000000,68265.99000000,67832.30000000,68024.62000000,519.92364000
2026-03-03T22:00:00+00:00,BTC/USDT,1h,68024.63000000,68524.54000000,68024.62000000,68327.20000000,573.87256000
2026-03-03T23:00:00+00:00,BTC/USDT,1h,68327.20000000,68860.00000000,68245.64000000,68338.00000000,575.48869000
2026-03-04T00:00:00+00:00,BTC/USDT,1h,68338.01000000,68413.90000000,67857.61000000,68093.19000000,767.61923000
2026-03-04T01:00:00+00:00,BTC/USDT,1h,68093.20000000,68909.34000000,67963.28000000,68405.00000000,1294.62328000
2026-03-04T02:00:00+00:00,BTC/USDT,1h,68405.00000000,68447.72000000,67984.56000000,68323.33000000,798.11328000
2026-03-04T03:00:00+00:00,BTC/USDT,1h,68323.33000000,68383.63000000,67400.00000000,67732.20000000,954.50771000
2026-03-04T04:00:00+00:00,BTC/USDT,1h,67732.19000000,67954.89000000,67467.60000000,67786.00000000,1066.38980000
2026-03-04T05:00:00+00:00,BTC/USDT,1h,67786.00000000,68397.84000000,67682.64000000,68206.59000000,666.28769000
2026-03-04T06:00:00+00:00,BTC/USDT,1h,68206.58000000,68678.76000000,68048.63000000,68508.02000000,1288.48108000
2026-03-04T07:00:00+00:00,BTC/USDT,1h,68508.02000000,69668.00000000,68349.49000000,69493.13000000,2067.68212000
2026-03-04T08:00:00+00:00,BTC/USDT,1h,69493.14000000,71163.00000000,69098.91000000,71011.40000000,4675.35650000
2026-03-04T09:00:00+00:00,BTC/USDT,1h,71011.40000000,71893.00000000,70724.26000000,71520.76000000,4196.19004000
2026-03-04T10:00:00+00:00,BTC/USDT,1h,71520.76000000,71878.17000000,71200.00000000,71348.92000000,2079.39146000
2026-03-04T11:00:00+00:00,BTC/USDT,1h,71348.92000000,71499.75000000,70928.25000000,71111.40000000,1195.15977000
2026-03-04T12:00:00+00:00,BTC/USDT,1h,71111.40000000,71364.14000000,70588.00000000,71339.71000000,1486.53558000
2026-03-04T13:00:00+00:00,BTC/USDT,1h,71339.72000000,71624.99000000,71214.40000000,71477.17000000,1568.26840000
2026-03-04T14:00:00+00:00,BTC/USDT,1h,71477.17000000,72633.00000000,71300.10000000,71621.04000000,4139.07950000
2026-03-04T15:00:00+00:00,BTC/USDT,1h,71621.03000000,73479.75000000,71580.62000000,73396.88000000,4184.35996000
2026-03-04T16:00:00+00:00,BTC/USDT,1h,73396.87000000,73500.00000000,72541.69000000,73294.84000000,2627.55973000
2026-03-04T17:00:00+00:00,BTC/USDT,1h,73294.84000000,73759.99000000,72932.80000000,73218.92000000,2258.87830000
2026-03-04T18:00:00+00:00,BTC/USDT,1h,73218.93000000,73700.00000000,72912.11000000,73693.50000000,1121.53690000
2026-03-04T19:00:00+00:00,BTC/USDT,1h,73693.50000000,74050.00000000,73516.00000000,73611.10000000,2657.03129000
2026-03-04T20:00:00+00:00,BTC/USDT,1h,73611.67000000,73716.00000000,73001.05000000,73019.68000000,904.52712000
2026-03-04T21:00:00+00:00,BTC/USDT,1h,73019.69000000,73322.93000000,72878.00000000,73309.72000000,836.52696000
2026-03-04T22:00:00+00:00,BTC/USDT,1h,73309.73000000,73523.31000000,72638.29000000,72705.86000000,894.79856000
2026-03-04T23:00:00+00:00,BTC/USDT,1h,72705.86000000,72880.88000000,72313.04000000,72666.77000000,1190.17184000
2026-03-05T00:00:00+00:00,BTC/USDT,1h,72666.77000000,73000.00000000,72553.65000000,72760.00000000,1004.77646000
2026-03-05T01:00:00+00:00,BTC/USDT,1h,72759.99000000,73306.82000000,72409.10000000,72538.72000000,821.18852000
2026-03-05T02:00:00+00:00,BTC/USDT,1h,72538.72000000,72916.50000000,72336.76000000,72506.19000000,628.62779000
2026-03-05T03:00:00+00:00,BTC/USDT,1h,72506.18000000,72750.00000000,72344.51000000,72497.89000000,668.37206000
2026-03-05T04:00:00+00:00,BTC/USDT,1h,72497.89000000,73081.08000000,72447.96000000,72815.70000000,750.00710000
2026-03-05T05:00:00+00:00,BTC/USDT,1h,72815.70000000,72912.82000000,72260.74000000,72412.15000000,1085.89796000
2026-03-05T06:00:00+00:00,BTC/USDT,1h,72412.15000000,72655.23000000,72037.56000000,72553.62000000,1063.10490000
2026-03-05T07:00:00+00:00,BTC/USDT,1h,72553.63000000,72675.07000000,71759.95000000,72055.50000000,1447.01462000
2026-03-05T08:00:00+00:00,BTC/USDT,1h,72055.50000000,72370.21000000,71757.17000000,72333.70000000,1421.17898000
2026-03-05T09:00:00+00:00,BTC/USDT,1h,72333.70000000,72875.85000000,72298.83000000,72591.59000000,1160.78148000
2026-03-05T10:00:00+00:00,BTC/USDT,1h,72591.59000000,73558.15000000,72517.06000000,73388.92000000,1589.26780000
2026-03-05T11:00:00+00:00,BTC/USDT,1h,73388.91000000,73449.96000000,72766.75000000,72915.79000000,2091.15218000
2026-03-05T12:00:00+00:00,BTC/USDT,1h,72915.80000000,73063.38000000,72666.93000000,72890.73000000,729.99152000
2026-03-05T13:00:00+00:00,BTC/USDT,1h,72890.73000000,72935.30000000,72189.70000000,72467.79000000,1108.98859000
2026-03-05T14:00:00+00:00,BTC/USDT,1h,72467.79000000,72835.73000000,71944.18000000,72609.29000000,1446.63499000
2026-03-05T15:00:00+00:00,BTC/USDT,1h,72609.30000000,72770.00000000,71168.65000000,71652.77000000,2321.94313000
2026-03-05T16:00:00+00:00,BTC/USDT,1h,71652.77000000,71654.65000000,70786.06000000,71305.92000000,1736.25108000
2026-03-05T17:00:00+00:00,BTC/USDT,1h,71305.92000000,71572.00000000,70645.47000000,70704.41000000,1223.37093000
2026-03-05T18:00:00+00:00,BTC/USDT,1h,70703.37000000,71090.32000000,70656.63000000,70990.65000000,720.55573000
2026-03-05T19:00:00+00:00,BTC/USDT,1h,70990.66000000,71430.78000000,70870.00000000,70918.07000000,626.47744000
2026-03-05T20:00:00+00:00,BTC/USDT,1h,70918.08000000,71394.45000000,70840.00000000,71236.51000000,496.74041000
2026-03-05T21:00:00+00:00,BTC/USDT,1h,71236.51000000,71572.30000000,71023.52000000,71141.93000000,546.48691000
2026-03-05T22:00:00+00:00,BTC/USDT,1h,71141.93000000,71364.45000000,71074.45000000,71208.54000000,834.62565000
2026-03-05T23:00:00+00:00,BTC/USDT,1h,71208.54000000,71292.44000000,70777.00000000,70890.72000000,1067.07630000
2026-03-06T00:00:00+00:00,BTC/USDT,1h,70891.02000000,71047.95000000,70784.00000000,70988.19000000,673.46080000
2026-03-06T01:00:00+00:00,BTC/USDT,1h,70988.19000000,71301.74000000,70344.03000000,71257.20000000,1057.89391000
2026-03-06T02:00:00+00:00,BTC/USDT,1h,71257.20000000,71419.98000000,71036.00000000,71252.43000000,752.48392000
2026-03-06T03:00:00+00:00,BTC/USDT,1h,71252.43000000,71305.42000000,71000.00000000,71080.38000000,548.09403000
2026-03-06T04:00:00+00:00,BTC/USDT,1h,71080.37000000,71120.17000000,70270.21000000,70613.61000000,667.82412000
2026-03-06T05:00:00+00:00,BTC/USDT,1h,70613.61000000,70658.01000000,70143.19000000,70436.19000000,966.11543000
2026-03-06T06:00:00+00:00,BTC/USDT,1h,70436.18000000,70853.37000000,70261.23000000,70597.23000000,672.31367000
2026-03-06T07:00:00+00:00,BTC/USDT,1h,70597.23000000,71192.76000000,70468.97000000,71056.44000000,782.05786000
2026-03-06T08:00:00+00:00,BTC/USDT,1h,71056.44000000,71067.58000000,70735.85000000,70789.49000000,569.42569000
2026-03-06T09:00:00+00:00,BTC/USDT,1h,70789.49000000,70808.65000000,70300.00000000,70565.56000000,637.97560000
2026-03-06T10:00:00+00:00,BTC/USDT,1h,70565.56000000,70800.00000000,70467.88000000,70527.93000000,469.81877000
2026-03-06T11:00:00+00:00,BTC/USDT,1h,70527.93000000,70643.27000000,70184.01000000,70212.95000000,763.93539000
2026-03-06T12:00:00+00:00,BTC/USDT,1h,70212.94000000,70224.84000000,69660.00000000,69907.00000000,1907.43626000
2026-03-06T13:00:00+00:00,BTC/USDT,1h,69907.00000000,70341.76000000,69208.00000000,69208.00000000,2069.72961000
2026-03-06T14:00:00+00:00,BTC/USDT,1h,69213.18000000,69273.87000000,68176.47000000,68409.89000000,3148.50679000
2026-03-06T15:00:00+00:00,BTC/USDT,1h,68409.89000000,69100.00000000,68306.00000000,68504.71000000,1428.68549000
2026-03-06T16:00:00+00:00,BTC/USDT,1h,68504.71000000,68795.44000000,68222.00000000,68446.52000000,955.00949000
2026-03-06T17:00:00+00:00,BTC/USDT,1h,68446.52000000,68642.69000000,67744.78000000,67955.10000000,1236.78923000
2026-03-06T18:00:00+00:00,BTC/USDT,1h,67955.10000000,68476.47000000,67955.10000000,68181.20000000,514.98068000
2026-03-06T19:00:00+00:00,BTC/USDT,1h,68181.20000000,68485.01000000,68004.15000000,68131.79000000,617.63492000
2026-03-06T20:00:00+00:00,BTC/USDT,1h,68131.79000000,68285.71000000,67777.00000000,68111.03000000,668.61830000
2026-03-06T21:00:00+00:00,BTC/USDT,1h,68111.03000000,68333.33000000,67919.72000000,68289.10000000,604.80896000
2026-03-06T22:00:00+00:00,BTC/USDT,1h,68289.11000000,68440.92000000,68221.38000000,68319.89000000,304.91261000
2026-03-06T23:00:00+00:00,BTC/USDT,1h,68319.90000000,68371.24000000,68105.71000000,68114.02000000,611.37569000
2026-03-07T00:00:00+00:00,BTC/USDT,1h,68114.02000000,68394.09000000,68105.73000000,68290.45000000,653.38105000
2026-03-07T01:00:00+00:00,BTC/USDT,1h,68290.46000000,68369.11000000,68180.95000000,68262.01000000,316.06145000
2026-03-07T02:00:00+00:00,BTC/USDT,1h,68262.01000000,68367.73000000,68060.60000000,68350.04000000,316.96409000
2026-03-07T03:00:00+00:00,BTC/USDT,1h,68350.05000000,68551.04000000,68095.50000000,68095.50000000,450.32011000
2026-03-07T04:00:00+00:00,BTC/USDT,1h,68095.50000000,68147.73000000,67817.00000000,68063.43000000,621.66509000
2026-03-07T05:00:00+00:00,BTC/USDT,1h,68063.42000000,68140.49000000,67908.00000000,68018.26000000,493.88772000
2026-03-07T06:00:00+00:00,BTC/USDT,1h,68018.27000000,68021.14000000,67612.21000000,67690.86000000,489.36583000
2026-03-07T07:00:00+00:00,BTC/USDT,1h,67690.86000000,67865.23000000,67446.41000000,67842.67000000,768.74899000
2026-03-07T08:00:00+00:00,BTC/USDT,1h,67842.67000000,68045.07000000,67720.98000000,67795.40000000,465.95331000
2026-03-07T09:00:00+00:00,BTC/USDT,1h,67795.40000000,68074.97000000,67738.31000000,68000.00000000,332.46219000
2026-03-07T10:00:00+00:00,BTC/USDT,1h,68000.00000000,68102.73000000,67870.43000000,67880.31000000,319.42039000
2026-03-07T11:00:00+00:00,BTC/USDT,1h,67880.31000000,68232.27000000,67841.67000000,68010.01000000,372.24149000
2026-03-07T12:00:00+00:00,BTC/USDT,1h,68010.00000000,68085.41000000,67900.01000000,67992.54000000,359.03867000
2026-03-07T13:00:00+00:00,BTC/USDT,1h,67992.54000000,68081.16000000,67855.82000000,67931.06000000,318.23636000
2026-03-07T14:00:00+00:00,BTC/USDT,1h,67931.06000000,68083.79000000,67609.44000000,68016.70000000,473.27443000
2026-03-07T15:00:00+00:00,BTC/USDT,1h,68016.70000000,68034.67000000,67769.89000000,67877.45000000,577.84468000
2026-03-07T16:00:00+00:00,BTC/USDT,1h,67877.45000000,67889.68000000,67702.20000000,67783.63000000,349.26910000
2026-03-07T17:00:00+00:00,BTC/USDT,1h,67783.63000000,67935.01000000,67768.97000000,67788.41000000,217.68104000
2026-03-07T18:00:00+00:00,BTC/USDT,1h,67788.40000000,67788.41000000,67480.00000000,67568.13000000,1180.24782000
2026-03-07T19:00:00+00:00,BTC/USDT,1h,67568.13000000,67572.35000000,66915.26000000,67080.34000000,1312.23020000
2026-03-07T20:00:00+00:00,BTC/USDT,1h,67080.33000000,67437.50000000,67068.01000000,67402.98000000,590.47118000
2026-03-07T21:00:00+00:00,BTC/USDT,1h,67402.98000000,67483.05000000,67281.34000000,67452.98000000,638.99995000
2026-03-07T22:00:00+00:00,BTC/USDT,1h,67452.97000000,67469.87000000,67101.31000000,67258.65000000,706.81324000
2026-03-07T23:00:00+00:00,BTC/USDT,1h,67258.65000000,67403.85000000,67183.39000000,67262.91000000,394.96477000
2026-03-08T00:00:00+00:00,BTC/USDT,1h,67262.91000000,67481.96000000,67181.04000000,67194.77000000,552.27054000
2026-03-08T01:00:00+00:00,BTC/USDT,1h,67194.77000000,67353.57000000,67090.00000000,67297.27000000,565.85563000
2026-03-08T02:00:00+00:00,BTC/USDT,1h,67297.27000000,67426.52000000,66833.58000000,66925.44000000,765.90711000
2026-03-08T03:00:00+00:00,BTC/USDT,1h,66925.45000000,67083.10000000,66850.00000000,67000.26000000,999.40624000
2026-03-08T04:00:00+00:00,BTC/USDT,1h,67000.26000000,67100.01000000,66547.15000000,66637.36000000,1206.88314000
2026-03-08T05:00:00+00:00,BTC/USDT,1h,66637.35000000,67250.24000000,66617.76000000,67149.93000000,402.00353000
2026-03-08T06:00:00+00:00,BTC/USDT,1h,67149.93000000,67231.86000000,67035.18000000,67161.52000000,246.63235000
2026-03-08T07:00:00+00:00,BTC/USDT,1h,67161.52000000,67465.11000000,67154.91000000,67319.91000000,1010.57902000
2026-03-08T08:00:00+00:00,BTC/USDT,1h,67319.90000000,67577.36000000,67156.93000000,67539.33000000,1008.62460000
2026-03-08T09:00:00+00:00,BTC/USDT,1h,67539.34000000,67905.03000000,67474.00000000,67681.00000000,1111.87857000
2026-03-08T10:00:00+00:00,BTC/USDT,1h,67681.00000000,68200.00000000,67680.99000000,67904.14000000,646.22527000
2026-03-08T11:00:00+00:00,BTC/USDT,1h,67904.15000000,67904.15000000,67411.76000000,67515.00000000,536.67584000
2026-03-08T12:00:00+00:00,BTC/USDT,1h,67515.00000000,67650.94000000,66888.00000000,67324.72000000,902.41572000
2026-03-08T13:00:00+00:00,BTC/USDT,1h,67324.71000000,67431.81000000,66761.68000000,67234.86000000,1987.58970000
2026-03-08T14:00:00+00:00,BTC/USDT,1h,67234.86000000,67426.69000000,67055.73000000,67339.76000000,695.31699000
2026-03-08T15:00:00+00:00,BTC/USDT,1h,67339.75000000,67369.36000000,67080.00000000,67218.23000000,879.16155000
2026-03-08T16:00:00+00:00,BTC/USDT,1h,67218.23000000,67268.44000000,66802.47000000,66872.15000000,538.75590000
2026-03-08T17:00:00+00:00,BTC/USDT,1h,66872.15000000,67179.98000000,66800.01000000,67065.00000000,812.42846000
2026-03-08T18:00:00+00:00,BTC/USDT,1h,67065.00000000,67076.00000000,66745.54000000,66804.00000000,487.97779000
2026-03-08T19:00:00+00:00,BTC/USDT,1h,66803.99000000,67485.24000000,66779.82000000,67337.42000000,711.10669000
2026-03-08T20:00:00+00:00,BTC/USDT,1h,67337.41000000,67609.08000000,67028.45000000,67238.80000000,1144.93227000
2026-03-08T21:00:00+00:00,BTC/USDT,1h,67238.79000000,67266.00000000,66712.69000000,67020.01000000,959.03531000
2026-03-08T22:00:00+00:00,BTC/USDT,1h,67020.01000000,67020.01000000,65618.49000000,66236.80000000,2742.02435000
2026-03-08T23:00:00+00:00,BTC/USDT,1h,66236.80000000,66569.24000000,65930.30000000,65971.20000000,679.95244000
2026-03-09T00:00:00+00:00,BTC/USDT,1h,65971.20000000,66773.00000000,65821.97000000,66370.01000000,951.35538000
2026-03-09T01:00:00+00:00,BTC/USDT,1h,66370.01000000,66698.05000000,66131.25000000,66196.01000000,2263.78882000
2026-03-09T02:00:00+00:00,BTC/USDT,1h,66196.01000000,66707.58000000,65959.00000000,66537.32000000,752.57114000
2026-03-09T03:00:00+00:00,BTC/USDT,1h,66537.32000000,67668.64000000,66512.88000000,67205.05000000,1256.29482000
2026-03-09T04:00:00+00:00,BTC/USDT,1h,67205.06000000,67610.00000000,67093.09000000,67130.14000000,848.47762000
2026-03-09T05:00:00+00:00,BTC/USDT,1h,67131.10000000,68069.29000000,67113.02000000,67911.16000000,1145.71148000
2026-03-09T06:00:00+00:00,BTC/USDT,1h,67911.15000000,67939.55000000,67236.78000000,67267.18000000,578.70307000
2026-03-09T07:00:00+00:00,BTC/USDT,1h,67267.18000000,67575.81000000,66853.48000000,67555.13000000,1253.45589000
2026-03-09T08:00:00+00:00,BTC/USDT,1h,67555.13000000,67929.19000000,67391.89000000,67814.69000000,1615.43129000
2026-03-09T09:00:00+00:00,BTC/USDT,1h,67814.69000000,68460.09000000,67566.65000000,67981.02000000,1225.43841000
2026-03-09T10:00:00+00:00,BTC/USDT,1h,67981.03000000,68088.92000000,67556.72000000,67608.13000000,687.12244000
2026-03-09T11:00:00+00:00,BTC/USDT,1h,67608.13000000,67855.82000000,67344.45000000,67764.98000000,577.58612000
2026-03-09T12:00:00+00:00,BTC/USDT,1h,67764.99000000,68348.26000000,67759.57000000,68151.93000000,970.32854000
2026-03-09T13:00:00+00:00,BTC/USDT,1h,68151.93000000,69300.00000000,68133.93000000,68976.00000000,2460.13662000
2026-03-09T14:00:00+00:00,BTC/USDT,1h,68975.80000000,69480.00000000,68696.28000000,69151.50000000,2377.05802000
2026-03-09T15:00:00+00:00,BTC/USDT,1h,69151.50000000,69254.87000000,68717.86000000,68863.66000000,1995.45638000
2026-03-09T16:00:00+00:00,BTC/USDT,1h,68863.67000000,69225.00000000,68614.47000000,68960.12000000,1086.01117000
2026-03-09T17:00:00+00:00,BTC/USDT,1h,68960.12000000,69088.49000000,68270.34000000,68600.71000000,889.54053000
2026-03-09T18:00:00+00:00,BTC/USDT,1h,68600.71000000,68705.76000000,68179.12000000,68356.37000000,1350.25926000
2026-03-09T19:00:00+00:00,BTC/USDT,1h,68356.37000000,69516.65000000,68356.37000000,68991.93000000,1713.56623000
2026-03-09T20:00:00+00:00,BTC/USDT,1h,68991.93000000,69145.28000000,68762.20000000,68961.71000000,507.40424000
2026-03-09T21:00:00+00:00,BTC/USDT,1h,68961.15000000,69102.53000000,68660.94000000,68919.72000000,782.51759000
2026-03-09T22:00:00+00:00,BTC/USDT,1h,68919.71000000,69030.56000000,68597.00000000,68635.88000000,943.05059000
2026-03-09T23:00:00+00:00,BTC/USDT,1h,68635.88000000,68694.73000000,68384.69000000,68432.16000000,665.45565000
2026-03-10T00:00:00+00:00,BTC/USDT,1h,68432.16000000,69290.42000000,68391.41000000,69157.37000000,1134.03591000
2026-03-10T01:00:00+00:00,BTC/USDT,1h,69157.36000000,69389.06000000,68786.04000000,69260.01000000,1073.30020000
2026-03-10T02:00:00+00:00,BTC/USDT,1h,69260.00000000,70578.29000000,69103.12000000,70272.01000000,2010.96480000
2026-03-10T03:00:00+00:00,BTC/USDT,1h,70272.00000000,70370.86000000,69390.00000000,69429.85000000,1096.27179000
2026-03-10T04:00:00+00:00,BTC/USDT,1h,69429.85000000,70132.27000000,69429.85000000,70072.94000000,1112.05227000
2026-03-10T05:00:00+00:00,BTC/USDT,1h,70072.95000000,70355.06000000,69885.71000000,69971.34000000,874.03346000
2026-03-10T06:00:00+00:00,BTC/USDT,1h,69971.34000000,70185.24000000,69750.62000000,69910.91000000,1140.99151000
2026-03-10T07:00:00+00:00,BTC/USDT,1h,69910.91000000,70546.74000000,69805.70000000,70406.01000000,1780.20471000
2026-03-10T08:00:00+00:00,BTC/USDT,1h,70406.01000000,71097.64000000,70369.00000000,70709.37000000,1852.19984000
2026-03-10T09:00:00+00:00,BTC/USDT,1h,70709.37000000,71300.00000000,70653.24000000,71078.92000000,1664.83143000
2026-03-10T10:00:00+00:00,BTC/USDT,1h,71078.92000000,71086.86000000,70660.89000000,70774.04000000,1808.06147000
2026-03-10T11:00:00+00:00,BTC/USDT,1h,70774.04000000,70865.73000000,70540.40000000,70580.94000000,945.42456000
2026-03-10T12:00:00+00:00,BTC/USDT,1h,70580.95000000,70628.19000000,70290.88000000,70519.86000000,702.95479000
2026-03-10T13:00:00+00:00,BTC/USDT,1h,70519.86000000,70926.46000000,69723.25000000,69921.12000000,1644.54716000
2026-03-10T14:00:00+00:00,BTC/USDT,1h,69921.12000000,71527.54000000,69266.06000000,71467.81000000,2553.72955000
2026-03-10T15:00:00+00:00,BTC/USDT,1h,71467.81000000,71777.00000000,70900.05000000,71346.16000000,2098.87598000
2026-03-10T16:00:00+00:00,BTC/USDT,1h,71346.17000000,71700.00000000,70943.31000000,71268.59000000,1291.34054000
2026-03-10T17:00:00+00:00,BTC/USDT,1h,71268.58000000,71452.00000000,70512.64000000,70868.61000000,1383.62950000
2026-03-10T18:00:00+00:00,BTC/USDT,1h,70868.62000000,70914.90000000,69901.00000000,70013.87000000,1837.40169000
2026-03-10T19:00:00+00:00,BTC/USDT,1h,70013.87000000,70290.00000000,69739.00000000,70043.63000000,992.60769000
2026-03-10T20:00:00+00:00,BTC/USDT,1h,70043.63000000,70350.00000000,70007.52000000,70235.60000000,671.88971000
2026-03-10T21:00:00+00:00,BTC/USDT,1h,70236.34000000,70417.30000000,69541.91000000,69763.01000000,830.86870000
2026-03-10T22:00:00+00:00,BTC/USDT,1h,69763.02000000,69869.90000000,69452.42000000,69721.58000000,937.20086000
2026-03-10T23:00:00+00:00,BTC/USDT,1h,69721.58000000,69981.80000000,69698.46000000,69948.63000000,1165.15914000
2026-03-11T00:00:00+00:00,BTC/USDT,1h,69948.64000000,70173.25000000,69759.63000000,70044.87000000,728.92961000
2026-03-11T01:00:00+00:00,BTC/USDT,1h,70044.87000000,70144.00000000,69880.00000000,70071.26000000,947.24879000
2026-03-11T02:00:00+00:00,BTC/USDT,1h,70071.26000000,70119.59000000,69614.00000000,69810.72000000,1612.87548000
2026-03-11T03:00:00+00:00,BTC/USDT,1h,69810.73000000,69887.11000000,69488.70000000,69551.91000000,1113.41409000
2026-03-11T04:00:00+00:00,BTC/USDT,1h,69551.91000000,70281.87000000,69501.55000000,70130.99000000,759.41600000
2026-03-11T05:00:00+00:00,BTC/USDT,1h,70130.99000000,70200.96000000,69420.00000000,69510.36000000,757.81378000
2026-03-11T06:00:00+00:00,BTC/USDT,1h,69510.37000000,69996.00000000,69500.01000000,69950.01000000,391.73761000
2026-03-11T07:00:00+00:00,BTC/USDT,1h,69950.01000000,70018.49000000,69500.67000000,69648.29000000,1171.57725000
2026-03-11T08:00:00+00:00,BTC/USDT,1h,69648.28000000,69786.32000000,69500.00000000,69662.24000000,672.55865000
2026-03-11T09:00:00+00:00,BTC/USDT,1h,69662.24000000,69752.06000000,69384.50000000,69466.75000000,939.05652000
2026-03-11T10:00:00+00:00,BTC/USDT,1h,69466.75000000,69726.45000000,69390.91000000,69604.90000000,1028.34397000
2026-03-11T11:00:00+00:00,BTC/USDT,1h,69604.90000000,69755.10000000,69150.28000000,69173.00000000,898.77254000
2026-03-11T12:00:00+00:00,BTC/USDT,1h,69172.99000000,69777.66000000,68977.91000000,69361.13000000,1045.64069000
2026-03-11T13:00:00+00:00,BTC/USDT,1h,69361.13000000,71091.18000000,69331.04000000,70186.09000000,2647.32148000
2026-03-11T14:00:00+00:00,BTC/USDT,1h,70186.08000000,70987.00000000,69906.77000000,70578.70000000,2251.77658000
2026-03-11T15:00:00+00:00,BTC/USDT,1h,70578.70000000,70654.43000000,69702.25000000,70227.91000000,1844.69630000
2026-03-11T16:00:00+00:00,BTC/USDT,1h,70227.92000000,70826.39000000,70161.78000000,70570.71000000,1837.92404000
2026-03-11T17:00:00+00:00,BTC/USDT,1h,70570.71000000,71321.00000000,70512.01000000,70785.99000000,2122.20651000
2026-03-11T18:00:00+00:00,BTC/USDT,1h,70785.99000000,70895.31000000,70415.27000000,70617.64000000,1134.13411000
2026-03-11T19:00:00+00:00,BTC/USDT,1h,70617.63000000,70742.38000000,70375.68000000,70641.82000000,644.23151000
2026-03-11T20:00:00+00:00,BTC/USDT,1h,70641.81000000,70700.00000000,70394.23000000,70634.96000000,383.34496000
2026-03-11T21:00:00+00:00,BTC/USDT,1h,70634.96000000,70777.17000000,70499.94000000,70741.26000000,576.42683000
2026-03-11T22:00:00+00:00,BTC/USDT,1h,70741.27000000,70950.00000000,70241.53000000,70373.01000000,1098.26512000
2026-03-11T23:00:00+00:00,BTC/USDT,1h,70373.01000000,70505.00000000,70125.83000000,70191.86000000,641.56300000
2026-03-12T00:00:00+00:00,BTC/USDT,1h,70191.86000000,70353.87000000,70130.23000000,70225.34000000,658.09363000
2026-03-12T01:00:00+00:00,BTC/USDT,1h,70225.34000000,70226.94000000,69754.94000000,69841.31000000,760.55263000
2026-03-12T02:00:00+00:00,BTC/USDT,1h,69841.30000000,69887.93000000,69226.52000000,69286.56000000,742.38929000
2026-03-12T03:00:00+00:00,BTC/USDT,1h,69286.55000000,69628.25000000,69246.23000000,69446.61000000,415.13842000
2026-03-12T04:00:00+00:00,BTC/USDT,1h,69446.61000000,69676.88000000,69296.43000000,69372.00000000,436.68208000
2026-03-12T05:00:00+00:00,BTC/USDT,1h,69372.00000000,69539.61000000,69205.91000000,69480.54000000,734.74043000
2026-03-12T06:00:00+00:00,BTC/USDT,1h,69480.54000000,69561.84000000,69315.63000000,69501.44000000,719.76894000
2026-03-12T07:00:00+00:00,BTC/USDT,1h,69501.45000000,69865.98000000,69408.88000000,69826.19000000,830.78197000
2026-03-12T08:00:00+00:00,BTC/USDT,1h,69826.19000000,70116.37000000,69698.33000000,69917.37000000,1246.32882000
2026-03-12T09:00:00+00:00,BTC/USDT,1h,69917.36000000,70400.00000000,69580.00000000,69952.51000000,1284.31562000
2026-03-12T10:00:00+00:00,BTC/USDT,1h,69952.51000000,70511.00000000,69856.00000000,70412.11000000,911.03902000
2026-03-12T11:00:00+00:00,BTC/USDT,1h,70412.10000000,70800.00000000,70367.97000000,70427.91000000,1207.70061000
2026-03-12T12:00:00+00:00,BTC/USDT,1h,70427.90000000,70617.66000000,70277.38000000,70381.80000000,847.51801000
2026-03-12T13:00:00+00:00,BTC/USDT,1h,70381.80000000,70534.65000000,69645.00000000,69972.15000000,1340.77540000
2026-03-12T14:00:00+00:00,BTC/USDT,1h,69972.20000000,70660.69000000,69355.34000000,69590.09000000,2130.67842000
2026-03-12T15:00:00+00:00,BTC/USDT,1h,69590.09000000,70565.43000000,69476.14000000,70334.88000000,1778.50463000
2026-03-12T16:00:00+00:00,BTC/USDT,1h,70334.89000000,70569.15000000,69905.71000000,70381.16000000,1271.41787000
2026-03-12T17:00:00+00:00,BTC/USDT,1h,70381.15000000,70547.19000000,70076.16000000,70212.06000000,843.93551000
2026-03-12T18:00:00+00:00,BTC/USDT,1h,70212.05000000,70303.51000000,69800.00000000,69819.64000000,742.85798000
2026-03-12T19:00:00+00:00,BTC/USDT,1h,69819.64000000,70548.81000000,69770.85000000,70432.32000000,757.84664000
2026-03-12T20:00:00+00:00,BTC/USDT,1h,70432.33000000,70555.20000000,70111.28000000,70164.49000000,618.18553000
2026-03-12T21:00:00+00:00,BTC/USDT,1h,70164.50000000,70470.00000000,70164.50000000,70268.55000000,355.90233000
2026-03-12T22:00:00+00:00,BTC/USDT,1h,70268.54000000,70305.26000000,70013.17000000,70175.64000000,467.42484000
2026-03-12T23:00:00+00:00,BTC/USDT,1h,70175.64000000,70734.25000000,70159.35000000,70541.34000000,894.58188000
2026-03-13T00:00:00+00:00,BTC/USDT,1h,70541.34000000,72000.00000000,70386.01000000,71475.61000000,2857.31114000
2026-03-13T01:00:00+00:00,BTC/USDT,1h,71475.60000000,71759.95000000,71283.99000000,71672.39000000,975.74666000
2026-03-13T02:00:00+00:00,BTC/USDT,1h,71672.38000000,71696.68000000,71045.52000000,71143.80000000,994.81538000
2026-03-13T03:00:00+00:00,BTC/USDT,1h,71143.80000000,71508.87000000,70964.43000000,71405.75000000,927.82134000
2026-03-13T04:00:00+00:00,BTC/USDT,1h,71405.76000000,71493.77000000,71214.01000000,71393.94000000,780.92498000
2026-03-13T05:00:00+00:00,BTC/USDT,1h,71393.93000000,71637.54000000,71242.02000000,71546.29000000,1178.90406000
2026-03-13T06:00:00+00:00,BTC/USDT,1h,71546.28000000,71593.22000000,71180.19000000,71342.00000000,1081.97604000
2026-03-13T07:00:00+00:00,BTC/USDT,1h,71342.00000000,71672.76000000,71236.08000000,71612.22000000,1139.83190000
2026-03-13T08:00:00+00:00,BTC/USDT,1h,71612.23000000,72142.85000000,71385.28000000,71821.02000000,1820.16796000
2026-03-13T09:00:00+00:00,BTC/USDT,1h,71821.01000000,72100.37000000,71589.81000000,72006.57000000,925.21442000
2026-03-13T10:00:00+00:00,BTC/USDT,1h,72006.56000000,72575.98000000,71995.53000000,72458.12000000,1635.35127000
2026-03-13T11:00:00+00:00,BTC/USDT,1h,72458.11000000,72526.12000000,72207.41000000,72228.82000000,724.41705000
2026-03-13T12:00:00+00:00,BTC/USDT,1h,72228.81000000,72884.68000000,72210.00000000,72784.73000000,1142.93241000
2026-03-13T13:00:00+00:00,BTC/USDT,1h,72784.73000000,73585.27000000,72684.88000000,73379.18000000,3297.40201000
2026-03-13T14:00:00+00:00,BTC/USDT,1h,73379.18000000,73913.74000000,72350.00000000,72382.72000000,4558.05031000
2026-03-13T15:00:00+00:00,BTC/USDT,1h,72382.72000000,72829.12000000,71736.34000000,71831.46000000,3305.45471000
2026-03-13T16:00:00+00:00,BTC/USDT,1h,71831.46000000,72100.00000000,71154.54000000,71885.57000000,2334.34610000
2026-03-13T17:00:00+00:00,BTC/USDT,1h,71885.56000000,72249.99000000,70914.09000000,71037.93000000,1889.70074000
2026-03-13T18:00:00+00:00,BTC/USDT,1h,71037.93000000,71350.94000000,70841.23000000,71055.45000000,738.18799000
2026-03-13T19:00:00+00:00,BTC/USDT,1h,71055.45000000,71309.94000000,71006.19000000,71189.95000000,507.07823000
2026-03-13T20:00:00+00:00,BTC/USDT,1h,71189.96000000,71469.53000000,71150.00000000,71346.84000000,554.47290000
2026-03-13T21:00:00+00:00,BTC/USDT,1h,71346.84000000,71491.03000000,71058.25000000,71104.65000000,650.14338000
2026-03-13T22:00:00+00:00,BTC/USDT,1h,71104.65000000,71189.26000000,70559.02000000,70814.00000000,863.33877000
2026-03-13T23:00:00+00:00,BTC/USDT,1h,70814.00000000,71005.30000000,70688.45000000,70930.00000000,1113.02703000
2026-03-14T00:00:00+00:00,BTC/USDT,1h,70930.01000000,70951.80000000,70555.00000000,70631.97000000,763.50434000
2026-03-14T01:00:00+00:00,BTC/USDT,1h,70631.96000000,70941.05000000,70481.70000000,70831.70000000,791.55133000
2026-03-14T02:00:00+00:00,BTC/USDT,1h,70831.70000000,70948.66000000,70735.21000000,70783.27000000,1013.67533000
2026-03-14T03:00:00+00:00,BTC/USDT,1h,70783.27000000,71185.23000000,70783.26000000,71081.30000000,944.72261000
2026-03-14T04:00:00+00:00,BTC/USDT,1h,71081.31000000,71307.92000000,71021.11000000,71039.58000000,707.08065000
2026-03-14T05:00:00+00:00,BTC/USDT,1h,71039.57000000,71151.30000000,70916.96000000,71013.75000000,759.34070000
2026-03-14T06:00:00+00:00,BTC/USDT,1h,71013.75000000,71013.75000000,70317.00000000,70622.08000000,712.17672000
2026-03-14T07:00:00+00:00,BTC/USDT,1h,70622.09000000,70743.88000000,70489.03000000,70596.68000000,750.98425000
2026-03-14T08:00:00+00:00,BTC/USDT,1h,70596.68000000,70710.76000000,70536.58000000,70585.63000000,461.44808000
2026-03-14T09:00:00+00:00,BTC/USDT,1h,70585.64000000,70728.07000000,70400.00000000,70501.16000000,893.97396000
2026-03-14T10:00:00+00:00,BTC/USDT,1h,70501.16000000,70575.10000000,70389.08000000,70570.44000000,624.35522000
2026-03-14T11:00:00+00:00,BTC/USDT,1h,70570.44000000,70784.38000000,70562.66000000,70751.42000000,515.18098000
2026-03-14T12:00:00+00:00,BTC/USDT,1h,70751.42000000,70835.48000000,70616.44000000,70780.59000000,472.56223000
2026-03-14T13:00:00+00:00,BTC/USDT,1h,70780.59000000,70930.56000000,70711.54000000,70847.35000000,886.49950000
2026-03-14T14:00:00+00:00,BTC/USDT,1h,70847.34000000,70941.17000000,70578.76000000,70599.22000000,329.16955000
2026-03-14T15:00:00+00:00,BTC/USDT,1h,70599.23000000,70728.59000000,70501.00000000,70580.09000000,849.34654000
2026-03-14T16:00:00+00:00,BTC/USDT,1h,70580.09000000,70709.40000000,70500.00000000,70672.53000000,379.28346000
2026-03-14T17:00:00+00:00,BTC/USDT,1h,70672.52000000,70733.02000000,70590.00000000,70617.01000000,134.37087000
2026-03-14T18:00:00+00:00,BTC/USDT,1h,70617.01000000,70708.88000000,70559.35000000,70668.23000000,95.80359000
2026-03-14T19:00:00+00:00,BTC/USDT,1h,70668.23000000,70740.34000000,70595.14000000,70700.00000000,77.47303000
2026-03-14T20:00:00+00:00,BTC/USDT,1h,70699.99000000,70856.40000000,70650.09000000,70805.71000000,114.01852000
2026-03-14T21:00:00+00:00,BTC/USDT,1h,70805.71000000,70825.04000000,70661.06000000,70799.99000000,113.91325000
2026-03-14T22:00:00+00:00,BTC/USDT,1h,70799.99000000,70805.15000000,70695.29000000,70710.91000000,89.24315000
2026-03-14T23:00:00+00:00,BTC/USDT,1h,70710.90000000,71253.17000000,70710.90000000,71211.95000000,537.56951000
2026-03-15T00:00:00+00:00,BTC/USDT,1h,71211.95000000,71220.74000000,70967.59000000,70985.28000000,576.24004000
2026-03-15T01:00:00+00:00,BTC/USDT,1h,70985.29000000,71037.41000000,70858.82000000,70985.83000000,340.54476000
2026-03-15T02:00:00+00:00,BTC/USDT,1h,70985.84000000,71634.08000000,70985.84000000,71450.53000000,895.09143000
2026-03-15T03:00:00+00:00,BTC/USDT,1h,71450.54000000,71538.03000000,71240.68000000,71363.14000000,779.68802000
2026-03-15T04:00:00+00:00,BTC/USDT,1h,71363.13000000,71661.55000000,71330.66000000,71606.32000000,779.77883000
2026-03-15T05:00:00+00:00,BTC/USDT,1h,71606.31000000,71800.68000000,71476.00000000,71489.68000000,792.96245000
2026-03-15T06:00:00+00:00,BTC/USDT,1h,71489.67000000,71595.43000000,71373.75000000,71458.41000000,528.89919000
2026-03-15T07:00:00+00:00,BTC/USDT,1h,71458.41000000,71658.44000000,71411.88000000,71453.59000000,276.05348000
2026-03-15T08:00:00+00:00,BTC/USDT,1h,71453.59000000,71736.72000000,71453.59000000,71717.50000000,551.40345000
2026-03-15T09:00:00+00:00,BTC/USDT,1h,71717.50000000,71940.49000000,71713.90000000,71791.10000000,640.93656000
2026-03-15T10:00:00+00:00,BTC/USDT,1h,71791.11000000,71919.19000000,71714.37000000,71783.09000000,525.01350000
2026-03-15T11:00:00+00:00,BTC/USDT,1h,71783.10000000,71888.00000000,71659.71000000,71839.42000000,452.79199000
2026-03-15T12:00:00+00:00,BTC/USDT,1h,71839.41000000,71839.42000000,71560.21000000,71610.33000000,324.76249000
2026-03-15T13:00:00+00:00,BTC/USDT,1h,71610.33000000,71679.81000000,71263.99000000,71607.54000000,1108.48189000
2026-03-15T14:00:00+00:00,BTC/USDT,1h,71607.54000000,71635.56000000,71341.68000000,71622.03000000,452.09243000
2026-03-15T15:00:00+00:00,BTC/USDT,1h,71622.04000000,71626.00000000,71410.00000000,71481.24000000,210.01259000
2026-03-15T16:00:00+00:00,BTC/USDT,1h,71481.24000000,71586.75000000,71320.08000000,71437.35000000,302.61771000
2026-03-15T17:00:00+00:00,BTC/USDT,1h,71437.35000000,71989.93000000,71409.74000000,71819.95000000,365.80062000
2026-03-15T18:00:00+00:00,BTC/USDT,1h,71819.96000000,71885.55000000,71321.87000000,71390.53000000,321.10675000
2026-03-15T19:00:00+00:00,BTC/USDT,1h,71390.53000000,71582.83000000,71338.67000000,71549.94000000,251.59972000
2026-03-15T20:00:00+00:00,BTC/USDT,1h,71549.94000000,71930.00000000,71433.75000000,71730.81000000,236.54566000
2026-03-15T21:00:00+00:00,BTC/USDT,1h,71730.81000000,72222.00000000,71629.99000000,72109.58000000,459.80342000
2026-03-15T22:00:00+00:00,BTC/USDT,1h,72109.59000000,73081.77000000,71725.74000000,72749.44000000,1471.44945000
2026-03-15T23:00:00+00:00,BTC/USDT,1h,72749.45000000,73199.00000000,72420.44000000,72815.24000000,1393.63061000
2026-03-16T00:00:00+00:00,BTC/USDT,1h,72815.25000000,73008.94000000,72452.26000000,72531.26000000,685.43450000
2026-03-16T01:00:00+00:00,BTC/USDT,1h,72531.27000000,72852.28000000,72270.41000000,72752.90000000,715.87613000
2026-03-16T02:00:00+00:00,BTC/USDT,1h,72752.90000000,72852.28000000,72368.08000000,72514.69000000,487.11967000
2026-03-16T03:00:00+00:00,BTC/USDT,1h,72514.69000000,74330.34000000,72436.02000000,73573.32000000,3424.72669000
2026-03-16T04:00:00+00:00,BTC/USDT,1h,73573.31000000,74451.03000000,73573.31000000,73835.62000000,1907.76761000
2026-03-16T05:00:00+00:00,BTC/USDT,1h,73835.62000000,74258.07000000,73720.00000000,74207.49000000,1421.12171000
2026-03-16T06:00:00+00:00,BTC/USDT,1h,74207.49000000,74207.50000000,73610.00000000,73714.36000000,1229.39836000
2026-03-16T07:00:00+00:00,BTC/USDT,1h,73714.36000000,73924.83000000,73385.18000000,73456.68000000,958.93738000
2026-03-16T08:00:00+00:00,BTC/USDT,1h,73456.69000000,73776.13000000,72888.80000000,73135.00000000,1562.06854000
2026-03-16T09:00:00+00:00,BTC/USDT,1h,73135.00000000,73331.88000000,73057.25000000,73260.92000000,531.72090000
2026-03-16T10:00:00+00:00,BTC/USDT,1h,73260.92000000,73783.42000000,73202.89000000,73783.42000000,1038.45265000
2026-03-16T11:00:00+00:00,BTC/USDT,1h,73783.42000000,73838.76000000,73515.33000000,73552.77000000,680.69185000
2026-03-16T12:00:00+00:00,BTC/USDT,1h,73552.78000000,74044.00000000,73465.46000000,73864.80000000,921.55759000
2026-03-16T13:00:00+00:00,BTC/USDT,1h,73864.81000000,74509.52000000,73787.00000000,74109.55000000,1593.51066000
2026-03-16T14:00:00+00:00,BTC/USDT,1h,74109.56000000,74460.19000000,72990.52000000,73565.54000000,2204.69587000
2026-03-16T15:00:00+00:00,BTC/USDT,1h,73565.54000000,74030.00000000,73186.50000000,73274.76000000,1024.65577000
2026-03-16T16:00:00+00:00,BTC/USDT,1h,73274.75000000,73901.95000000,73160.66000000,73760.63000000,1016.72181000
2026-03-16T17:00:00+00:00,BTC/USDT,1h,73760.63000000,74065.70000000,73648.70000000,73943.18000000,906.04408000
2026-03-16T18:00:00+00:00,BTC/USDT,1h,73943.17000000,74356.32000000,73860.00000000,73913.60000000,1086.95746000
2026-03-16T19:00:00+00:00,BTC/USDT,1h,73913.60000000,74418.60000000,73781.54000000,73963.00000000,1122.08511000
2026-03-16T20:00:00+00:00,BTC/USDT,1h,73963.00000000,74248.95000000,73863.20000000,74236.90000000,424.59345000
2026-03-16T21:00:00+00:00,BTC/USDT,1h,74236.90000000,74799.00000000,74150.00000000,74401.36000000,1246.95221000
2026-03-16T22:00:00+00:00,BTC/USDT,1h,74401.35000000,74899.99000000,74378.43000000,74772.66000000,1058.73068000
2026-03-16T23:00:00+00:00,BTC/USDT,1h,74773.56000000,74909.08000000,74250.21000000,74884.67000000,1159.70951000
2026-03-17T00:00:00+00:00,BTC/USDT,1h,74884.67000000,75520.23000000,74614.18000000,75318.48000000,2173.53670000
2026-03-17T01:00:00+00:00,BTC/USDT,1h,75318.48000000,76000.00000000,75074.37000000,75623.91000000,1953.08873000
2026-03-17T02:00:00+00:00,BTC/USDT,1h,75623.91000000,75677.66000000,75114.67000000,75198.02000000,1068.24779000
2026-03-17T03:00:00+00:00,BTC/USDT,1h,75198.02000000,75326.15000000,74268.73000000,74463.98000000,1730.33731000
2026-03-17T04:00:00+00:00,BTC/USDT,1h,74463.98000000,74712.89000000,73980.16000000,74252.01000000,2017.11887000
2026-03-17T05:00:00+00:00,BTC/USDT,1h,74252.00000000,74459.99000000,73784.00000000,74036.74000000,1250.81696000
2026-03-17T06:00:00+00:00,BTC/USDT,1h,74036.74000000,74276.66000000,73877.56000000,74085.45000000,879.74749000
2026-03-17T07:00:00+00:00,BTC/USDT,1h,74085.46000000,74457.72000000,74066.40000000,74249.32000000,771.24200000
2026-03-17T08:00:00+00:00,BTC/USDT,1h,74249.32000000,74452.97000000,74108.01000000,74188.38000000,461.65295000
2026-03-17T09:00:00+00:00,BTC/USDT,1h,74188.38000000,74406.03000000,73841.62000000,73937.16000000,864.16263000
2026-03-17T10:00:00+00:00,BTC/USDT,1h,73937.16000000,73960.74000000,73560.98000000,73729.45000000,1049.06910000
2026-03-17T11:00:00+00:00,BTC/USDT,1h,73729.45000000,74224.16000000,73682.01000000,74033.11000000,647.95804000
2026-03-17T12:00:00+00:00,BTC/USDT,1h,74033.10000000,74170.55000000,73672.25000000,73739.74000000,614.23436000
2026-03-17T13:00:00+00:00,BTC/USDT,1h,73739.74000000,74167.39000000,73399.19000000,73615.48000000,1159.88444000
2026-03-17T14:00:00+00:00,BTC/USDT,1h,73615.49000000,74425.31000000,73424.79000000,74381.70000000,1362.71508000
2026-03-17T15:00:00+00:00,BTC/USDT,1h,74381.69000000,74893.94000000,73669.91000000,73914.39000000,1370.72331000
2026-03-17T16:00:00+00:00,BTC/USDT,1h,73914.40000000,74350.00000000,73855.24000000,74155.69000000,747.87279000
2026-03-17T17:00:00+00:00,BTC/USDT,1h,74155.68000000,74594.00000000,74006.58000000,74523.75000000,826.10844000
2026-03-17T18:00:00+00:00,BTC/USDT,1h,74523.76000000,74769.17000000,74386.11000000,74683.04000000,707.46038000
2026-03-17T19:00:00+00:00,BTC/USDT,1h,74683.04000000,74800.00000000,74427.25000000,74512.17000000,768.60522000
2026-03-17T20:00:00+00:00,BTC/USDT,1h,74511.21000000,74685.50000000,74359.87000000,74506.75000000,466.76372000
2026-03-17T21:00:00+00:00,BTC/USDT,1h,74506.75000000,74799.00000000,74450.01000000,74685.42000000,618.20101000
2026-03-17T22:00:00+00:00,BTC/USDT,1h,74685.42000000,74772.14000000,73934.00000000,74307.08000000,488.30847000
2026-03-17T23:00:00+00:00,BTC/USDT,1h,74307.08000000,74398.74000000,73871.74000000,73909.36000000,523.41057000
2026-03-18T00:00:00+00:00,BTC/USDT,1h,73909.37000000,74063.22000000,73535.36000000,73867.88000000,673.31061000
2026-03-18T01:00:00+00:00,BTC/USDT,1h,73867.88000000,74211.43000000,73820.69000000,74072.30000000,537.72886000
2026-03-18T02:00:00+00:00,BTC/USDT,1h,74072.30000000,74476.00000000,74051.78000000,74338.93000000,549.53806000
2026-03-18T03:00:00+00:00,BTC/USDT,1h,74338.93000000,74672.34000000,74250.27000000,74446.14000000,459.80928000
2026-03-18T04:00:00+00:00,BTC/USDT,1h,74446.14000000,74486.30000000,74137.02000000,74175.49000000,472.35206000
2026-03-18T05:00:00+00:00,BTC/USDT,1h,74175.48000000,74312.11000000,73830.76000000,73950.00000000,662.80056000
2026-03-18T06:00:00+00:00,BTC/USDT,1h,73950.01000000,74225.82000000,73938.10000000,73954.03000000,652.79254000
2026-03-18T07:00:00+00:00,BTC/USDT,1h,73954.03000000,73997.04000000,73700.01000000,73883.80000000,504.72370000
2026-03-18T08:00:00+00:00,BTC/USDT,1h,73883.80000000,74130.02000000,73863.31000000,74044.89000000,735.50464000
2026-03-18T09:00:00+00:00,BTC/USDT,1h,74044.90000000,74281.33000000,74042.85000000,74181.08000000,347.16358000
2026-03-18T10:00:00+00:00,BTC/USDT,1h,74181.08000000,74267.77000000,73816.26000000,73946.35000000,478.90858000
2026-03-18T11:00:00+00:00,BTC/USDT,1h,73946.35000000,74074.84000000,72800.00000000,72952.85000000,1877.69179000
2026-03-18T12:00:00+00:00,BTC/USDT,1h,72952.85000000,72981.79000000,72271.11000000,72361.24000000,1819.95371000
2026-03-18T13:00:00+00:00,BTC/USDT,1h,72361.13000000,72556.81000000,71980.00000000,72133.49000000,1607.02731000
2026-03-18T14:00:00+00:00,BTC/USDT,1h,72133.48000000,72222.45000000,71100.00000000,71193.23000000,2385.98822000
2026-03-18T15:00:00+00:00,BTC/USDT,1h,71193.23000000,71531.54000000,70857.21000000,71467.82000000,2560.23665000
2026-03-18T16:00:00+00:00,BTC/USDT,1h,71467.82000000,71565.78000000,71037.34000000,71314.08000000,967.21409000
2026-03-18T17:00:00+00:00,BTC/USDT,1h,71314.07000000,71750.00000000,71199.87000000,71595.21000000,1025.99840000
2026-03-18T18:00:00+00:00,BTC/USDT,1h,71595.21000000,72000.50000000,70947.78000000,71096.74000000,1475.11719000
2026-03-18T19:00:00+00:00,BTC/USDT,1h,71096.75000000,71486.14000000,70933.85000000,71072.38000000,867.91916000
2026-03-18T20:00:00+00:00,BTC/USDT,1h,71072.38000000,71333.33000000,70500.00000000,71214.67000000,1180.62213000
2026-03-18T21:00:00+00:00,BTC/USDT,1h,71214.67000000,71451.22000000,71167.15000000,71263.67000000,338.26453000
2026-03-18T22:00:00+00:00,BTC/USDT,1h,71263.67000000,71269.02000000,70944.56000000,71153.66000000,520.94837000
2026-03-18T23:00:00+00:00,BTC/USDT,1h,71153.67000000,71365.40000000,71069.69000000,71246.54000000,691.26691000
2026-03-19T00:00:00+00:00,BTC/USDT,1h,71246.55000000,71321.81000000,70976.69000000,71002.17000000,887.95607000
2026-03-19T01:00:00+00:00,BTC/USDT,1h,71002.18000000,71182.44000000,70951.93000000,71115.23000000,391.40796000
2026-03-19T02:00:00+00:00,BTC/USDT,1h,71115.24000000,71252.83000000,70902.37000000,71055.44000000,554.97617000
2026-03-19T03:00:00+00:00,BTC/USDT,1h,71055.44000000,71613.79000000,71053.33000000,71215.39000000,593.60943000
2026-03-19T04:00:00+00:00,BTC/USDT,1h,71215.39000000,71215.39000000,70654.86000000,70822.07000000,702.86032000
2026-03-19T05:00:00+00:00,BTC/USDT,1h,70822.06000000,70909.88000000,70661.56000000,70826.54000000,416.16191000
2026-03-19T06:00:00+00:00,BTC/USDT,1h,70826.55000000,70979.99000000,70505.00000000,70583.22000000,619.85140000
2026-03-19T07:00:00+00:00,BTC/USDT,1h,70583.22000000,70600.04000000,69478.51000000,70191.17000000,2753.95570000
2026-03-19T08:00:00+00:00,BTC/USDT,1h,70191.16000000,70300.00000000,69900.00000000,69985.19000000,1015.64209000
2026-03-19T09:00:00+00:00,BTC/USDT,1h,69985.19000000,70560.91000000,69971.99000000,70513.00000000,1262.65596000
2026-03-19T10:00:00+00:00,BTC/USDT,1h,70513.00000000,70538.74000000,70117.00000000,70133.72000000,613.17552000
2026-03-19T11:00:00+00:00,BTC/USDT,1h,70133.73000000,70259.37000000,69909.09000000,69952.75000000,542.70053000
2026-03-19T12:00:00+00:00,BTC/USDT,1h,69952.75000000,69952.76000000,69105.49000000,69290.27000000,1452.42038000
2026-03-19T13:00:00+00:00,BTC/USDT,1h,69290.28000000,70084.35000000,69081.51000000,69905.65000000,1720.19325000
2026-03-19T14:00:00+00:00,BTC/USDT,1h,69905.65000000,70179.53000000,69096.16000000,69482.25000000,1636.49639000
2026-03-19T15:00:00+00:00,BTC/USDT,1h,69482.24000000,69917.87000000,68793.35000000,69412.51000000,1898.28931000
2026-03-19T16:00:00+00:00,BTC/USDT,1h,69412.52000000,69642.35000000,69177.19000000,69455.86000000,858.32753000
2026-03-19T17:00:00+00:00,BTC/USDT,1h,69455.86000000,69954.18000000,69122.03000000,69854.16000000,759.67868000
2026-03-19T18:00:00+00:00,BTC/USDT,1h,69854.15000000,69931.10000000,69581.55000000,69821.21000000,442.61763000
2026-03-19T19:00:00+00:00,BTC/USDT,1h,69821.21000000,70596.42000000,69805.33000000,70271.99000000,1190.55299000
2026-03-19T20:00:00+00:00,BTC/USDT,1h,70272.00000000,70676.00000000,70201.00000000,70483.03000000,488.71031000
2026-03-19T21:00:00+00:00,BTC/USDT,1h,70483.03000000,70695.60000000,70371.19000000,70413.47000000,418.78383000
2026-03-19T22:00:00+00:00,BTC/USDT,1h,70413.46000000,70501.89000000,69954.05000000,70183.99000000,551.74820000
2026-03-19T23:00:00+00:00,BTC/USDT,1h,70184.00000000,70282.47000000,69718.23000000,69930.00000000,592.04663000
2026-03-20T00:00:00+00:00,BTC/USDT,1h,69930.01000000,70311.12000000,69837.10000000,70181.00000000,871.72419000
2026-03-20T01:00:00+00:00,BTC/USDT,1h,70181.00000000,70588.50000000,70181.00000000,70403.79000000,526.82154000
2026-03-20T02:00:00+00:00,BTC/USDT,1h,70403.80000000,70516.16000000,70086.86000000,70415.47000000,312.91426000
2026-03-20T03:00:00+00:00,BTC/USDT,1h,70415.48000000,70809.43000000,70388.00000000,70729.92000000,711.57589000
2026-03-20T04:00:00+00:00,BTC/USDT,1h,70729.93000000,70969.71000000,70557.91000000,70783.69000000,546.53749000
2026-03-20T05:00:00+00:00,BTC/USDT,1h,70783.70000000,70867.44000000,70521.73000000,70606.24000000,367.69531000
2026-03-20T06:00:00+00:00,BTC/USDT,1h,70606.23000000,70646.93000000,70346.49000000,70502.90000000,758.81391000
2026-03-20T07:00:00+00:00,BTC/USDT,1h,70502.91000000,70939.58000000,70160.06000000,70854.66000000,936.89906000
2026-03-20T08:00:00+00:00,BTC/USDT,1h,70854.66000000,71367.00000000,70800.00000000,71042.23000000,1011.96314000
2026-03-20T09:00:00+00:00,BTC/USDT,1h,71042.23000000,71042.23000000,70419.65000000,70583.80000000,885.49116000
2026-03-20T10:00:00+00:00,BTC/USDT,1h,70583.81000000,70670.43000000,70218.68000000,70611.68000000,609.11713000
2026-03-20T11:00:00+00:00,BTC/USDT,1h,70611.68000000,70810.81000000,70303.36000000,70478.71000000,605.56445000
2026-03-20T12:00:00+00:00,BTC/USDT,1h,70478.71000000,70685.63000000,70251.00000000,70342.63000000,613.27107000
2026-03-20T13:00:00+00:00,BTC/USDT,1h,70342.63000000,70613.75000000,69795.70000000,69863.84000000,1225.89394000
2026-03-20T14:00:00+00:00,BTC/USDT,1h,69863.85000000,70268.66000000,69589.38000000,69731.21000000,1679.84994000
2026-03-20T15:00:00+00:00,BTC/USDT,1h,69731.20000000,70002.68000000,69480.00000000,69860.09000000,1196.90076000
2026-03-20T16:00:00+00:00,BTC/USDT,1h,69860.09000000,70100.00000000,69608.54000000,69829.26000000,922.25773000
2026-03-20T17:00:00+00:00,BTC/USDT,1h,69829.27000000,70039.78000000,69388.00000000,70000.00000000,998.84797000
2026-03-20T18:00:00+00:00,BTC/USDT,1h,69999.99000000,70071.81000000,69525.33000000,69770.00000000,630.47960000
2026-03-20T19:00:00+00:00,BTC/USDT,1h,69770.01000000,70190.18000000,69673.76000000,70177.86000000,528.39593000
2026-03-20T20:00:00+00:00,BTC/USDT,1h,70177.85000000,70259.28000000,69754.71000000,70057.66000000,435.39665000
2026-03-20T21:00:00+00:00,BTC/USDT,1h,70057.66000000,70726.13000000,69946.65000000,70540.73000000,780.46042000
2026-03-20T22:00:00+00:00,BTC/USDT,1h,70540.72000000,70923.75000000,70532.00000000,70767.85000000,591.69583000
2026-03-20T23:00:00+00:00,BTC/USDT,1h,70767.85000000,70771.13000000,70430.00000000,70510.73000000,372.60008000
2026-03-21T00:00:00+00:00,BTC/USDT,1h,70510.73000000,70826.00000000,70467.36000000,70682.19000000,274.67077000
2026-03-21T01:00:00+00:00,BTC/USDT,1h,70682.20000000,70758.50000000,70445.36000000,70464.59000000,375.95226000
2026-03-21T02:00:00+00:00,BTC/USDT,1h,70464.60000000,70785.90000000,70431.67000000,70737.60000000,316.88084000
2026-03-21T03:00:00+00:00,BTC/USDT,1h,70737.60000000,70784.07000000,70632.39000000,70657.35000000,226.82019000
2026-03-21T04:00:00+00:00,BTC/USDT,1h,70657.35000000,70819.00000000,70617.05000000,70642.13000000,487.10407000
2026-03-21T05:00:00+00:00,BTC/USDT,1h,70642.14000000,70834.46000000,70635.10000000,70697.94000000,941.44912000
2026-03-21T06:00:00+00:00,BTC/USDT,1h,70697.94000000,70831.14000000,70693.06000000,70774.65000000,857.26608000
2026-03-21T07:00:00+00:00,BTC/USDT,1h,70773.55000000,70879.76000000,70677.44000000,70727.33000000,431.42703000
2026-03-21T08:00:00+00:00,BTC/USDT,1h,70727.33000000,70753.79000000,70492.02000000,70594.43000000,956.10118000
2026-03-21T09:00:00+00:00,BTC/USDT,1h,70594.42000000,70735.36000000,70570.40000000,70661.59000000,204.69969000
2026-03-21T10:00:00+00:00,BTC/USDT,1h,70661.59000000,70695.32000000,70559.69000000,70605.64000000,524.32782000
2026-03-21T11:00:00+00:00,BTC/USDT,1h,70605.64000000,70652.73000000,70567.79000000,70652.72000000,360.21459000
2026-03-21T12:00:00+00:00,BTC/USDT,1h,70652.73000000,70800.00000000,70652.73000000,70722.61000000,199.41863000
2026-03-21T13:00:00+00:00,BTC/USDT,1h,70722.61000000,70812.74000000,70707.12000000,70740.18000000,171.54370000
2026-03-21T14:00:00+00:00,BTC/USDT,1h,70740.18000000,71100.94000000,70592.53000000,70629.10000000,873.72717000
2026-03-21T15:00:00+00:00,BTC/USDT,1h,70629.09000000,70760.00000000,70453.09000000,70630.02000000,399.45062000
2026-03-21T16:00:00+00:00,BTC/USDT,1h,70630.02000000,70652.64000000,70251.00000000,70301.66000000,435.70425000
2026-03-21T17:00:00+00:00,BTC/USDT,1h,70301.66000000,70426.18000000,70210.00000000,70304.08000000,444.64800000
2026-03-21T18:00:00+00:00,BTC/USDT,1h,70303.45000000,70534.38000000,70290.48000000,70389.19000000,200.58580000
2026-03-21T19:00:00+00:00,BTC/USDT,1h,70389.18000000,70448.79000000,70324.70000000,70396.00000000,140.45698000
2026-03-21T20:00:00+00:00,BTC/USDT,1h,70396.01000000,70508.11000000,70358.90000000,70462.28000000,697.39549000
2026-03-21T21:00:00+00:00,BTC/USDT,1h,70462.27000000,70516.82000000,70268.06000000,70345.57000000,629.83259000
2026-03-21T22:00:00+00:00,BTC/USDT,1h,70345.57000000,70384.95000000,70265.55000000,70277.22000000,737.88495000
2026-03-21T23:00:00+00:00,BTC/USDT,1h,70277.21000000,70293.82000000,68571.42000000,68918.12000000,2509.60568000
2026-03-22T00:00:00+00:00,BTC/USDT,1h,68918.12000000,69155.86000000,68228.50000000,68954.71000000,2161.16442000
2026-03-22T01:00:00+00:00,BTC/USDT,1h,68954.70000000,69100.00000000,68762.31000000,68962.40000000,809.55651000
2026-03-22T02:00:00+00:00,BTC/USDT,1h,68962.40000000,69411.10000000,68951.21000000,69278.12000000,506.62838000
2026-03-22T03:00:00+00:00,BTC/USDT,1h,69278.12000000,69588.79000000,69123.13000000,69339.99000000,671.14040000
2026-03-22T04:00:00+00:00,BTC/USDT,1h,69340.00000000,69526.85000000,69215.89000000,69358.00000000,626.75701000
2026-03-22T05:00:00+00:00,BTC/USDT,1h,69358.00000000,69358.00000000,69150.00000000,69153.41000000,322.14134000
2026-03-22T06:00:00+00:00,BTC/USDT,1h,69153.41000000,69245.79000000,69059.87000000,69164.06000000,378.08519000
2026-03-22T07:00:00+00:00,BTC/USDT,1h,69164.06000000,69250.08000000,68892.93000000,68919.38000000,432.94301000
2026-03-22T08:00:00+00:00,BTC/USDT,1h,68919.37000000,68990.67000000,68523.96000000,68804.77000000,1053.77702000
2026-03-22T09:00:00+00:00,BTC/USDT,1h,68804.77000000,68901.65000000,68587.78000000,68826.20000000,383.82763000
2026-03-22T10:00:00+00:00,BTC/USDT,1h,68826.21000000,68847.83000000,68584.27000000,68648.17000000,360.03346000
2026-03-22T11:00:00+00:00,BTC/USDT,1h,68648.16000000,68691.03000000,68110.55000000,68217.95000000,784.43160000
2026-03-22T12:00:00+00:00,BTC/USDT,1h,68217.94000000,68763.18000000,68199.04000000,68654.83000000,484.24300000
2026-03-22T13:00:00+00:00,BTC/USDT,1h,68654.83000000,68957.24000000,68548.32000000,68700.02000000,548.07349000
2026-03-22T14:00:00+00:00,BTC/USDT,1h,68700.02000000,68915.27000000,68542.10000000,68711.66000000,385.54476000
2026-03-22T15:00:00+00:00,BTC/USDT,1h,68711.66000000,69005.71000000,68700.00000000,68847.96000000,391.17296000
2026-03-22T16:00:00+00:00,BTC/USDT,1h,68847.97000000,68885.53000000,68665.62000000,68805.58000000,258.25035000
2026-03-22T17:00:00+00:00,BTC/USDT,1h,68805.58000000,68848.32000000,68665.34000000,68673.02000000,252.16281000
2026-03-22T18:00:00+00:00,BTC/USDT,1h,68672.85000000,68743.18000000,68344.57000000,68618.58000000,340.01718000
2026-03-22T19:00:00+00:00,BTC/USDT,1h,68618.57000000,68626.07000000,68145.01000000,68199.93000000,472.99305000
2026-03-22T20:00:00+00:00,BTC/USDT,1h,68199.93000000,68498.40000000,68080.00000000,68176.46000000,319.53245000
2026-03-22T21:00:00+00:00,BTC/USDT,1h,68176.47000000,68228.71000000,67360.66000000,67899.97000000,1535.47353000
2026-03-22T22:00:00+00:00,BTC/USDT,1h,67899.97000000,68396.94000000,67571.67000000,68339.37000000,856.56100000
2026-03-22T23:00:00+00:00,BTC/USDT,1h,68339.38000000,68474.00000000,67839.99000000,67859.00000000,509.27627000
2026-03-23T00:00:00+00:00,BTC/USDT,1h,67859.00000000,68161.41000000,67445.18000000,67669.99000000,823.69218000
2026-03-23T01:00:00+00:00,BTC/USDT,1h,67670.00000000,68157.31000000,67536.01000000,67905.00000000,628.21786000
2026-03-23T02:00:00+00:00,BTC/USDT,1h,67905.00000000,68400.00000000,67801.67000000,68320.72000000,627.90507000
2026-03-23T03:00:00+00:00,BTC/USDT,1h,68320.72000000,68585.12000000,68059.88000000,68074.60000000,415.80047000
2026-03-23T04:00:00+00:00,BTC/USDT,1h,68074.60000000,68550.00000000,68057.56000000,68541.00000000,486.61149000
2026-03-23T05:00:00+00:00,BTC/USDT,1h,68541.00000000,68915.40000000,68541.00000000,68899.92000000,1162.54953000
2026-03-23T06:00:00+00:00,BTC/USDT,1h,68899.92000000,68904.42000000,67698.86000000,67874.19000000,1218.88217000
2026-03-23T07:00:00+00:00,BTC/USDT,1h,67874.20000000,68464.42000000,67502.48000000,68333.16000000,1946.35809000
2026-03-23T08:00:00+00:00,BTC/USDT,1h,68333.16000000,68696.91000000,68328.55000000,68434.26000000,1238.43118000
2026-03-23T09:00:00+00:00,BTC/USDT,1h,68434.27000000,68471.11000000,67916.14000000,68334.01000000,382.31585000
2026-03-23T10:00:00+00:00,BTC/USDT,1h,68334.01000000,68714.28000000,68299.82000000,68551.02000000,494.85509000
2026-03-23T11:00:00+00:00,BTC/USDT,1h,68551.02000000,71499.00000000,68544.15000000,70122.15000000,7050.35572000
2026-03-23T12:00:00+00:00,BTC/USDT,1h,70122.15000000,70877.35000000,69671.95000000,70752.15000000,1915.66623000
2026-03-23T13:00:00+00:00,BTC/USDT,1h,70752.14000000,71587.98000000,70600.00000000,71481.13000000,1712.52184000
2026-03-23T14:00:00+00:00,BTC/USDT,1h,71481.13000000,71817.09000000,71127.14000000,71446.46000000,1663.17727000
2026-03-23T15:00:00+00:00,BTC/USDT,1h,71446.46000000,71660.01000000,70103.21000000,70131.48000000,2051.70929000
2026-03-23T16:00:00+00:00,BTC/USDT,1h,70131.48000000,70753.43000000,70131.47000000,70561.54000000,1367.86918000
2026-03-23T17:00:00+00:00,BTC/USDT,1h,70561.54000000,71119.09000000,70363.63000000,71085.16000000,673.70407000
2026-03-23T18:00:00+00:00,BTC/USDT,1h,71085.16000000,71195.21000000,70879.85000000,71076.22000000,593.89042000
2026-03-23T19:00:00+00:00,BTC/USDT,1h,71076.22000000,71246.01000000,70649.40000000,70679.05000000,615.85820000
2026-03-23T20:00:00+00:00,BTC/USDT,1h,70679.04000000,70983.33000000,70559.03000000,70915.59000000,394.04509000
2026-03-23T21:00:00+00:00,BTC/USDT,1h,70915.59000000,70998.00000000,70827.66000000,70851.35000000,222.54858000
2026-03-23T22:00:00+00:00,BTC/USDT,1h,70851.36000000,70896.76000000,70520.22000000,70780.22000000,279.98300000
2026-03-23T23:00:00+00:00,BTC/USDT,1h,70780.22000000,70998.00000000,70404.39000000,70906.45000000,368.14332000
2026-03-24T00:00:00+00:00,BTC/USDT,1h,70906.45000000,71099.96000000,70423.36000000,70679.20000000,735.82970000
2026-03-24T01:00:00+00:00,BTC/USDT,1h,70679.20000000,70891.53000000,70278.46000000,70516.57000000,730.30371000
2026-03-24T02:00:00+00:00,BTC/USDT,1h,70516.57000000,70698.00000000,70369.46000000,70453.37000000,431.98798000
2026-03-24T03:00:00+00:00,BTC/USDT,1h,70453.38000000,70583.36000000,70404.54000000,70542.90000000,380.97532000
2026-03-24T04:00:00+00:00,BTC/USDT,1h,70542.90000000,70741.64000000,70247.91000000,70372.44000000,474.91642000
2026-03-24T05:00:00+00:00,BTC/USDT,1h,70372.45000000,70374.38000000,70119.06000000,70283.85000000,641.69358000
2026-03-24T06:00:00+00:00,BTC/USDT,1h,70283.84000000,70572.83000000,70253.23000000,70541.38000000,850.05748000
2026-03-24T07:00:00+00:00,BTC/USDT,1h,70541.39000000,71400.00000000,70488.00000000,71291.70000000,1722.67702000
2026-03-24T08:00:00+00:00,BTC/USDT,1h,71291.70000000,71349.10000000,70850.11000000,70964.15000000,725.27631000
2026-03-24T09:00:00+00:00,BTC/USDT,1h,70964.16000000,71368.61000000,70851.77000000,71316.97000000,511.50447000
2026-03-24T10:00:00+00:00,BTC/USDT,1h,71316.98000000,71328.59000000,71078.09000000,71272.87000000,680.81546000
2026-03-24T11:00:00+00:00,BTC/USDT,1h,71272.87000000,71327.26000000,70964.94000000,71157.77000000,560.33228000
2026-03-24T12:00:00+00:00,BTC/USDT,1h,71157.77000000,71177.66000000,70860.18000000,70956.48000000,460.81810000
2026-03-24T13:00:00+00:00,BTC/USDT,1h,70956.48000000,71059.59000000,69968.02000000,70100.46000000,1729.62355000
2026-03-24T14:00:00+00:00,BTC/USDT,1h,70100.46000000,70462.91000000,69507.34000000,69869.93000000,1973.02189000
2026-03-24T15:00:00+00:00,BTC/USDT,1h,69869.93000000,70255.37000000,69770.85000000,69873.04000000,1419.67177000
2026-03-24T16:00:00+00:00,BTC/USDT,1h,69873.04000000,70001.92000000,69340.08000000,69476.87000000,889.76128000
2026-03-24T17:00:00+00:00,BTC/USDT,1h,69476.88000000,69512.73000000,68923.07000000,69238.43000000,1294.24297000
2026-03-24T18:00:00+00:00,BTC/USDT,1h,69238.44000000,69746.40000000,69168.64000000,69430.24000000,808.06583000
2026-03-24T19:00:00+00:00,BTC/USDT,1h,69430.25000000,69700.00000000,69277.04000000,69377.33000000,547.42601000
2026-03-24T20:00:00+00:00,BTC/USDT,1h,69377.33000000,70295.54000000,69296.15000000,70093.19000000,1018.45154000
2026-03-24T21:00:00+00:00,BTC/USDT,1h,70093.19000000,70400.00000000,69901.39000000,70332.93000000,686.65263000
2026-03-24T22:00:00+00:00,BTC/USDT,1h,70332.93000000,70586.86000000,70140.50000000,70316.96000000,686.91503000
2026-03-24T23:00:00+00:00,BTC/USDT,1h,70316.96000000,70832.54000000,70270.00000000,70556.74000000,741.40211000
2026-03-25T00:00:00+00:00,BTC/USDT,1h,70556.74000000,71100.28000000,70476.90000000,70840.75000000,784.33083000
2026-03-25T01:00:00+00:00,BTC/USDT,1h,70840.75000000,70977.35000000,70629.72000000,70677.18000000,624.19197000
2026-03-25T02:00:00+00:00,BTC/USDT,1h,70677.19000000,70781.39000000,70490.77000000,70531.09000000,582.86416000
2026-03-25T03:00:00+00:00,BTC/USDT,1h,70531.10000000,70808.37000000,70408.00000000,70716.70000000,513.15296000
2026-03-25T04:00:00+00:00,BTC/USDT,1h,70716.70000000,70977.49000000,70703.83000000,70968.64000000,623.46021000
2026-03-25T05:00:00+00:00,BTC/USDT,1h,70968.64000000,71345.00000000,70940.00000000,71117.66000000,850.19172000
2026-03-25T06:00:00+00:00,BTC/USDT,1h,71117.65000000,71260.00000000,70984.67000000,70991.83000000,934.75878000
2026-03-25T07:00:00+00:00,BTC/USDT,1h,70991.82000000,71270.11000000,70891.31000000,70926.88000000,470.72474000
2026-03-25T08:00:00+00:00,BTC/USDT,1h,70926.88000000,71503.94000000,70800.00000000,71248.39000000,1150.83138000
2026-03-25T09:00:00+00:00,BTC/USDT,1h,71248.40000000,71415.12000000,71101.99000000,71345.91000000,598.42707000
2026-03-25T10:00:00+00:00,BTC/USDT,1h,71345.91000000,71641.91000000,71291.69000000,71501.39000000,485.22161000
2026-03-25T11:00:00+00:00,BTC/USDT,1h,71501.40000000,72026.09000000,71470.49000000,71678.97000000,1053.03231000
2026-03-25T12:00:00+00:00,BTC/USDT,1h,71678.97000000,71955.17000000,71105.43000000,71715.24000000,1032.92186000
2026-03-25T13:00:00+00:00,BTC/USDT,1h,71715.24000000,71963.71000000,71515.84000000,71581.42000000,982.27587000
2026-03-25T14:00:00+00:00,BTC/USDT,1h,71581.42000000,71699.87000000,71230.51000000,71234.28000000,810.44092000
2026-03-25T15:00:00+00:00,BTC/USDT,1h,71234.28000000,71301.37000000,70530.47000000,70832.99000000,1384.84596000
2026-03-25T16:00:00+00:00,BTC/USDT,1h,70832.99000000,71752.88000000,70719.26000000,71324.01000000,1283.82328000
2026-03-25T17:00:00+00:00,BTC/USDT,1h,71324.01000000,71389.14000000,70720.38000000,70779.00000000,662.98589000
2026-03-25T18:00:00+00:00,BTC/USDT,1h,70778.99000000,71149.07000000,70681.07000000,70810.34000000,535.29926000
2026-03-25T19:00:00+00:00,BTC/USDT,1h,70810.34000000,71093.37000000,70777.51000000,70883.31000000,513.05944000
2026-03-25T20:00:00+00:00,BTC/USDT,1h,70883.32000000,71058.82000000,70646.34000000,71009.50000000,573.58151000
2026-03-25T21:00:00+00:00,BTC/USDT,1h,71009.50000000,71175.00000000,70949.30000000,71035.24000000,379.86408000
2026-03-25T22:00:00+00:00,BTC/USDT,1h,71035.25000000,71594.11000000,70947.61000000,71369.08000000,505.87572000
2026-03-25T23:00:00+00:00,BTC/USDT,1h,71369.07000000,71511.83000000,71189.55000000,71336.53000000,383.33913000
2026-03-26T00:00:00+00:00,BTC/USDT,1h,71336.53000000,71436.82000000,71142.38000000,71299.27000000,548.42613000
2026-03-26T01:00:00+00:00,BTC/USDT,1h,71299.27000000,71377.04000000,71159.06000000,71252.11000000,522.16838000
2026-03-26T02:00:00+00:00,BTC/USDT,1h,71252.11000000,71289.49000000,70672.37000000,70893.01000000,575.89477000
2026-03-26T03:00:00+00:00,BTC/USDT,1h,70893.01000000,70968.66000000,70685.69000000,70921.47000000,510.54950000
2026-03-26T04:00:00+00:00,BTC/USDT,1h,70921.47000000,70921.47000000,70721.46000000,70772.01000000,433.11432000
2026-03-26T05:00:00+00:00,BTC/USDT,1h,70772.01000000,70796.32000000,69942.96000000,70016.98000000,1271.74189000
2026-03-26T06:00:00+00:00,BTC/USDT,1h,70016.97000000,70152.63000000,69855.73000000,70097.18000000,1016.19011000
2026-03-26T07:00:00+00:00,BTC/USDT,1h,70097.19000000,70167.60000000,69805.00000000,70087.44000000,713.03812000
2026-03-26T08:00:00+00:00,BTC/USDT,1h,70087.44000000,70127.69000000,69806.39000000,70024.77000000,510.82818000
2026-03-26T09:00:00+00:00,BTC/USDT,1h,70024.78000000,70144.44000000,69409.67000000,69562.41000000,1313.07806000
2026-03-26T10:00:00+00:00,BTC/USDT,1h,69562.41000000,69719.96000000,69464.58000000,69517.68000000,694.15594000
2026-03-26T11:00:00+00:00,BTC/USDT,1h,69517.68000000,69667.56000000,69192.96000000,69276.01000000,803.66639000
2026-03-26T12:00:00+00:00,BTC/USDT,1h,69276.01000000,69461.28000000,69226.34000000,69436.42000000,589.82378000
2026-03-26T13:00:00+00:00,BTC/USDT,1h,69436.42000000,69877.45000000,69218.00000000,69646.59000000,1361.59869000
2026-03-26T14:00:00+00:00,BTC/USDT,1h,69646.59000000,69837.12000000,69259.25000000,69479.92000000,943.35709000
2026-03-26T15:00:00+00:00,BTC/USDT,1h,69479.91000000,69497.73000000,68632.40000000,69082.64000000,1805.07582000
2026-03-26T16:00:00+00:00,BTC/USDT,1h,69082.64000000,69142.94000000,68823.21000000,68932.52000000,949.52674000
2026-03-26T17:00:00+00:00,BTC/USDT,1h,68932.53000000,69162.00000000,68377.83000000,68486.86000000,1130.52816000
2026-03-26T18:00:00+00:00,BTC/USDT,1h,68486.86000000,68603.75000000,68153.00000000,68497.25000000,1402.56662000
2026-03-26T19:00:00+00:00,BTC/USDT,1h,68497.25000000,68681.54000000,68358.80000000,68534.36000000,543.97259000
2026-03-26T20:00:00+00:00,BTC/USDT,1h,68534.37000000,69478.42000000,68436.74000000,69005.21000000,1707.65634000
2026-03-26T21:00:00+00:00,BTC/USDT,1h,69005.21000000,69205.43000000,68879.05000000,68921.10000000,598.68777000
2026-03-26T22:00:00+00:00,BTC/USDT,1h,68921.10000000,69028.89000000,68603.24000000,68892.67000000,484.39394000
2026-03-26T23:00:00+00:00,BTC/USDT,1h,68892.66000000,68994.16000000,68640.00000000,68820.31000000,390.41835000
2026-03-27T00:00:00+00:00,BTC/USDT,1h,68820.31000000,68965.15000000,68531.37000000,68785.01000000,634.46014000
2026-03-27T01:00:00+00:00,BTC/USDT,1h,68785.00000000,69066.51000000,68700.00000000,69051.27000000,555.05692000
2026-03-27T02:00:00+00:00,BTC/USDT,1h,69051.27000000,69179.05000000,68862.00000000,68903.59000000,948.45642000
2026-03-27T03:00:00+00:00,BTC/USDT,1h,68903.58000000,68924.00000000,68668.72000000,68767.51000000,576.98772000
2026-03-27T04:00:00+00:00,BTC/USDT,1h,68767.50000000,68791.40000000,68304.14000000,68578.00000000,846.47748000
2026-03-27T05:00:00+00:00,BTC/USDT,1h,68577.99000000,68865.88000000,68511.79000000,68630.77000000,773.74806000
2026-03-27T06:00:00+00:00,BTC/USDT,1h,68630.76000000,68846.00000000,68567.62000000,68656.15000000,672.08820000
2026-03-27T07:00:00+00:00,BTC/USDT,1h,68656.16000000,68955.53000000,68399.18000000,68540.48000000,1641.76445000
2026-03-27T08:00:00+00:00,BTC/USDT,1h,68540.49000000,68635.07000000,67609.29000000,67920.50000000,1817.58289000
2026-03-27T09:00:00+00:00,BTC/USDT,1h,67920.51000000,67960.32000000,67548.67000000,67695.81000000,812.25094000
2026-03-27T10:00:00+00:00,BTC/USDT,1h,67695.81000000,67778.99000000,66326.38000000,66502.41000000,3012.92630000
2026-03-27T11:00:00+00:00,BTC/USDT,1h,66502.41000000,66848.05000000,66231.96000000,66702.78000000,1683.20205000
2026-03-27T12:00:00+00:00,BTC/USDT,1h,66702.78000000,66773.25000000,66432.19000000,66619.76000000,964.55681000
2026-03-27T13:00:00+00:00,BTC/USDT,1h,66619.75000000,66757.30000000,66025.00000000,66188.32000000,2427.72498000
2026-03-27T14:00:00+00:00,BTC/USDT,1h,66188.31000000,66404.00000000,65730.17000000,66205.06000000,2475.49917000
2026-03-27T15:00:00+00:00,BTC/USDT,1h,66205.07000000,66638.25000000,65958.75000000,66112.82000000,2405.26081000
2026-03-27T16:00:00+00:00,BTC/USDT,1h,66112.82000000,66177.99000000,65812.43000000,65979.29000000,1226.73521000
2026-03-27T17:00:00+00:00,BTC/USDT,1h,65979.29000000,66290.00000000,65600.00000000,65632.92000000,1002.16119000
2026-03-27T18:00:00+00:00,BTC/USDT,1h,65632.93000000,65951.96000000,65548.25000000,65836.69000000,915.82085000
2026-03-27T19:00:00+00:00,BTC/USDT,1h,65836.69000000,66145.00000000,65700.00000000,66040.66000000,818.34010000
2026-03-27T20:00:00+00:00,BTC/USDT,1h,66040.65000000,66152.51000000,65817.44000000,66020.76000000,511.09525000
2026-03-27T21:00:00+00:00,BTC/USDT,1h,66020.77000000,66186.01000000,66013.00000000,66098.00000000,636.71362000
2026-03-27T22:00:00+00:00,BTC/USDT,1h,66098.00000000,66098.01000000,65920.00000000,66020.79000000,739.86415000
2026-03-27T23:00:00+00:00,BTC/USDT,1h,66020.79000000,66420.75000000,65970.25000000,66407.28000000,504.92186000
2026-03-28T00:00:00+00:00,BTC/USDT,1h,66407.28000000,66520.46000000,66293.35000000,66431.55000000,499.89072000
2026-03-28T01:00:00+00:00,BTC/USDT,1h,66431.54000000,66431.55000000,66056.09000000,66178.85000000,613.17173000
2026-03-28T02:00:00+00:00,BTC/USDT,1h,66178.86000000,66251.67000000,65932.09000000,66053.20000000,490.39923000
2026-03-28T03:00:00+00:00,BTC/USDT,1h,66053.20000000,66259.66000000,66053.19000000,66240.00000000,705.96536000
2026-03-28T04:00:00+00:00,BTC/USDT,1h,66240.00000000,66304.72000000,66110.00000000,66285.01000000,452.84284000
2026-03-28T05:00:00+00:00,BTC/USDT,1h,66285.01000000,66407.96000000,66202.01000000,66341.90000000,675.62625000
2026-03-28T06:00:00+00:00,BTC/USDT,1h,66341.90000000,66500.00000000,66308.93000000,66382.00000000,485.97016000
2026-03-28T07:00:00+00:00,BTC/USDT,1h,66382.00000000,66573.61000000,66379.80000000,66561.48000000,737.38217000
2026-03-28T08:00:00+00:00,BTC/USDT,1h,66561.49000000,66570.09000000,66387.06000000,66409.33000000,708.34892000
2026-03-28T09:00:00+00:00,BTC/USDT,1h,66409.34000000,66416.77000000,66243.01000000,66311.32000000,634.09125000
2026-03-28T10:00:00+00:00,BTC/USDT,1h,66311.32000000,66411.79000000,66124.40000000,66221.38000000,306.12343000
2026-03-28T11:00:00+00:00,BTC/USDT,1h,66221.37000000,66358.00000000,66201.91000000,66319.47000000,223.42305000
2026-03-28T12:00:00+00:00,BTC/USDT,1h,66319.46000000,66527.01000000,66240.87000000,66455.09000000,344.10648000
2026-03-28T13:00:00+00:00,BTC/USDT,1h,66455.10000000,67163.99000000,66407.65000000,66835.10000000,1040.57902000
2026-03-28T14:00:00+00:00,BTC/USDT,1h,66835.10000000,66967.01000000,66666.66000000,66742.10000000,570.49869000
2026-03-28T15:00:00+00:00,BTC/USDT,1h,66742.09000000,67288.94000000,66717.15000000,67014.91000000,771.68723000
2026-03-28T16:00:00+00:00,BTC/USDT,1h,67014.92000000,67096.77000000,66855.24000000,66926.95000000,342.70522000
2026-03-28T17:00:00+00:00,BTC/USDT,1h,66926.94000000,66996.61000000,66704.00000000,66846.21000000,310.89662000
2026-03-28T18:00:00+00:00,BTC/USDT,1h,66846.20000000,66963.51000000,66834.87000000,66908.03000000,234.04169000
2026-03-28T19:00:00+00:00,BTC/USDT,1h,66908.03000000,66954.00000000,66804.71000000,66916.52000000,202.96743000
2026-03-28T20:00:00+00:00,BTC/USDT,1h,66916.52000000,67010.00000000,66906.00000000,66906.00000000,262.72665000
2026-03-28T21:00:00+00:00,BTC/USDT,1h,66906.00000000,66926.31000000,66600.01000000,66685.53000000,291.07026000
2026-03-28T22:00:00+00:00,BTC/USDT,1h,66685.53000000,66788.88000000,66588.22000000,66755.88000000,224.47432000
2026-03-28T23:00:00+00:00,BTC/USDT,1h,66755.88000000,66755.88000000,66283.38000000,66377.03000000,333.40975000
2026-03-29T00:00:00+00:00,BTC/USDT,1h,66377.04000000,66500.00000000,66281.40000000,66487.93000000,285.17232000
2026-03-29T01:00:00+00:00,BTC/USDT,1h,66487.93000000,66620.00000000,66385.88000000,66569.22000000,295.19169000
2026-03-29T02:00:00+00:00,BTC/USDT,1h,66569.22000000,66843.66000000,66540.96000000,66818.00000000,293.83335000
2026-03-29T03:00:00+00:00,BTC/USDT,1h,66818.01000000,67130.50000000,66760.48000000,66912.00000000,660.94660000
2026-03-29T04:00:00+00:00,BTC/USDT,1h,66912.00000000,66936.60000000,66717.51000000,66735.14000000,168.57240000
2026-03-29T05:00:00+00:00,BTC/USDT,1h,66735.14000000,66828.05000000,66597.10000000,66771.94000000,418.44564000
2026-03-29T06:00:00+00:00,BTC/USDT,1h,66771.94000000,66872.00000000,66636.00000000,66738.50000000,418.74617000
2026-03-29T07:00:00+00:00,BTC/USDT,1h,66738.50000000,66752.61000000,66556.78000000,66671.00000000,346.10727000
2026-03-29T08:00:00+00:00,BTC/USDT,1h,66671.00000000,66772.83000000,66600.00000000,66724.00000000,177.06023000
2026-03-29T09:00:00+00:00,BTC/USDT,1h,66724.00000000,66773.02000000,66549.54000000,66634.01000000,225.04256000
2026-03-29T10:00:00+00:00,BTC/USDT,1h,66634.01000000,66634.02000000,66418.00000000,66502.79000000,345.86500000
2026-03-29T11:00:00+00:00,BTC/USDT,1h,66502.80000000,66988.01000000,66502.79000000,66816.28000000,336.66276000
2026-03-29T12:00:00+00:00,BTC/USDT,1h,66816.29000000,66870.34000000,66703.07000000,66849.88000000,185.85649000
2026-03-29T13:00:00+00:00,BTC/USDT,1h,66849.88000000,66875.24000000,66524.28000000,66580.36000000,359.56390000
2026-03-29T14:00:00+00:00,BTC/USDT,1h,66580.36000000,66797.01000000,66461.00000000,66589.64000000,372.89659000
2026-03-29T15:00:00+00:00,BTC/USDT,1h,66589.64000000,66730.60000000,66334.37000000,66523.00000000,518.27098000
2026-03-29T16:00:00+00:00,BTC/USDT,1h,66523.01000000,66665.05000000,66435.75000000,66499.35000000,232.56305000
2026-03-29T17:00:00+00:00,BTC/USDT,1h,66499.36000000,66546.00000000,66158.26000000,66385.84000000,329.15631000
2026-03-29T18:00:00+00:00,BTC/USDT,1h,66385.84000000,66540.43000000,66321.66000000,66427.26000000,147.43013000
2026-03-29T19:00:00+00:00,BTC/USDT,1h,66427.27000000,66477.81000000,66323.30000000,66348.62000000,285.67371000
2026-03-29T20:00:00+00:00,BTC/USDT,1h,66348.61000000,66793.83000000,66348.61000000,66614.05000000,280.05501000
2026-03-29T21:00:00+00:00,BTC/USDT,1h,66614.04000000,66756.51000000,66509.41000000,66710.12000000,220.10647000
2026-03-29T22:00:00+00:00,BTC/USDT,1h,66710.12000000,66710.12000000,65000.00000000,65860.31000000,2219.11979000
2026-03-29T23:00:00+00:00,BTC/USDT,1h,65860.31000000,66382.98000000,65859.91000000,66010.93000000,930.51742000
2026-03-30T00:00:00+00:00,BTC/USDT,1h,66010.93000000,67059.66000000,65800.59000000,66280.25000000,1328.87485000
2026-03-30T01:00:00+00:00,BTC/USDT,1h,66280.24000000,66834.79000000,66280.24000000,66653.74000000,685.87133000
2026-03-30T02:00:00+00:00,BTC/USDT,1h,66653.74000000,67450.00000000,66580.01000000,67121.01000000,1220.60217000
2026-03-30T03:00:00+00:00,BTC/USDT,1h,67121.01000000,67319.33000000,66977.62000000,67173.80000000,466.26604000
2026-03-30T04:00:00+00:00,BTC/USDT,1h,67173.80000000,67650.01000000,67167.92000000,67616.29000000,809.57231000
2026-03-30T05:00:00+00:00,BTC/USDT,1h,67616.28000000,67800.00000000,67442.00000000,67492.46000000,627.15632000
2026-03-30T06:00:00+00:00,BTC/USDT,1h,67492.46000000,67585.97000000,67278.53000000,67305.14000000,721.78350000
2026-03-30T07:00:00+00:00,BTC/USDT,1h,67305.14000000,67624.39000000,67227.88000000,67624.39000000,584.47106000
2026-03-30T08:00:00+00:00,BTC/USDT,1h,67624.39000000,67946.02000000,67604.56000000,67666.44000000,1729.15176000
2026-03-30T09:00:00+00:00,BTC/USDT,1h,67666.44000000,67698.62000000,67460.00000000,67495.46000000,607.44273000
2026-03-30T10:00:00+00:00,BTC/USDT,1h,67495.46000000,67518.37000000,67360.41000000,67488.53000000,255.63666000
2026-03-30T11:00:00+00:00,BTC/USDT,1h,67488.88000000,68042.30000000,67488.88000000,67680.45000000,790.86208000
2026-03-30T12:00:00+00:00,BTC/USDT,1h,67680.44000000,67979.93000000,67666.17000000,67899.59000000,627.65449000
2026-03-30T13:00:00+00:00,BTC/USDT,1h,67899.59000000,68169.65000000,67428.57000000,67529.52000000,1379.99177000
2026-03-30T14:00:00+00:00,BTC/USDT,1h,67529.52000000,67864.49000000,67088.73000000,67799.54000000,1205.57197000
2026-03-30T15:00:00+00:00,BTC/USDT,1h,67799.54000000,67896.89000000,67407.63000000,67629.40000000,964.70473000
2026-03-30T16:00:00+00:00,BTC/USDT,1h,67629.40000000,67641.65000000,67222.00000000,67368.10000000,660.26793000
2026-03-30T17:00:00+00:00,BTC/USDT,1h,67368.10000000,67465.20000000,66650.00000000,66828.02000000,917.71373000
2026-03-30T18:00:00+00:00,BTC/USDT,1h,66828.02000000,66929.18000000,66508.25000000,66653.46000000,498.11738000
2026-03-30T19:00:00+00:00,BTC/USDT,1h,66653.45000000,66664.57000000,66233.13000000,66550.05000000,597.89786000
2026-03-30T20:00:00+00:00,BTC/USDT,1h,66550.06000000,66691.48000000,66523.75000000,66651.40000000,324.61202000
2026-03-30T21:00:00+00:00,BTC/USDT,1h,66651.41000000,66994.17000000,66587.32000000,66809.30000000,481.42200000
2026-03-30T22:00:00+00:00,BTC/USDT,1h,66809.30000000,66989.10000000,66683.72000000,66784.98000000,169.50316000
2026-03-30T23:00:00+00:00,BTC/USDT,1h,66784.97000000,66797.38000000,66419.79000000,66797.37000000,698.24190000
2026-03-31T00:00:00+00:00,BTC/USDT,1h,66797.38000000,67303.33000000,66544.51000000,67208.75000000,658.94529000
2026-03-31T01:00:00+00:00,BTC/USDT,1h,67208.74000000,68408.37000000,67050.00000000,67938.54000000,1458.05548000
2026-03-31T02:00:00+00:00,BTC/USDT,1h,67938.05000000,68096.87000000,67775.18000000,67943.43000000,435.18783000
2026-03-31T03:00:00+00:00,BTC/USDT,1h,67943.43000000,68009.99000000,67648.20000000,67704.74000000,387.87365000
2026-03-31T04:00:00+00:00,BTC/USDT,1h,67704.74000000,67979.38000000,67405.89000000,67544.01000000,1149.88888000
2026-03-31T05:00:00+00:00,BTC/USDT,1h,67544.01000000,67780.34000000,67400.00000000,67681.68000000,653.43122000
2026-03-31T06:00:00+00:00,BTC/USDT,1h,67681.69000000,67711.02000000,67333.33000000,67492.85000000,511.27605000
2026-03-31T07:00:00+00:00,BTC/USDT,1h,67492.86000000,67524.65000000,67103.32000000,67367.69000000,1579.98188000
2026-03-31T08:00:00+00:00,BTC/USDT,1h,67367.70000000,67496.00000000,66688.68000000,66778.33000000,897.84489000
2026-03-31T09:00:00+00:00,BTC/USDT,1h,66778.34000000,66924.33000000,65998.05000000,66124.99000000,1512.48446000
2026-03-31T10:00:00+00:00,BTC/USDT,1h,66125.00000000,66471.08000000,66100.01000000,66363.38000000,788.27557000
2026-03-31T11:00:00+00:00,BTC/USDT,1h,66363.38000000,66922.58000000,66240.14000000,66685.69000000,989.38590000
2026-03-31T12:00:00+00:00,BTC/USDT,1h,66685.69000000,66939.90000000,66520.71000000,66653.26000000,539.00678000
2026-03-31T13:00:00+00:00,BTC/USDT,1h,66653.27000000,67412.11000000,66653.27000000,67302.29000000,1087.22021000
2026-03-31T14:00:00+00:00,BTC/USDT,1h,67302.28000000,67767.87000000,66427.53000000,66587.45000000,1485.37387000
2026-03-31T15:00:00+00:00,BTC/USDT,1h,66587.46000000,67283.25000000,66587.46000000,66736.80000000,1025.58837000
2026-03-31T16:00:00+00:00,BTC/USDT,1h,66736.79000000,68030.19000000,66729.28000000,67665.83000000,1334.03651000
2026-03-31T17:00:00+00:00,BTC/USDT,1h,67665.83000000,68589.49000000,67403.81000000,67526.75000000,2195.81331000
2026-03-31T18:00:00+00:00,BTC/USDT,1h,67526.76000000,67947.98000000,67526.30000000,67854.05000000,426.40012000
2026-03-31T19:00:00+00:00,BTC/USDT,1h,67854.04000000,68029.41000000,67716.35000000,67838.80000000,435.24470000
2026-03-31T20:00:00+00:00,BTC/USDT,1h,67838.79000000,68267.27000000,67831.70000000,68265.53000000,693.06575000
2026-03-31T21:00:00+00:00,BTC/USDT,1h,68265.53000000,68410.30000000,67884.00000000,68277.99000000,494.48096000
2026-03-31T22:00:00+00:00,BTC/USDT,1h,68278.00000000,68341.16000000,67962.27000000,68172.87000000,755.55219000
2026-03-31T23:00:00+00:00,BTC/USDT,1h,68173.59000000,68371.10000000,68090.20000000,68284.48000000,610.99275000
2026-04-01T00:00:00+00:00,BTC/USDT,1h,68284.49000000,68343.77000000,67853.30000000,68330.75000000,542.79511000
2026-04-01T01:00:00+00:00,BTC/USDT,1h,68330.76000000,68378.64000000,67760.33000000,67782.73000000,966.68117000
2026-04-01T02:00:00+00:00,BTC/USDT,1h,67782.74000000,67913.98000000,67578.75000000,67668.89000000,1114.17912000
2026-04-01T03:00:00+00:00,BTC/USDT,1h,67668.90000000,68250.00000000,67668.90000000,68170.67000000,551.94514000
2026-04-01T04:00:00+00:00,BTC/USDT,1h,68170.67000000,68476.26000000,68005.33000000,68303.83000000,711.87735000
2026-04-01T05:00:00+00:00,BTC/USDT,1h,68303.83000000,68755.51000000,68150.00000000,68456.02000000,817.48120000
2026-04-01T06:00:00+00:00,BTC/USDT,1h,68456.01000000,69236.78000000,68456.01000000,69102.85000000,1241.29278000
2026-04-01T07:00:00+00:00,BTC/USDT,1h,69102.80000000,69310.00000000,68667.02000000,68692.00000000,1537.59500000
2026-04-01T08:00:00+00:00,BTC/USDT,1h,68692.00000000,68851.35000000,68389.21000000,68670.16000000,1279.02403000
2026-04-01T09:00:00+00:00,BTC/USDT,1h,68670.15000000,68733.78000000,68390.25000000,68644.00000000,480.44871000
2026-04-01T10:00:00+00:00,BTC/USDT,1h,68644.01000000,68662.26000000,68407.08000000,68585.55000000,974.80784000
2026-04-01T11:00:00+00:00,BTC/USDT,1h,68585.55000000,68736.15000000,68505.91000000,68712.52000000,752.56981000
2026-04-01T12:00:00+00:00,BTC/USDT,1h,68712.52000000,68786.00000000,68248.30000000,68393.60000000,1365.22557000
2026-04-01T13:00:00+00:00,BTC/USDT,1h,68393.60000000,68681.25000000,67918.83000000,68116.07000000,1032.06992000
2026-04-01T14:00:00+00:00,BTC/USDT,1h,68116.06000000,68690.98000000,68059.38000000,68593.55000000,905.17080000
2026-04-01T15:00:00+00:00,BTC/USDT,1h,68593.56000000,68965.00000000,68428.94000000,68918.52000000,789.38357000
2026-04-01T16:00:00+00:00,BTC/USDT,1h,68918.52000000,68986.66000000,68610.00000000,68816.34000000,705.16345000
2026-04-01T17:00:00+00:00,BTC/USDT,1h,68816.35000000,69171.77000000,68247.17000000,68266.62000000,768.87563000
2026-04-01T18:00:00+00:00,BTC/USDT,1h,68266.62000000,68330.31000000,67939.28000000,68084.76000000,723.37275000
2026-04-01T19:00:00+00:00,BTC/USDT,1h,68084.76000000,68287.39000000,68028.19000000,68176.84000000,412.79717000
2026-04-01T20:00:00+00:00,BTC/USDT,1h,68176.84000000,68249.00000000,67964.48000000,68191.09000000,276.10606000
2026-04-01T21:00:00+00:00,BTC/USDT,1h,68191.09000000,68534.00000000,68171.56000000,68362.53000000,326.52766000
2026-04-01T22:00:00+00:00,BTC/USDT,1h,68362.53000000,68362.53000000,68070.38000000,68122.99000000,270.47066000
2026-04-01T23:00:00+00:00,BTC/USDT,1h,68122.99000000,68250.00000000,67996.89000000,68113.92000000,474.32940000
2026-04-02T00:00:00+00:00,BTC/USDT,1h,68113.92000000,68653.38000000,68050.00000000,68600.29000000,409.19040000
2026-04-02T01:00:00+00:00,BTC/USDT,1h,68600.29000000,68600.29000000,67050.84000000,67359.27000000,1944.08944000
2026-04-02T02:00:00+00:00,BTC/USDT,1h,67359.27000000,67359.27000000,66624.64000000,66852.99000000,1169.08434000
2026-04-02T03:00:00+00:00,BTC/USDT,1h,66852.99000000,66969.54000000,66500.00000000,66576.25000000,767.73135000
2026-04-02T04:00:00+00:00,BTC/USDT,1h,66576.25000000,66655.46000000,66217.07000000,66330.27000000,889.41375000
2026-04-02T05:00:00+00:00,BTC/USDT,1h,66330.27000000,66667.92000000,66311.00000000,66591.54000000,966.27870000
2026-04-02T06:00:00+00:00,BTC/USDT,1h,66591.54000000,66824.95000000,66548.45000000,66681.49000000,493.29026000
2026-04-02T07:00:00+00:00,BTC/USDT,1h,66681.48000000,66961.26000000,66557.33000000,66930.79000000,645.82875000
2026-04-02T08:00:00+00:00,BTC/USDT,1h,66930.79000000,66930.79000000,66180.00000000,66439.12000000,781.90752000
2026-04-02T09:00:00+00:00,BTC/USDT,1h,66439.12000000,66517.43000000,66294.00000000,66469.60000000,483.38047000
2026-04-02T10:00:00+00:00,BTC/USDT,1h,66469.60000000,66511.79000000,66229.55000000,66457.28000000,452.52391000
2026-04-02T11:00:00+00:00,BTC/USDT,1h,66457.28000000,66516.06000000,66167.10000000,66220.28000000,1122.63022000
2026-04-02T12:00:00+00:00,BTC/USDT,1h,66220.28000000,66248.51000000,65961.66000000,66052.71000000,1024.11018000
2026-04-02T13:00:00+00:00,BTC/USDT,1h,66052.71000000,66285.81000000,65712.12000000,66270.87000000,1225.30288000
2026-04-02T14:00:00+00:00,BTC/USDT,1h,66270.87000000,67104.86000000,66168.07000000,66868.18000000,1908.17735000
2026-04-02T15:00:00+00:00,BTC/USDT,1h,66868.17000000,66994.51000000,66646.36000000,66852.91000000,825.60342000
2026-04-02T16:00:00+00:00,BTC/USDT,1h,66852.91000000,67300.00000000,66759.28000000,67095.85000000,920.46412000
2026-04-02T17:00:00+00:00,BTC/USDT,1h,67095.85000000,67430.99000000,66666.66000000,66679.16000000,1455.89824000
2026-04-02T18:00:00+00:00,BTC/USDT,1h,66679.16000000,67065.35000000,66596.80000000,66981.99000000,929.27922000
2026-04-02T19:00:00+00:00,BTC/USDT,1h,66981.99000000,67109.09000000,66878.00000000,66975.99000000,436.15774000
2026-04-02T20:00:00+00:00,BTC/USDT,1h,66976.00000000,67100.00000000,66798.00000000,66939.25000000,284.18038000
2026-04-02T21:00:00+00:00,BTC/USDT,1h,66939.25000000,67012.09000000,66731.08000000,66935.93000000,272.54969000
2026-04-02T22:00:00+00:00,BTC/USDT,1h,66935.94000000,67037.48000000,66825.61000000,66982.48000000,352.22156000
2026-04-02T23:00:00+00:00,BTC/USDT,1h,66982.48000000,67096.68000000,66855.50000000,66901.99000000,444.18527000
2026-04-03T00:00:00+00:00,BTC/USDT,1h,66901.99000000,67000.00000000,66702.83000000,66785.86000000,388.08477000
2026-04-03T01:00:00+00:00,BTC/USDT,1h,66785.87000000,66905.61000000,66483.90000000,66630.00000000,613.91410000
2026-04-03T02:00:00+00:00,BTC/USDT,1h,66630.01000000,66750.57000000,66282.00000000,66533.81000000,625.36210000
2026-04-03T03:00:00+00:00,BTC/USDT,1h,66533.82000000,66724.17000000,66495.69000000,66579.97000000,581.20992000
2026-04-03T04:00:00+00:00,BTC/USDT,1h,66579.98000000,66699.99000000,66500.04000000,66602.66000000,733.15532000
2026-04-03T05:00:00+00:00,BTC/USDT,1h,66602.67000000,66808.50000000,66416.68000000,66600.35000000,822.39566000
2026-04-03T06:00:00+00:00,BTC/USDT,1h,66600.35000000,66800.00000000,66558.76000000,66796.79000000,434.29670000
2026-04-03T07:00:00+00:00,BTC/USDT,1h,66796.80000000,67247.38000000,66758.00000000,67042.08000000,883.37731000
2026-04-03T08:00:00+00:00,BTC/USDT,1h,67042.08000000,67288.00000000,66900.56000000,66965.39000000,717.16964000
2026-04-03T09:00:00+00:00,BTC/USDT,1h,66965.39000000,67007.93000000,66749.35000000,66859.58000000,291.40037000
2026-04-03T10:00:00+00:00,BTC/USDT,1h,66859.58000000,66898.97000000,66674.72000000,66883.08000000,215.33139000
2026-04-03T11:00:00+00:00,BTC/USDT,1h,66883.09000000,67057.42000000,66823.18000000,67017.44000000,215.91455000
2026-04-03T12:00:00+00:00,BTC/USDT,1h,67017.43000000,67370.42000000,66646.36000000,66722.16000000,808.01051000
2026-04-03T13:00:00+00:00,BTC/USDT,1h,66722.16000000,66735.62000000,66508.10000000,66672.00000000,554.93399000
2026-04-03T14:00:00+00:00,BTC/USDT,1h,66671.99000000,66990.59000000,66634.00000000,66929.81000000,530.03077000
2026-04-03T15:00:00+00:00,BTC/USDT,1h,66929.80000000,67028.37000000,66823.30000000,66827.15000000,465.79672000
2026-04-03T16:00:00+00:00,BTC/USDT,1h,66827.15000000,67069.00000000,66827.14000000,67010.46000000,361.06450000
2026-04-03T17:00:00+00:00,BTC/USDT,1h,67010.45000000,67067.00000000,66751.86000000,66855.01000000,378.12395000
2026-04-03T18:00:00+00:00,BTC/USDT,1h,66855.00000000,66930.00000000,66786.12000000,66812.03000000,187.13591000
2026-04-03T19:00:00+00:00,BTC/USDT,1h,66812.04000000,66911.19000000,66774.02000000,66885.74000000,289.39585000
2026-04-03T20:00:00+00:00,BTC/USDT,1h,66885.73000000,66919.61000000,66831.97000000,66831.98000000,141.97965000
2026-04-03T21:00:00+00:00,BTC/USDT,1h,66831.97000000,66970.18000000,66827.60000000,66964.21000000,378.17654000
2026-04-03T22:00:00+00:00,BTC/USDT,1h,66964.21000000,66970.17000000,66842.76000000,66888.76000000,287.42422000
2026-04-03T23:00:00+00:00,BTC/USDT,1h,66888.76000000,66964.30000000,66826.13000000,66964.30000000,525.44687000
2026-04-04T00:00:00+00:00,BTC/USDT,1h,66964.29000000,66968.28000000,66876.70000000,66893.39000000,159.10280000
2026-04-04T01:00:00+00:00,BTC/USDT,1h,66893.40000000,66924.48000000,66827.22000000,66852.00000000,418.46364000
2026-04-04T02:00:00+00:00,BTC/USDT,1h,66852.00000000,66919.41000000,66814.00000000,66844.83000000,138.81793000
2026-04-04T03:00:00+00:00,BTC/USDT,1h,66844.84000000,66910.22000000,66830.23000000,66832.18000000,86.81929000
2026-04-04T04:00:00+00:00,BTC/USDT,1h,66832.18000000,66876.32000000,66775.91000000,66860.73000000,180.50471000
2026-04-04T05:00:00+00:00,BTC/USDT,1h,66860.73000000,66936.72000000,66844.14000000,66916.29000000,629.01422000
2026-04-04T06:00:00+00:00,BTC/USDT,1h,66916.30000000,67049.94000000,66911.20000000,67013.24000000,254.32193000
2026-04-04T07:00:00+00:00,BTC/USDT,1h,67013.25000000,67052.99000000,66943.34000000,67014.96000000,664.43952000
2026-04-04T08:00:00+00:00,BTC/USDT,1h,67014.95000000,67057.42000000,66918.00000000,66940.00000000,398.19184000
2026-04-04T09:00:00+00:00,BTC/USDT,1h,66940.00000000,66994.52000000,66918.00000000,66988.05000000,295.09328000
2026-04-04T10:00:00+00:00,BTC/USDT,1h,66988.06000000,67167.00000000,66918.00000000,67167.00000000,290.85424000
2026-04-04T11:00:00+00:00,BTC/USDT,1h,67167.00000000,67232.72000000,67083.43000000,67156.93000000,363.18025000
2026-04-04T12:00:00+00:00,BTC/USDT,1h,67156.93000000,67185.00000000,67060.56000000,67097.87000000,140.59027000
2026-04-04T13:00:00+00:00,BTC/USDT,1h,67097.87000000,67267.00000000,67082.41000000,67193.44000000,362.06124000
2026-04-04T14:00:00+00:00,BTC/USDT,1h,67193.45000000,67223.51000000,67029.07000000,67215.24000000,369.07128000
2026-04-04T15:00:00+00:00,BTC/USDT,1h,67215.24000000,67562.93000000,67177.39000000,67383.66000000,635.57272000
2026-04-04T16:00:00+00:00,BTC/USDT,1h,67383.66000000,67520.85000000,67331.06000000,67366.68000000,294.26452000
2026-04-04T17:00:00+00:00,BTC/USDT,1h,67366.68000000,67416.48000000,67292.00000000,67329.40000000,254.01236000
2026-04-04T18:00:00+00:00,BTC/USDT,1h,67329.41000000,67380.98000000,67265.00000000,67295.47000000,120.36154000
2026-04-04T19:00:00+00:00,BTC/USDT,1h,67295.47000000,67543.60000000,67275.00000000,67288.42000000,189.77457000
2026-04-04T20:00:00+00:00,BTC/USDT,1h,67288.42000000,67295.81000000,67186.62000000,67268.40000000,186.97188000
2026-04-04T21:00:00+00:00,BTC/USDT,1h,67268.40000000,67504.54000000,67215.00000000,67359.20000000,238.42540000
2026-04-04T22:00:00+00:00,BTC/USDT,1h,67359.21000000,67470.93000000,67341.19000000,67399.92000000,306.33880000
2026-04-04T23:00:00+00:00,BTC/USDT,1h,67399.91000000,67399.99000000,67261.32000000,67300.42000000,397.26790000
2026-04-05T00:00:00+00:00,BTC/USDT,1h,67300.42000000,67307.28000000,67168.08000000,67225.00000000,431.18676000
2026-04-05T01:00:00+00:00,BTC/USDT,1h,67225.00000000,67230.00000000,67080.00000000,67085.00000000,369.56535000
2026-04-05T02:00:00+00:00,BTC/USDT,1h,67085.00000000,67174.92000000,66955.72000000,67170.16000000,252.42427000
2026-04-05T03:00:00+00:00,BTC/USDT,1h,67170.17000000,67188.09000000,67089.33000000,67145.98000000,163.69484000
2026-04-05T04:00:00+00:00,BTC/USDT,1h,67145.98000000,67188.51000000,67073.56000000,67101.65000000,92.89503000
2026-04-05T05:00:00+00:00,BTC/USDT,1h,67101.65000000,67154.98000000,66888.00000000,66931.65000000,466.39184000
2026-04-05T06:00:00+00:00,BTC/USDT,1h,66931.65000000,66940.00000000,66611.66000000,66802.24000000,728.34135000
2026-04-05T07:00:00+00:00,BTC/USDT,1h,66802.24000000,66914.48000000,66715.43000000,66820.64000000,615.79892000
2026-04-05T08:00:00+00:00,BTC/USDT,1h,66820.64000000,66940.00000000,66819.42000000,66933.18000000,227.07394000
2026-04-05T09:00:00+00:00,BTC/USDT,1h,66933.18000000,67048.64000000,66902.15000000,67035.15000000,293.93169000
2026-04-05T10:00:00+00:00,BTC/USDT,1h,67035.15000000,67150.00000000,66968.35000000,67046.01000000,288.35183000
2026-04-05T11:00:00+00:00,BTC/USDT,1h,67046.01000000,67087.22000000,66973.67000000,66999.00000000,253.07128000
2026-04-05T12:00:00+00:00,BTC/USDT,1h,66998.99000000,66999.00000000,66680.57000000,66783.58000000,607.98096000
2026-04-05T13:00:00+00:00,BTC/USDT,1h,66783.59000000,66918.03000000,66693.91000000,66890.70000000,361.31735000
2026-04-05T14:00:00+00:00,BTC/USDT,1h,66890.70000000,66963.95000000,66820.54000000,66918.03000000,296.03960000
2026-04-05T15:00:00+00:00,BTC/USDT,1h,66918.03000000,67856.16000000,66829.02000000,67306.64000000,1471.07760000
2026-04-05T16:00:00+00:00,BTC/USDT,1h,67306.65000000,67410.00000000,67173.40000000,67212.62000000,356.80623000
2026-04-05T17:00:00+00:00,BTC/USDT,1h,67212.61000000,67402.00000000,67187.95000000,67373.64000000,168.11139000
2026-04-05T18:00:00+00:00,BTC/USDT,1h,67373.64000000,67451.78000000,67281.38000000,67413.78000000,210.99631000
2026-04-05T19:00:00+00:00,BTC/USDT,1h,67413.78000000,67560.45000000,67276.67000000,67361.01000000,229.64378000
2026-04-05T20:00:00+00:00,BTC/USDT,1h,67361.01000000,67705.74000000,67332.66000000,67658.35000000,338.30366000
2026-04-05T21:00:00+00:00,BTC/USDT,1h,67658.35000000,67682.42000000,67408.07000000,67553.43000000,435.91664000
2026-04-05T22:00:00+00:00,BTC/USDT,1h,67553.44000000,68374.75000000,67347.05000000,68338.43000000,1201.92322000
2026-04-05T23:00:00+00:00,BTC/USDT,1h,68338.43000000,69136.20000000,68266.13000000,69034.18000000,1872.62368000
2026-04-06T00:00:00+00:00,BTC/USDT,1h,69034.18000000,69588.00000000,69034.18000000,69083.78000000,1917.91608000
2026-04-06T01:00:00+00:00,BTC/USDT,1h,69083.79000000,69139.63000000,68787.13000000,68810.18000000,991.41564000
2026-04-06T02:00:00+00:00,BTC/USDT,1h,68810.17000000,69408.39000000,68776.61000000,69207.99000000,951.83494000
2026-04-06T03:00:00+00:00,BTC/USDT,1h,69207.99000000,69259.06000000,69056.86000000,69123.69000000,641.74895000
2026-04-06T04:00:00+00:00,BTC/USDT,1h,69123.69000000,69217.68000000,68980.36000000,69141.80000000,640.03746000
2026-04-06T05:00:00+00:00,BTC/USDT,1h,69141.81000000,69247.00000000,69086.00000000,69199.31000000,664.48642000
2026-04-06T06:00:00+00:00,BTC/USDT,1h,69199.31000000,69354.26000000,68806.53000000,68976.67000000,805.10068000
2026-04-06T07:00:00+00:00,BTC/USDT,1h,68976.67000000,69215.37000000,68821.07000000,69115.91000000,705.20265000
2026-04-06T08:00:00+00:00,BTC/USDT,1h,69115.91000000,69347.85000000,69081.88000000,69224.63000000,514.80546000
2026-04-06T09:00:00+00:00,BTC/USDT,1h,69224.63000000,70283.32000000,69214.46000000,69728.00000000,2395.68342000
2026-04-06T10:00:00+00:00,BTC/USDT,1h,69728.01000000,69950.00000000,69708.13000000,69770.88000000,634.91449000
2026-04-06T11:00:00+00:00,BTC/USDT,1h,69770.88000000,69770.96000000,69565.01000000,69614.91000000,453.63795000
2026-04-06T12:00:00+00:00,BTC/USDT,1h,69614.91000000,69635.87000000,69329.23000000,69366.75000000,601.70240000
2026-04-06T13:00:00+00:00,BTC/USDT,1h,69366.76000000,69550.00000000,69235.09000000,69428.23000000,656.60844000
2026-04-06T14:00:00+00:00,BTC/USDT,1h,69428.23000000,69809.99000000,69163.86000000,69654.38000000,1336.92282000
2026-04-06T15:00:00+00:00,BTC/USDT,1h,69654.39000000,69973.25000000,69526.87000000,69968.87000000,814.13173000
2026-04-06T16:00:00+00:00,BTC/USDT,1h,69968.87000000,70351.46000000,69782.11000000,69799.14000000,1291.21899000
2026-04-06T17:00:00+00:00,BTC/USDT,1h,69799.14000000,69820.00000000,69282.02000000,69574.61000000,914.30002000
2026-04-06T18:00:00+00:00,BTC/USDT,1h,69574.62000000,69967.78000000,69479.49000000,69888.97000000,537.79955000
2026-04-06T19:00:00+00:00,BTC/USDT,1h,69888.97000000,69899.99000000,69583.33000000,69739.53000000,431.93913000
2026-04-06T20:00:00+00:00,BTC/USDT,1h,69739.52000000,69974.08000000,69625.00000000,69826.01000000,372.95882000
2026-04-06T21:00:00+00:00,BTC/USDT,1h,69826.00000000,69826.00000000,69423.09000000,69504.99000000,366.00988000
2026-04-06T22:00:00+00:00,BTC/USDT,1h,69504.99000000,69581.92000000,68811.00000000,68811.00000000,578.82627000
2026-04-06T23:00:00+00:00,BTC/USDT,1h,68811.01000000,68912.97000000,68300.00000000,68853.66000000,1062.40825000
2026-04-07T00:00:00+00:00,BTC/USDT,1h,68853.66000000,69128.20000000,68723.81000000,68775.70000000,908.20417000
2026-04-07T01:00:00+00:00,BTC/USDT,1h,68775.71000000,68900.63000000,68352.52000000,68400.01000000,682.14287000
2026-04-07T02:00:00+00:00,BTC/USDT,1h,68400.01000000,68713.92000000,68273.34000000,68674.00000000,382.32486000
2026-04-07T03:00:00+00:00,BTC/USDT,1h,68674.01000000,68800.94000000,68625.59000000,68779.21000000,449.64401000
2026-04-07T04:00:00+00:00,BTC/USDT,1h,68779.20000000,68981.83000000,68540.84000000,68854.65000000,480.37449000
2026-04-07T05:00:00+00:00,BTC/USDT,1h,68854.65000000,68866.00000000,68613.20000000,68669.00000000,546.70209000
2026-04-07T06:00:00+00:00,BTC/USDT,1h,68669.00000000,68669.01000000,68443.00000000,68568.35000000,488.73987000
2026-04-07T07:00:00+00:00,BTC/USDT,1h,68568.35000000,68703.72000000,68500.00000000,68624.61000000,307.81904000
2026-04-07T08:00:00+00:00,BTC/USDT,1h,68624.60000000,68984.48000000,68603.60000000,68936.71000000,338.93457000
2026-04-07T09:00:00+00:00,BTC/USDT,1h,68936.71000000,69247.90000000,68930.04000000,69150.05000000,436.92801000
2026-04-07T10:00:00+00:00,BTC/USDT,1h,69150.06000000,69199.87000000,68200.00000000,68237.93000000,899.01254000
2026-04-07T11:00:00+00:00,BTC/USDT,1h,68237.93000000,68455.96000000,68071.96000000,68345.75000000,598.71022000
2026-04-07T12:00:00+00:00,BTC/USDT,1h,68345.75000000,68599.13000000,68080.00000000,68392.18000000,738.67705000
2026-04-07T13:00:00+00:00,BTC/USDT,1h,68392.19000000,68633.87000000,68198.12000000,68231.99000000,822.06110000
2026-04-07T14:00:00+00:00,BTC/USDT,1h,68231.99000000,68258.26000000,67763.64000000,67860.48000000,1396.10082000
2026-04-07T15:00:00+00:00,BTC/USDT,1h,67860.49000000,68268.60000000,67732.01000000,68168.10000000,1084.45539000
2026-04-07T16:00:00+00:00,BTC/USDT,1h,68168.11000000,68454.23000000,68085.01000000,68229.99000000,654.26405000
2026-04-07T17:00:00+00:00,BTC/USDT,1h,68230.00000000,69000.00000000,68198.22000000,68705.81000000,1147.70463000
2026-04-07T18:00:00+00:00,BTC/USDT,1h,68705.82000000,68773.24000000,68358.10000000,68442.53000000,630.41269000
2026-04-07T19:00:00+00:00,BTC/USDT,1h,68442.52000000,69098.44000000,68358.10000000,69011.29000000,1385.03929000
2026-04-07T20:00:00+00:00,BTC/USDT,1h,69011.29000000,69535.26000000,69011.29000000,69319.39000000,1097.55478000
2026-04-07T21:00:00+00:00,BTC/USDT,1h,69319.39000000,70216.68000000,69311.84000000,69927.64000000,1742.03489000
2026-04-07T22:00:00+00:00,BTC/USDT,1h,69927.65000000,71528.00000000,69927.65000000,71514.09000000,2841.66596000
2026-04-07T23:00:00+00:00,BTC/USDT,1h,71514.10000000,72761.00000000,71194.90000000,71924.22000000,3690.98922000
2026-04-08T00:00:00+00:00,BTC/USDT,1h,71924.22000000,72110.65000000,71541.51000000,71710.19000000,1153.45069000
2026-04-08T01:00:00+00:00,BTC/USDT,1h,71710.19000000,71758.60000000,71452.68000000,71476.97000000,621.62060000
2026-04-08T02:00:00+00:00,BTC/USDT,1h,71476.98000000,71727.01000000,71240.99000000,71364.94000000,1153.76247000
2026-04-08T03:00:00+00:00,BTC/USDT,1h,71364.95000000,71479.97000000,71277.18000000,71287.39000000,441.23135000
2026-04-08T04:00:00+00:00,BTC/USDT,1h,71287.39000000,71676.77000000,71287.38000000,71566.18000000,721.11279000
2026-04-08T05:00:00+00:00,BTC/USDT,1h,71566.66000000,71831.60000000,71560.00000000,71731.10000000,821.79755000
2026-04-08T06:00:00+00:00,BTC/USDT,1h,71731.10000000,71941.42000000,71581.14000000,71732.69000000,811.19618000
2026-04-08T07:00:00+00:00,BTC/USDT,1h,71732.70000000,71902.00000000,71573.04000000,71627.59000000,943.84918000
2026-04-08T08:00:00+00:00,BTC/USDT,1h,71627.59000000,71831.08000000,71627.59000000,71800.00000000,501.15204000
2026-04-08T09:00:00+00:00,BTC/USDT,1h,71799.99000000,71955.00000000,71588.75000000,71678.87000000,419.99950000
2026-04-08T10:00:00+00:00,BTC/USDT,1h,71678.87000000,71790.00000000,71457.61000000,71476.98000000,514.21900000
2026-04-08T11:00:00+00:00,BTC/USDT,1h,71476.97000000,71739.67000000,71407.77000000,71675.12000000,779.27898000
2026-04-08T12:00:00+00:00,BTC/USDT,1h,71675.12000000,72181.81000000,71581.76000000,72071.95000000,1226.00544000
2026-04-08T13:00:00+00:00,BTC/USDT,1h,72071.95000000,72857.00000000,71510.00000000,71600.01000000,2821.31683000
2026-04-08T14:00:00+00:00,BTC/USDT,1h,71600.00000000,71751.42000000,70707.23000000,70912.88000000,1895.54834000
2026-04-08T15:00:00+00:00,BTC/USDT,1h,70912.89000000,71349.05000000,70833.30000000,71310.00000000,873.16856000
2026-04-08T16:00:00+00:00,BTC/USDT,1h,71309.99000000,71699.00000000,71250.93000000,71602.10000000,757.94566000
2026-04-08T17:00:00+00:00,BTC/USDT,1h,71602.11000000,71963.94000000,71490.55000000,71888.19000000,682.09647000
2026-04-08T18:00:00+00:00,BTC/USDT,1h,71888.19000000,71888.20000000,71085.22000000,71099.63000000,703.75724000
2026-04-08T19:00:00+00:00,BTC/USDT,1h,71099.63000000,71372.22000000,71019.00000000,71318.48000000,473.49397000
2026-04-08T20:00:00+00:00,BTC/USDT,1h,71318.47000000,71481.70000000,71267.91000000,71372.93000000,226.24698000
2026-04-08T21:00:00+00:00,BTC/USDT,1h,71372.94000000,71748.00000000,71330.86000000,71551.39000000,367.89907000
2026-04-08T22:00:00+00:00,BTC/USDT,1h,71551.40000000,71571.60000000,71064.84000000,71064.84000000,374.67564000
2026-04-08T23:00:00+00:00,BTC/USDT,1h,71064.84000000,71204.00000000,70901.89000000,71069.93000000,517.86174000
2026-04-09T00:00:00+00:00,BTC/USDT,1h,71069.93000000,71133.71000000,70650.00000000,70815.50000000,677.85142000
2026-04-09T01:00:00+00:00,BTC/USDT,1h,70815.50000000,70956.70000000,70466.00000000,70928.89000000,495.03665000
2026-04-09T02:00:00+00:00,BTC/USDT,1h,70928.90000000,71198.80000000,70816.36000000,71060.64000000,664.15391000
2026-04-09T03:00:00+00:00,BTC/USDT,1h,71060.64000000,71124.05000000,70845.27000000,70992.39000000,808.25356000
2026-04-09T04:00:00+00:00,BTC/USDT,1h,70992.37000000,71006.13000000,70734.77000000,70782.00000000,304.15042000
2026-04-09T05:00:00+00:00,BTC/USDT,1h,70781.99000000,71087.12000000,70689.38000000,70984.00000000,495.40100000
2026-04-09T06:00:00+00:00,BTC/USDT,1h,70983.99000000,71082.71000000,70809.94000000,71031.84000000,538.94746000
2026-04-09T07:00:00+00:00,BTC/USDT,1h,71031.83000000,71116.00000000,70955.40000000,70982.01000000,922.88611000
2026-04-09T08:00:00+00:00,BTC/USDT,1h,70982.01000000,71380.00000000,70865.42000000,71249.51000000,562.42694000
2026-04-09T09:00:00+00:00,BTC/USDT,1h,71249.51000000,71575.00000000,71109.99000000,71534.68000000,512.02010000
2026-04-09T10:00:00+00:00,BTC/USDT,1h,71534.69000000,71534.69000000,71276.44000000,71276.45000000,304.66693000
2026-04-09T11:00:00+00:00,BTC/USDT,1h,71276.45000000,71350.00000000,71038.50000000,71150.17000000,446.85377000
2026-04-09T12:00:00+00:00,BTC/USDT,1h,71150.17000000,71328.79000000,71040.00000000,71279.63000000,382.04593000
2026-04-09T13:00:00+00:00,BTC/USDT,1h,71279.63000000,71355.24000000,70629.30000000,70801.98000000,696.59545000
2026-04-09T14:00:00+00:00,BTC/USDT,1h,70801.97000000,71250.39000000,70522.77000000,71123.71000000,873.72309000
2026-04-09T15:00:00+00:00,BTC/USDT,1h,71123.71000000,72358.00000000,70929.44000000,72141.99000000,2048.75279000
2026-04-09T16:00:00+00:00,BTC/USDT,1h,72142.00000000,72399.00000000,71729.66000000,72080.87000000,1429.68310000
2026-04-09T17:00:00+00:00,BTC/USDT,1h,72080.86000000,72550.00000000,72062.38000000,72347.49000000,1415.90923000
2026-04-09T18:00:00+00:00,BTC/USDT,1h,72348.00000000,72380.70000000,71747.68000000,71888.69000000,560.32535000
2026-04-09T19:00:00+00:00,BTC/USDT,1h,71888.69000000,72300.00000000,71750.00000000,72096.32000000,607.89039000
2026-04-09T20:00:00+00:00,BTC/USDT,1h,72096.33000000,72458.31000000,71985.95000000,72413.97000000,497.89389000
2026-04-09T21:00:00+00:00,BTC/USDT,1h,72413.96000000,72700.00000000,72142.79000000,72264.95000000,771.79321000
2026-04-09T22:00:00+00:00,BTC/USDT,1h,72264.96000000,73145.00000000,71945.94000000,71946.01000000,1345.32358000
2026-04-09T23:00:00+00:00,BTC/USDT,1h,71946.01000000,72025.53000000,71585.25000000,71787.97000000,795.83731000
2026-04-10T00:00:00+00:00,BTC/USDT,1h,71787.98000000,72028.40000000,71573.35000000,71963.03000000,967.97430000
2026-04-10T01:00:00+00:00,BTC/USDT,1h,71963.04000000,72387.00000000,71673.48000000,72157.93000000,679.67117000
2026-04-10T02:00:00+00:00,BTC/USDT,1h,72157.93000000,72291.04000000,71921.59000000,71965.36000000,515.54191000
2026-04-10T03:00:00+00:00,BTC/USDT,1h,71965.36000000,72027.37000000,71813.73000000,71868.67000000,543.68867000
2026-04-10T04:00:00+00:00,BTC/USDT,1h,71868.67000000,72212.84000000,71820.47000000,72117.29000000,734.17151000
2026-04-10T05:00:00+00:00,BTC/USDT,1h,72117.29000000,72267.89000000,72010.40000000,72127.84000000,408.69549000
2026-04-10T06:00:00+00:00,BTC/USDT,1h,72127.84000000,72179.85000000,71792.01000000,71805.38000000,448.00931000
2026-04-10T07:00:00+00:00,BTC/USDT,1h,71805.39000000,71837.59000000,71428.00000000,71481.85000000,702.39043000
2026-04-10T08:00:00+00:00,BTC/USDT,1h,71481.85000000,71769.41000000,71426.15000000,71606.07000000,624.89096000
2026-04-10T09:00:00+00:00,BTC/USDT,1h,71606.08000000,71873.00000000,71583.47000000,71787.41000000,281.02303000
2026-04-10T10:00:00+00:00,BTC/USDT,1h,71787.41000000,71928.29000000,71711.60000000,71910.09000000,238.63388000
2026-04-10T11:00:00+00:00,BTC/USDT,1h,71910.10000000,72261.93000000,71903.69000000,72127.59000000,421.17579000
2026-04-10T12:00:00+00:00,BTC/USDT,1h,72127.59000000,72458.00000000,72007.50000000,72258.68000000,733.42450000
2026-04-10T13:00:00+00:00,BTC/USDT,1h,72258.69000000,72409.41000000,71899.51000000,72321.40000000,673.26680000
2026-04-10T14:00:00+00:00,BTC/USDT,1h,72321.39000000,73155.58000000,72258.00000000,72909.00000000,2362.61980000
2026-04-10T15:00:00+00:00,BTC/USDT,1h,72909.00000000,73289.96000000,72355.87000000,72460.51000000,1324.05053000
2026-04-10T16:00:00+00:00,BTC/USDT,1h,72460.52000000,73069.40000000,72387.41000000,72992.33000000,733.09003000
2026-04-10T17:00:00+00:00,BTC/USDT,1h,72992.32000000,73146.00000000,72802.96000000,73121.66000000,454.50524000
2026-04-10T18:00:00+00:00,BTC/USDT,1h,73121.66000000,73159.81000000,72880.95000000,73107.07000000,597.01721000
2026-04-10T19:00:00+00:00,BTC/USDT,1h,73107.07000000,73264.76000000,72900.00000000,73236.11000000,713.54118000
2026-04-10T20:00:00+00:00,BTC/USDT,1h,73236.11000000,73434.00000000,73051.97000000,73361.68000000,872.16866000
2026-04-10T21:00:00+00:00,BTC/USDT,1h,73361.68000000,73364.47000000,72934.53000000,73190.67000000,654.89865000
2026-04-10T22:00:00+00:00,BTC/USDT,1h,73190.68000000,73244.03000000,72700.60000000,72877.00000000,798.34690000
2026-04-10T23:00:00+00:00,BTC/USDT,1h,72877.01000000,72967.79000000,72791.96000000,72962.70000000,889.83693000
2026-04-11T00:00:00+00:00,BTC/USDT,1h,72962.71000000,72962.71000000,72787.94000000,72828.42000000,801.54149000
2026-04-11T01:00:00+00:00,BTC/USDT,1h,72828.42000000,72999.99000000,72670.00000000,72954.39000000,320.30020000
2026-04-11T02:00:00+00:00,BTC/USDT,1h,72954.39000000,73094.89000000,72910.93000000,72966.57000000,288.43552000
2026-04-11T03:00:00+00:00,BTC/USDT,1h,72966.58000000,73075.34000000,72814.42000000,72866.63000000,227.12944000
2026-04-11T04:00:00+00:00,BTC/USDT,1h,72866.62000000,72954.28000000,72681.90000000,72806.08000000,298.14959000
2026-04-11T05:00:00+00:00,BTC/USDT,1h,72806.08000000,72836.55000000,72679.08000000,72722.28000000,222.17067000
2026-04-11T06:00:00+00:00,BTC/USDT,1h,72722.28000000,72771.32000000,72612.16000000,72762.00000000,590.44339000
2026-04-11T07:00:00+00:00,BTC/USDT,1h,72762.01000000,72832.00000000,72672.56000000,72745.38000000,321.42327000
2026-04-11T08:00:00+00:00,BTC/USDT,1h,72745.38000000,72799.57000000,72638.44000000,72664.17000000,263.67236000
2026-04-11T09:00:00+00:00,BTC/USDT,1h,72664.16000000,72908.00000000,72617.75000000,72907.11000000,306.96352000
2026-04-11T10:00:00+00:00,BTC/USDT,1h,72907.12000000,72915.95000000,72760.90000000,72843.71000000,224.83128000
2026-04-11T11:00:00+00:00,BTC/USDT,1h,72843.70000000,72912.00000000,72826.37000000,72907.05000000,109.63598000
2026-04-11T12:00:00+00:00,BTC/USDT,1h,72907.05000000,72982.40000000,72814.97000000,72940.49000000,180.21756000
2026-04-11T13:00:00+00:00,BTC/USDT,1h,72940.50000000,72940.50000000,72513.09000000,72658.07000000,493.97275000
2026-04-11T14:00:00+00:00,BTC/USDT,1h,72658.07000000,72770.91000000,72609.27000000,72704.67000000,212.83973000
2026-04-11T15:00:00+00:00,BTC/USDT,1h,72704.66000000,72896.03000000,72678.00000000,72858.17000000,246.74388000
2026-04-11T16:00:00+00:00,BTC/USDT,1h,72858.18000000,73204.74000000,72812.94000000,73034.33000000,656.04744000
2026-04-11T17:00:00+00:00,BTC/USDT,1h,73034.34000000,73169.04000000,72942.06000000,73095.97000000,269.56328000
2026-04-11T18:00:00+00:00,BTC/USDT,1h,73095.97000000,73726.13000000,73032.61000000,73547.89000000,856.65701000
2026-04-11T19:00:00+00:00,BTC/USDT,1h,73547.90000000,73790.00000000,73472.38000000,73687.15000000,595.03700000
2026-04-11T20:00:00+00:00,BTC/USDT,1h,73687.16000000,73689.97000000,73226.28000000,73290.43000000,395.49217000
2026-04-11T21:00:00+00:00,BTC/USDT,1h,73290.43000000,73548.08000000,73200.48000000,73427.04000000,366.94025000
2026-04-11T22:00:00+00:00,BTC/USDT,1h,73427.04000000,73574.00000000,73234.25000000,73376.01000000,431.15797000
2026-04-11T23:00:00+00:00,BTC/USDT,1h,73376.01000000,73376.01000000,72907.40000000,73043.16000000,391.57799000
2026-04-12T00:00:00+00:00,BTC/USDT,1h,73043.16000000,73117.32000000,72873.25000000,73079.96000000,390.45862000
2026-04-12T01:00:00+00:00,BTC/USDT,1h,73079.96000000,73137.24000000,71310.00000000,71643.69000000,2072.10202000
2026-04-12T02:00:00+00:00,BTC/USDT,1h,71643.69000000,71982.46000000,71352.47000000,71761.35000000,839.35622000
2026-04-12T03:00:00+00:00,BTC/USDT,1h,71761.35000000,71861.33000000,71593.18000000,71593.19000000,790.20901000
2026-04-12T04:00:00+00:00,BTC/USDT,1h,71593.18000000,71685.31000000,71444.68000000,71466.53000000,611.50691000
2026-04-12T05:00:00+00:00,BTC/USDT,1h,71466.53000000,71781.00000000,71417.22000000,71710.20000000,667.76838000
2026-04-12T06:00:00+00:00,BTC/USDT,1h,71710.19000000,71753.33000000,71633.77000000,71668.01000000,377.10612000
2026-04-12T07:00:00+00:00,BTC/USDT,1h,71668.01000000,71747.31000000,71588.57000000,71665.00000000,313.33908000
2026-04-12T08:00:00+00:00,BTC/USDT,1h,71664.99000000,71805.85000000,71595.00000000,71629.21000000,922.36362000
2026-04-12T09:00:00+00:00,BTC/USDT,1h,71629.21000000,71633.01000000,71488.45000000,71531.94000000,372.12981000
2026-04-12T10:00:00+00:00,BTC/USDT,1h,71531.95000000,71682.72000000,71357.76000000,71452.89000000,274.78665000
2026-04-12T11:00:00+00:00,BTC/USDT,1h,71452.89000000,71556.12000000,71412.57000000,71468.55000000,211.53603000
2026-04-12T12:00:00+00:00,BTC/USDT,1h,71468.54000000,71500.00000000,71077.44000000,71084.01000000,608.12473000
2026-04-12T13:00:00+00:00,BTC/USDT,1h,71084.01000000,71146.03000000,70866.82000000,70889.42000000,708.82478000
2026-04-12T14:00:00+00:00,BTC/USDT,1h,70889.42000000,71092.78000000,70700.00000000,70748.34000000,541.94034000
2026-04-12T15:00:00+00:00,BTC/USDT,1h,70748.34000000,70932.00000000,70604.07000000,70892.03000000,502.43194000
2026-04-12T16:00:00+00:00,BTC/USDT,1h,70892.04000000,70959.51000000,70821.05000000,70936.27000000,259.94883000
2026-04-12T17:00:00+00:00,BTC/USDT,1h,70936.27000000,71202.00000000,70900.00000000,71140.51000000,322.73260000
2026-04-12T18:00:00+00:00,BTC/USDT,1h,71140.51000000,71214.08000000,71056.20000000,71137.64000000,176.22609000
2026-04-12T19:00:00+00:00,BTC/USDT,1h,71137.65000000,71222.58000000,71078.76000000,71084.18000000,233.07874000
2026-04-12T20:00:00+00:00,BTC/USDT,1h,71084.18000000,71440.00000000,70956.83000000,71335.43000000,622.27061000
2026-04-12T21:00:00+00:00,BTC/USDT,1h,71335.43000000,71452.00000000,71163.01000000,71364.02000000,234.93742000
2026-04-12T22:00:00+00:00,BTC/USDT,1h,71364.03000000,71367.85000000,70505.88000000,70912.73000000,908.94869000
2026-04-12T23:00:00+00:00,BTC/USDT,1h,70912.73000000,70912.73000000,70571.66000000,70740.98000000,510.34077000
2026-04-13T00:00:00+00:00,BTC/USDT,1h,70741.56000000,71262.63000000,70615.30000000,71172.62000000,546.73984000
2026-04-13T01:00:00+00:00,BTC/USDT,1h,71172.63000000,71227.28000000,71027.26000000,71197.64000000,720.27854000
2026-04-13T02:00:00+00:00,BTC/USDT,1h,71197.64000000,71271.78000000,70986.71000000,71073.14000000,270.71272000
2026-04-13T03:00:00+00:00,BTC/USDT,1h,71073.14000000,71155.42000000,70917.27000000,70976.00000000,348.91610000
2026-04-13T04:00:00+00:00,BTC/USDT,1h,70975.99000000,71144.00000000,70854.29000000,70890.30000000,584.47308000
2026-04-13T05:00:00+00:00,BTC/USDT,1h,70890.30000000,70920.00000000,70672.72000000,70878.82000000,533.46945000
2026-04-13T06:00:00+00:00,BTC/USDT,1h,70878.82000000,71106.54000000,70878.82000000,71017.66000000,697.01918000
2026-04-13T07:00:00+00:00,BTC/USDT,1h,71017.66000000,71067.91000000,70685.25000000,70813.88000000,859.13978000
2026-04-13T08:00:00+00:00,BTC/USDT,1h,70813.88000000,70861.01000000,70566.99000000,70680.70000000,334.12518000
2026-04-13T09:00:00+00:00,BTC/USDT,1h,70680.70000000,70910.68000000,70678.00000000,70792.88000000,250.58431000
2026-04-13T10:00:00+00:00,BTC/USDT,1h,70792.89000000,70846.90000000,70688.28000000,70755.88000000,177.99631000
2026-04-13T11:00:00+00:00,BTC/USDT,1h,70755.89000000,70997.12000000,70736.29000000,70929.68000000,260.33899000
2026-04-13T12:00:00+00:00,BTC/USDT,1h,70929.68000000,71219.80000000,70758.50000000,71074.91000000,460.12900000
2026-04-13T13:00:00+00:00,BTC/USDT,1h,71074.92000000,71700.82000000,70818.57000000,71662.65000000,1544.74455000
2026-04-13T14:00:00+00:00,BTC/USDT,1h,71662.65000000,72401.00000000,71375.24000000,72400.15000000,2098.23774000
2026-04-13T15:00:00+00:00,BTC/USDT,1h,72400.15000000,72464.28000000,71652.65000000,71866.59000000,1342.33780000
2026-04-13T16:00:00+00:00,BTC/USDT,1h,71866.59000000,72437.25000000,71679.80000000,72202.36000000,1514.19404000
2026-04-13T17:00:00+00:00,BTC/USDT,1h,72202.37000000,72600.00000000,72069.01000000,72148.87000000,1653.64723000
2026-04-13T18:00:00+00:00,BTC/USDT,1h,72148.87000000,72460.42000000,72053.78000000,72424.86000000,965.95939000
2026-04-13T19:00:00+00:00,BTC/USDT,1h,72424.86000000,73480.00000000,72298.93000000,73322.82000000,2632.95065000
2026-04-13T20:00:00+00:00,BTC/USDT,1h,73322.00000000,73394.37000000,73007.08000000,73149.36000000,1081.57049000
2026-04-13T21:00:00+00:00,BTC/USDT,1h,73149.36000000,73368.08000000,73072.85000000,73179.71000000,387.90227000
2026-04-13T22:00:00+00:00,BTC/USDT,1h,73179.71000000,74746.61000000,73172.01000000,74627.04000000,3298.60756000
2026-04-13T23:00:00+00:00,BTC/USDT,1h,74627.04000000,74900.00000000,74405.64000000,74417.99000000,1666.14205000
2026-04-14T00:00:00+00:00,BTC/USDT,1h,74418.00000000,74517.31000000,74102.39000000,74163.82000000,1276.45858000
2026-04-14T01:00:00+00:00,BTC/USDT,1h,74163.82000000,74431.00000000,73954.86000000,74386.02000000,1065.16310000
2026-04-14T02:00:00+00:00,BTC/USDT,1h,74386.03000000,74579.32000000,74283.20000000,74330.98000000,598.05117000
2026-04-14T03:00:00+00:00,BTC/USDT,1h,74330.99000000,74496.90000000,74252.35000000,74444.43000000,646.36946000
2026-04-14T04:00:00+00:00,BTC/USDT,1h,74444.44000000,74504.52000000,74351.55000000,74387.85000000,484.30563000
2026-04-14T05:00:00+00:00,BTC/USDT,1h,74387.85000000,74434.41000000,74150.60000000,74210.11000000,838.40961000
2026-04-14T06:00:00+00:00,BTC/USDT,1h,74210.12000000,74550.00000000,74210.12000000,74522.73000000,614.57152000
2026-04-14T07:00:00+00:00,BTC/USDT,1h,74522.72000000,74924.64000000,74430.92000000,74546.00000000,1456.55359000
2026-04-14T08:00:00+00:00,BTC/USDT,1h,74545.99000000,74910.00000000,74460.64000000,74750.00000000,938.29896000
2026-04-14T09:00:00+00:00,BTC/USDT,1h,74750.00000000,74830.93000000,74435.12000000,74500.00000000,565.86470000
2026-04-14T10:00:00+00:00,BTC/USDT,1h,74500.00000000,74617.92000000,74333.46000000,74350.01000000,540.18312000
2026-04-14T11:00:00+00:00,BTC/USDT,1h,74350.01000000,74450.63000000,74307.35000000,74376.52000000,653.35819000
2026-04-14T12:00:00+00:00,BTC/USDT,1h,74376.52000000,74485.06000000,74277.19000000,74452.00000000,513.51818000
2026-04-14T13:00:00+00:00,BTC/USDT,1h,74452.00000000,75532.94000000,74407.74000000,75525.94000000,3246.78739000
2026-04-14T14:00:00+00:00,BTC/USDT,1h,75525.94000000,76038.00000000,75013.61000000,75013.62000000,4357.56106000
2026-04-14T15:00:00+00:00,BTC/USDT,1h,75013.61000000,75441.99000000,74564.34000000,75317.07000000,1661.60412000
2026-04-14T16:00:00+00:00,BTC/USDT,1h,75317.06000000,75688.00000000,74527.02000000,74652.20000000,1265.45725000
2026-04-14T17:00:00+00:00,BTC/USDT,1h,74652.20000000,74948.78000000,74244.63000000,74748.90000000,985.97900000
2026-04-14T18:00:00+00:00,BTC/USDT,1h,74748.89000000,74814.99000000,73795.47000000,74093.19000000,1613.97962000
2026-04-14T19:00:00+00:00,BTC/USDT,1h,74093.18000000,74398.43000000,73882.79000000,74223.18000000,1054.69346000
2026-04-14T20:00:00+00:00,BTC/USDT,1h,74223.30000000,74434.33000000,74015.53000000,74102.29000000,434.25271000
2026-04-14T21:00:00+00:00,BTC/USDT,1h,74102.28000000,74320.44000000,73951.64000000,74277.15000000,381.06364000
2026-04-14T22:00:00+00:00,BTC/USDT,1h,74277.16000000,74373.19000000,73806.09000000,74023.15000000,638.74603000
2026-04-14T23:00:00+00:00,BTC/USDT,1h,74023.16000000,74232.83000000,74001.08000000,74131.55000000,701.71447000
2026-04-15T00:00:00+00:00,BTC/USDT,1h,74131.55000000,74677.19000000,74126.32000000,74568.36000000,874.99865000
2026-04-15T01:00:00+00:00,BTC/USDT,1h,74568.37000000,74786.72000000,74500.00000000,74613.28000000,443.16738000
2026-04-15T02:00:00+00:00,BTC/USDT,1h,74613.28000000,74697.47000000,74188.00000000,74322.00000000,506.95652000
2026-04-15T03:00:00+00:00,BTC/USDT,1h,74322.01000000,74372.84000000,74173.75000000,74345.97000000,317.62112000
2026-04-15T04:00:00+00:00,BTC/USDT,1h,74345.98000000,74434.51000000,74261.47000000,74340.38000000,660.47305000
2026-04-15T05:00:00+00:00,BTC/USDT,1h,74340.38000000,74434.00000000,73864.01000000,74021.50000000,542.04465000
2026-04-15T06:00:00+00:00,BTC/USDT,1h,74021.50000000,74048.95000000,73855.49000000,73891.62000000,419.09008000
2026-04-15T07:00:00+00:00,BTC/USDT,1h,73891.62000000,74016.67000000,73514.00000000,73730.43000000,1451.80452000
2026-04-15T08:00:00+00:00,BTC/USDT,1h,73730.43000000,74181.90000000,73675.96000000,74110.51000000,532.83471000
2026-04-15T09:00:00+00:00,BTC/USDT,1h,74110.52000000,74176.49000000,73909.49000000,74011.69000000,363.21790000
2026-04-15T10:00:00+00:00,BTC/USDT,1h,74011.70000000,74250.00000000,73789.50000000,73864.75000000,548.88747000
2026-04-15T11:00:00+00:00,BTC/USDT,1h,73864.76000000,74256.44000000,73864.76000000,74201.78000000,444.73290000
2026-04-15T12:00:00+00:00,BTC/USDT,1h,74201.78000000,74466.10000000,74051.64000000,74273.77000000,567.44529000
2026-04-15T13:00:00+00:00,BTC/USDT,1h,74273.77000000,74434.51000000,73817.23000000,74063.92000000,676.35905000
2026-04-15T14:00:00+00:00,BTC/USDT,1h,74063.91000000,74506.84000000,73830.00000000,74151.81000000,757.76569000
2026-04-15T15:00:00+00:00,BTC/USDT,1h,74151.81000000,74299.07000000,73580.85000000,73844.08000000,743.29132000
2026-04-15T16:00:00+00:00,BTC/USDT,1h,73844.07000000,74176.00000000,73762.89000000,73941.09000000,547.84936000
2026-04-15T17:00:00+00:00,BTC/USDT,1h,73941.09000000,74242.00000000,73915.48000000,74134.95000000,593.44252000
2026-04-15T18:00:00+00:00,BTC/USDT,1h,74134.95000000,74399.75000000,74073.61000000,74390.29000000,407.09098000
2026-04-15T19:00:00+00:00,BTC/USDT,1h,74390.29000000,75281.00000000,74355.46000000,75002.60000000,1179.99077000
2026-04-15T20:00:00+00:00,BTC/USDT,1h,75002.60000000,75039.92000000,74512.06000000,74841.68000000,570.09892000
2026-04-15T21:00:00+00:00,BTC/USDT,1h,74841.67000000,74855.16000000,74540.23000000,74743.10000000,310.66035000
2026-04-15T22:00:00+00:00,BTC/USDT,1h,74743.10000000,75425.00000000,74740.02000000,74964.00000000,653.95001000
2026-04-15T23:00:00+00:00,BTC/USDT,1h,74964.01000000,74964.01000000,74620.95000000,74809.99000000,311.26846000
2026-04-16T00:00:00+00:00,BTC/USDT,1h,74809.99000000,74874.93000000,74451.49000000,74815.10000000,636.94865000
2026-04-16T01:00:00+00:00,BTC/USDT,1h,74815.09000000,74815.09000000,74454.09000000,74657.66000000,240.65148000
2026-04-16T02:00:00+00:00,BTC/USDT,1h,74657.67000000,75267.85000000,74601.27000000,74887.24000000,589.65615000
2026-04-16T03:00:00+00:00,BTC/USDT,1h,74887.23000000,75159.26000000,74865.50000000,74888.21000000,470.71966000
2026-04-16T04:00:00+00:00,BTC/USDT,1h,74888.21000000,75174.38000000,74728.00000000,74944.15000000,513.51186000
2026-04-16T05:00:00+00:00,BTC/USDT,1h,74944.15000000,75139.82000000,74900.00000000,75043.48000000,359.01217000
2026-04-16T06:00:00+00:00,BTC/USDT,1h,75043.47000000,75115.12000000,74853.72000000,75045.01000000,604.84284000
2026-04-16T07:00:00+00:00,BTC/USDT,1h,75045.01000000,75082.78000000,74636.00000000,74707.03000000,708.06090000
2026-04-16T08:00:00+00:00,BTC/USDT,1h,74707.02000000,74744.35000000,74500.00000000,74677.91000000,669.86210000
2026-04-16T09:00:00+00:00,BTC/USDT,1h,74677.91000000,74901.50000000,74594.01000000,74594.02000000,316.26697000
2026-04-16T10:00:00+00:00,BTC/USDT,1h,74594.02000000,74653.12000000,74277.34000000,74313.00000000,526.53069000
2026-04-16T11:00:00+00:00,BTC/USDT,1h,74312.99000000,74663.27000000,74285.00000000,74574.79000000,1174.61360000
2026-04-16T12:00:00+00:00,BTC/USDT,1h,74574.80000000,74872.00000000,74574.79000000,74624.00000000,529.55969000
2026-04-16T13:00:00+00:00,BTC/USDT,1h,74624.01000000,75030.39000000,73309.85000000,73788.03000000,1828.93731000
2026-04-16T14:00:00+00:00,BTC/USDT,1h,73788.03000000,74197.32000000,73426.94000000,73973.33000000,1331.31817000
2026-04-16T15:00:00+00:00,BTC/USDT,1h,73973.33000000,74878.99000000,73934.44000000,74697.19000000,1520.20876000
2026-04-16T16:00:00+00:00,BTC/USDT,1h,74697.20000000,74932.00000000,74063.00000000,74175.57000000,762.35705000
2026-04-16T17:00:00+00:00,BTC/USDT,1h,74175.58000000,74438.31000000,73912.23000000,74343.25000000,751.19450000
2026-04-16T18:00:00+00:00,BTC/USDT,1h,74343.25000000,75089.00000000,74240.00000000,75026.71000000,780.63438000
2026-04-16T19:00:00+00:00,BTC/USDT,1h,75026.71000000,75410.71000000,74717.97000000,75342.99000000,1203.37407000
2026-04-16T20:00:00+00:00,BTC/USDT,1h,75343.00000000,75534.76000000,75001.00000000,75223.47000000,661.71844000
2026-04-16T21:00:00+00:00,BTC/USDT,1h,75223.48000000,75286.51000000,74789.50000000,74934.24000000,451.58433000
2026-04-16T22:00:00+00:00,BTC/USDT,1h,74934.24000000,75117.00000000,74833.14000000,74867.92000000,232.35004000
2026-04-16T23:00:00+00:00,BTC/USDT,1h,74867.92000000,75177.76000000,74840.92000000,75154.29000000,224.77396000
2026-04-17T00:00:00+00:00,BTC/USDT,1h,75154.28000000,75154.77000000,74886.82000000,74944.98000000,796.37355000
2026-04-17T01:00:00+00:00,BTC/USDT,1h,74944.99000000,75034.49000000,74569.99000000,74750.00000000,407.29847000
2026-04-17T02:00:00+00:00,BTC/USDT,1h,74750.00000000,74802.98000000,74529.40000000,74700.00000000,235.53372000
2026-04-17T03:00:00+00:00,BTC/USDT,1h,74700.00000000,74839.31000000,74606.12000000,74615.82000000,721.66261000
2026-04-17T04:00:00+00:00,BTC/USDT,1h,74615.82000000,74871.11000000,74589.88000000,74791.39000000,213.95430000
2026-04-17T05:00:00+00:00,BTC/USDT,1h,74791.39000000,74801.13000000,74555.12000000,74637.77000000,241.61979000
2026-04-17T06:00:00+00:00,BTC/USDT,1h,74637.77000000,74950.00000000,74604.62000000,74938.52000000,276.57366000
2026-04-17T07:00:00+00:00,BTC/USDT,1h,74938.53000000,75089.51000000,74930.00000000,75074.77000000,607.34373000
2026-04-17T08:00:00+00:00,BTC/USDT,1h,75074.76000000,75881.95000000,74993.24000000,75780.38000000,1494.62708000
2026-04-17T09:00:00+00:00,BTC/USDT,1h,75780.38000000,76370.25000000,75518.78000000,75779.99000000,2004.70646000
2026-04-17T10:00:00+00:00,BTC/USDT,1h,75779.99000000,75886.01000000,75095.93000000,75278.77000000,1050.31882000
2026-04-17T11:00:00+00:00,BTC/USDT,1h,75278.77000000,75609.77000000,75246.65000000,75589.70000000,429.61331000
2026-04-17T12:00:00+00:00,BTC/USDT,1h,75589.70000000,76265.82000000,75531.97000000,76233.05000000,1128.91448000
2026-04-17T13:00:00+00:00,BTC/USDT,1h,76233.06000000,77417.61000000,76061.57000000,77340.12000000,5123.01639000
2026-04-17T14:00:00+00:00,BTC/USDT,1h,77340.11000000,78052.49000000,77015.39000000,77886.77000000,3617.10048000
2026-04-17T15:00:00+00:00,BTC/USDT,1h,77886.77000000,77999.00000000,77444.44000000,77785.02000000,1975.14451000
2026-04-17T16:00:00+00:00,BTC/USDT,1h,77785.03000000,78333.00000000,77705.20000000,77857.14000000,1402.18359000
2026-04-17T17:00:00+00:00,BTC/USDT,1h,77857.15000000,77917.77000000,77101.49000000,77520.59000000,1173.45635000
2026-04-17T18:00:00+00:00,BTC/USDT,1h,77520.59000000,77565.63000000,77088.23000000,77159.89000000,637.39265000
2026-04-17T19:00:00+00:00,BTC/USDT,1h,77159.88000000,77473.44000000,77000.00000000,77393.58000000,652.45495000
2026-04-17T20:00:00+00:00,BTC/USDT,1h,77393.58000000,77611.68000000,77160.12000000,77337.64000000,357.23206000
2026-04-17T21:00:00+00:00,BTC/USDT,1h,77337.64000000,77494.69000000,77278.72000000,77445.73000000,307.76412000
2026-04-17T22:00:00+00:00,BTC/USDT,1h,77445.74000000,77510.00000000,77274.56000000,77301.25000000,474.88113000
2026-04-17T23:00:00+00:00,BTC/USDT,1h,77301.25000000,77302.00000000,76911.00000000,77072.00000000,612.20073000
2026-04-18T00:00:00+00:00,BTC/USDT,1h,77072.01000000,77258.55000000,76978.17000000,77168.00000000,324.03843000
2026-04-18T01:00:00+00:00,BTC/USDT,1h,77168.22000000,77330.00000000,77115.77000000,77218.07000000,266.42990000
2026-04-18T02:00:00+00:00,BTC/USDT,1h,77218.06000000,77420.08000000,77124.63000000,77292.52000000,268.04149000
2026-04-18T03:00:00+00:00,BTC/USDT,1h,77292.53000000,77296.95000000,76962.67000000,77005.47000000,268.91717000
2026-04-18T04:00:00+00:00,BTC/USDT,1h,77005.47000000,77162.08000000,76884.10000000,77100.74000000,370.07883000
2026-04-18T05:00:00+00:00,BTC/USDT,1h,77100.73000000,77278.58000000,77100.73000000,77134.66000000,312.05483000
2026-04-18T06:00:00+00:00,BTC/USDT,1h,77134.66000000,77217.00000000,77058.40000000,77136.01000000,168.72376000
2026-04-18T07:00:00+00:00,BTC/USDT,1h,77136.01000000,77136.01000000,76890.00000000,76997.80000000,276.05173000
2026-04-18T08:00:00+00:00,BTC/USDT,1h,76997.79000000,77048.00000000,76501.00000000,76738.63000000,773.24357000
2026-04-18T09:00:00+00:00,BTC/USDT,1h,76738.62000000,76738.63000000,76409.37000000,76599.89000000,462.93265000
2026-04-18T10:00:00+00:00,BTC/USDT,1h,76599.89000000,76599.90000000,76132.32000000,76189.56000000,624.93038000
2026-04-18T11:00:00+00:00,BTC/USDT,1h,76189.55000000,76189.56000000,75763.76000000,76039.05000000,809.07399000
2026-04-18T12:00:00+00:00,BTC/USDT,1h,76039.06000000,76300.00000000,76039.05000000,76206.97000000,492.57948000
2026-04-18T13:00:00+00:00,BTC/USDT,1h,76206.98000000,76212.70000000,75797.53000000,76122.87000000,456.87331000
2026-04-18T14:00:00+00:00,BTC/USDT,1h,76122.88000000,76288.40000000,75959.68000000,76249.99000000,461.97289000
2026-04-18T15:00:00+00:00,BTC/USDT,1h,76250.00000000,76363.75000000,76003.97000000,76167.34000000,261.12334000
2026-04-18T16:00:00+00:00,BTC/USDT,1h,76167.33000000,76211.57000000,75691.03000000,75943.35000000,522.36094000
2026-04-18T17:00:00+00:00,BTC/USDT,1h,75943.34000000,75958.23000000,75778.69000000,75828.51000000,256.05723000
2026-04-18T18:00:00+00:00,BTC/USDT,1h,75828.51000000,75844.66000000,75445.16000000,75651.78000000,591.47146000
2026-04-18T19:00:00+00:00,BTC/USDT,1h,75651.78000000,75796.32000000,75574.22000000,75649.85000000,194.31870000
2026-04-18T20:00:00+00:00,BTC/USDT,1h,75649.86000000,75834.30000000,75608.44000000,75754.78000000,484.97143000
2026-04-18T21:00:00+00:00,BTC/USDT,1h,75754.77000000,75839.10000000,75599.64000000,75821.34000000,197.94348000
2026-04-18T22:00:00+00:00,BTC/USDT,1h,75821.35000000,75873.10000000,75608.89000000,75813.53000000,155.69572000
2026-04-18T23:00:00+00:00,BTC/USDT,1h,75813.53000000,75891.64000000,75685.69000000,75691.76000000,141.95985000
2026-04-19T00:00:00+00:00,BTC/USDT,1h,75691.76000000,75847.42000000,75551.73000000,75693.01000000,297.06433000
2026-04-19T01:00:00+00:00,BTC/USDT,1h,75693.00000000,75798.47000000,75457.11000000,75621.95000000,321.53516000
2026-04-19T02:00:00+00:00,BTC/USDT,1h,75621.96000000,75722.21000000,75407.84000000,75496.00000000,212.48934000
2026-04-19T03:00:00+00:00,BTC/USDT,1h,75496.01000000,75637.44000000,75357.00000000,75515.77000000,175.28804000
2026-04-19T04:00:00+00:00,BTC/USDT,1h,75515.76000000,75782.63000000,75424.40000000,75664.62000000,294.60425000
2026-04-19T05:00:00+00:00,BTC/USDT,1h,75664.62000000,75687.04000000,75516.39000000,75545.60000000,174.63786000
2026-04-19T06:00:00+00:00,BTC/USDT,1h,75545.60000000,75545.60000000,75280.92000000,75400.09000000,385.31594000
2026-04-19T07:00:00+00:00,BTC/USDT,1h,75400.09000000,75400.09000000,74867.72000000,75252.34000000,771.61495000
2026-04-19T08:00:00+00:00,BTC/USDT,1h,75252.33000000,75299.99000000,75071.58000000,75257.60000000,333.58261000
2026-04-19T09:00:00+00:00,BTC/USDT,1h,75257.59000000,75265.00000000,74921.74000000,75015.00000000,313.21615000
2026-04-19T10:00:00+00:00,BTC/USDT,1h,75015.00000000,75243.02000000,74933.87000000,75222.45000000,323.18472000
2026-04-19T11:00:00+00:00,BTC/USDT,1h,75222.46000000,75641.99000000,75216.96000000,75604.11000000,418.71675000
2026-04-19T12:00:00+00:00,BTC/USDT,1h,75604.11000000,75700.00000000,75432.07000000,75571.60000000,439.48255000
2026-04-19T13:00:00+00:00,BTC/USDT,1h,75571.61000000,76240.66000000,75552.44000000,75921.75000000,760.39543000
2026-04-19T14:00:00+00:00,BTC/USDT,1h,75921.75000000,76147.01000000,75674.55000000,76024.01000000,621.24056000
2026-04-19T15:00:00+00:00,BTC/USDT,1h,76024.02000000,76155.30000000,75401.44000000,75846.63000000,1097.76631000
2026-04-19T16:00:00+00:00,BTC/USDT,1h,75846.63000000,75853.26000000,75311.11000000,75382.86000000,403.71917000
2026-04-19T17:00:00+00:00,BTC/USDT,1h,75382.87000000,75382.87000000,74638.31000000,74791.26000000,795.68148000
2026-04-19T18:00:00+00:00,BTC/USDT,1h,74791.27000000,74908.62000000,74608.00000000,74770.11000000,531.16281000
2026-04-19T19:00:00+00:00,BTC/USDT,1h,74770.11000000,75071.61000000,74770.11000000,74965.47000000,306.83274000
2026-04-19T20:00:00+00:00,BTC/USDT,1h,74965.46000000,74965.47000000,74427.53000000,74630.00000000,452.71123000
2026-04-19T21:00:00+00:00,BTC/USDT,1h,74630.01000000,74810.00000000,74368.60000000,74425.15000000,383.54881000
2026-04-19T22:00:00+00:00,BTC/USDT,1h,74425.16000000,74425.16000000,73762.90000000,74047.34000000,1140.38980000
2026-04-19T23:00:00+00:00,BTC/USDT,1h,74047.34000000,74054.22000000,73790.00000000,73801.79000000,415.64133000
2026-04-20T00:00:00+00:00,BTC/USDT,1h,73801.80000000,74360.43000000,73724.31000000,74280.01000000,787.93368000
2026-04-20T01:00:00+00:00,BTC/USDT,1h,74280.01000000,74746.93000000,74214.67000000,74595.13000000,689.61016000
2026-04-20T02:00:00+00:00,BTC/USDT,1h,74595.12000000,74627.99000000,74304.84000000,74410.01000000,739.68976000
2026-04-20T03:00:00+00:00,BTC/USDT,1h,74410.01000000,74640.65000000,74359.04000000,74634.00000000,281.20310000
2026-04-20T04:00:00+00:00,BTC/USDT,1h,74634.01000000,74637.43000000,74435.19000000,74567.64000000,333.76794000
2026-04-20T05:00:00+00:00,BTC/USDT,1h,74567.63000000,74567.63000000,74095.18000000,74264.15000000,529.73957000
2026-04-20T06:00:00+00:00,BTC/USDT,1h,74264.16000000,74894.11000000,74250.00000000,74786.59000000,441.30070000
2026-04-20T07:00:00+00:00,BTC/USDT,1h,74786.59000000,75572.00000000,74670.86000000,74837.17000000,1175.74482000
2026-04-20T08:00:00+00:00,BTC/USDT,1h,74837.18000000,74998.83000000,74619.41000000,74728.91000000,538.52852000
2026-04-20T09:00:00+00:00,BTC/USDT,1h,74728.92000000,75233.00000000,74706.87000000,75062.77000000,502.56404000
2026-04-20T10:00:00+00:00,BTC/USDT,1h,75062.77000000,75404.63000000,75003.63000000,75027.26000000,321.32100000
2026-04-20T11:00:00+00:00,BTC/USDT,1h,75027.26000000,75287.88000000,74957.51000000,75192.71000000,284.12016000
2026-04-20T12:00:00+00:00,BTC/USDT,1h,75192.72000000,75650.00000000,75043.86000000,75289.90000000,698.85484000
2026-04-20T13:00:00+00:00,BTC/USDT,1h,75289.91000000,75434.41000000,74859.11000000,75269.38000000,774.09093000
2026-04-20T14:00:00+00:00,BTC/USDT,1h,75269.37000000,75766.74000000,74921.42000000,75034.79000000,1047.20928000
2026-04-20T15:00:00+00:00,BTC/USDT,1h,75034.79000000,75772.72000000,74702.00000000,75716.77000000,1196.95260000
2026-04-20T16:00:00+00:00,BTC/USDT,1h,75716.78000000,75723.99000000,75299.26000000,75338.74000000,630.71705000
2026-04-20T17:00:00+00:00,BTC/USDT,1h,75338.75000000,75991.47000000,75289.92000000,75898.14000000,642.61045000
2026-04-20T18:00:00+00:00,BTC/USDT,1h,75898.14000000,76453.19000000,75898.14000000,76423.69000000,1544.76303000
2026-04-20T19:00:00+00:00,BTC/USDT,1h,76423.69000000,76486.67000000,76154.49000000,76296.96000000,1368.12243000
2026-04-20T20:00:00+00:00,BTC/USDT,1h,76296.97000000,76558.62000000,76113.07000000,76276.17000000,1418.85750000
2026-04-20T21:00:00+00:00,BTC/USDT,1h,76276.18000000,76357.20000000,75784.05000000,75954.71000000,523.28232000
2026-04-20T22:00:00+00:00,BTC/USDT,1h,75954.72000000,76143.71000000,75904.39000000,75974.24000000,220.64170000
2026-04-20T23:00:00+00:00,BTC/USDT,1h,75974.24000000,75974.24000000,75617.60000000,75840.97000000,301.78476000
2026-04-21T00:00:00+00:00,BTC/USDT,1h,75840.97000000,76099.19000000,75700.00000000,76092.45000000,428.95831000
2026-04-21T01:00:00+00:00,BTC/USDT,1h,76092.46000000,76263.40000000,75866.01000000,75927.59000000,391.13593000
2026-04-21T02:00:00+00:00,BTC/USDT,1h,75927.58000000,75932.70000000,75580.00000000,75581.33000000,536.09341000
2026-04-21T03:00:00+00:00,BTC/USDT,1h,75581.33000000,75721.12000000,75474.77000000,75710.30000000,256.25150000
2026-04-21T04:00:00+00:00,BTC/USDT,1h,75710.31000000,75823.49000000,75600.00000000,75813.81000000,259.64273000
2026-04-21T05:00:00+00:00,BTC/USDT,1h,75813.80000000,75981.10000000,75782.75000000,75802.00000000,321.53858000
2026-04-21T06:00:00+00:00,BTC/USDT,1h,75802.00000000,76129.95000000,75703.85000000,75974.11000000,408.87339000
2026-04-21T07:00:00+00:00,BTC/USDT,1h,75974.12000000,76300.00000000,75814.26000000,76084.34000000,1236.72448000
2026-04-21T08:00:00+00:00,BTC/USDT,1h,76084.34000000,76927.57000000,76063.98000000,76507.21000000,915.23783000
2026-04-21T09:00:00+00:00,BTC/USDT,1h,76507.21000000,76587.82000000,76155.00000000,76362.77000000,582.67237000
2026-04-21T10:00:00+00:00,BTC/USDT,1h,76362.78000000,76866.55000000,76349.59000000,76746.41000000,536.34243000
2026-04-21T11:00:00+00:00,BTC/USDT,1h,76746.41000000,76750.68000000,76342.00000000,76452.94000000,624.94284000
2026-04-21T12:00:00+00:00,BTC/USDT,1h,76452.94000000,76528.11000000,75709.03000000,76009.46000000,1039.78515000
2026-04-21T13:00:00+00:00,BTC/USDT,1h,76009.46000000,76179.75000000,75736.33000000,75899.98000000,686.08493000
2026-04-21T14:00:00+00:00,BTC/USDT,1h,75899.98000000,76595.30000000,75625.28000000,75675.05000000,949.21411000
2026-04-21T15:00:00+00:00,BTC/USDT,1h,75675.04000000,75979.78000000,75430.62000000,75834.65000000,923.86151000
2026-04-21T16:00:00+00:00,BTC/USDT,1h,75834.66000000,76190.72000000,75760.00000000,75781.18000000,496.33064000
2026-04-21T17:00:00+00:00,BTC/USDT,1h,75781.19000000,75912.98000000,75052.64000000,75545.62000000,995.08460000
2026-04-21T18:00:00+00:00,BTC/USDT,1h,75545.62000000,75668.24000000,75310.88000000,75610.21000000,456.47055000
2026-04-21T19:00:00+00:00,BTC/USDT,1h,75610.21000000,75919.50000000,74821.57000000,75023.43000000,954.26760000
2026-04-21T20:00:00+00:00,BTC/USDT,1h,75023.43000000,75859.56000000,74967.58000000,75698.51000000,797.25703000
2026-04-21T21:00:00+00:00,BTC/USDT,1h,75698.51000000,75777.38000000,75431.62000000,75549.99000000,249.37655000
2026-04-21T22:00:00+00:00,BTC/USDT,1h,75549.99000000,75650.04000000,75302.01000000,75650.04000000,389.29388000
2026-04-21T23:00:00+00:00,BTC/USDT,1h,75650.03000000,76425.37000000,75622.00000000,76336.15000000,477.13097000
2026-04-22T00:00:00+00:00,BTC/USDT,1h,76336.14000000,76500.00000000,76220.40000000,76370.45000000,496.92701000
2026-04-22T01:00:00+00:00,BTC/USDT,1h,76370.46000000,76416.24000000,76132.95000000,76297.99000000,351.48706000
2026-04-22T02:00:00+00:00,BTC/USDT,1h,76297.99000000,77645.35000000,76223.90000000,77604.71000000,1622.85639000
2026-04-22T03:00:00+00:00,BTC/USDT,1h,77604.70000000,77733.11000000,77397.88000000,77521.48000000,956.65280000
2026-04-22T04:00:00+00:00,BTC/USDT,1h,77521.47000000,77700.00000000,77364.25000000,77523.00000000,547.15780000
2026-04-22T05:00:00+00:00,BTC/USDT,1h,77523.01000000,78452.18000000,77450.00000000,77994.93000000,2386.48879000
2026-04-22T06:00:00+00:00,BTC/USDT,1h,77994.92000000,78042.84000000,77900.00000000,78010.72000000,576.88586000
2026-04-22T07:00:00+00:00,BTC/USDT,1h,78010.73000000,78111.00000000,77825.00000000,78012.79000000,880.52640000
2026-04-22T08:00:00+00:00,BTC/USDT,1h,78012.78000000,78219.41000000,77941.59000000,78010.92000000,987.44812000
2026-04-22T09:00:00+00:00,BTC/USDT,1h,78010.92000000,78184.70000000,77956.76000000,78001.95000000,415.39605000
2026-04-22T10:00:00+00:00,BTC/USDT,1h,78001.96000000,78180.00000000,77951.17000000,78157.41000000,352.72131000
2026-04-22T11:00:00+00:00,BTC/USDT,1h,78157.41000000,78399.00000000,78102.00000000,78300.00000000,560.88264000
2026-04-22T12:00:00+00:00,BTC/USDT,1h,78300.00000000,78508.18000000,78114.04000000,78236.05000000,952.94008000
2026-04-22T13:00:00+00:00,BTC/USDT,1h,78236.05000000,78850.00000000,78162.64000000,78840.94000000,1253.18724000
2026-04-22T14:00:00+00:00,BTC/USDT,1h,78840.94000000,79174.68000000,78577.86000000,79045.75000000,1847.69509000
2026-04-22T15:00:00+00:00,BTC/USDT,1h,79045.75000000,79400.00000000,78837.66000000,79272.90000000,1412.00400000
2026-04-22T16:00:00+00:00,BTC/USDT,1h,79272.91000000,79472.82000000,78632.37000000,78743.59000000,1010.97362000
2026-04-22T17:00:00+00:00,BTC/USDT,1h,78743.60000000,79034.73000000,78705.71000000,78900.00000000,502.31388000
2026-04-22T18:00:00+00:00,BTC/USDT,1h,78900.01000000,79163.66000000,78828.76000000,79022.39000000,322.94022000
2026-04-22T19:00:00+00:00,BTC/USDT,1h,79022.40000000,79067.60000000,78706.81000000,78846.62000000,557.30668000
2026-04-22T20:00:00+00:00,BTC/USDT,1h,78846.62000000,78915.84000000,78410.00000000,78436.68000000,436.66543000
2026-04-22T21:00:00+00:00,BTC/USDT,1h,78436.69000000,78821.86000000,78425.00000000,78762.69000000,299.34545000
2026-04-22T22:00:00+00:00,BTC/USDT,1h,78762.68000000,78824.00000000,78456.15000000,78607.95000000,294.64140000
2026-04-22T23:00:00+00:00,BTC/USDT,1h,78607.95000000,78607.95000000,78155.83000000,78178.23000000,712.06893000
2026-04-23T00:00:00+00:00,BTC/USDT,1h,78178.22000000,78574.44000000,77582.17000000,78424.29000000,1778.58027000
2026-04-23T01:00:00+00:00,BTC/USDT,1h,78424.30000000,78472.95000000,78057.50000000,78359.23000000,586.86850000
2026-04-23T02:00:00+00:00,BTC/USDT,1h,78359.71000000,78359.72000000,77761.20000000,77939.92000000,508.32327000
2026-04-23T03:00:00+00:00,BTC/USDT,1h,77939.91000000,78025.99000000,77453.43000000,77746.46000000,609.20360000
2026-04-23T04:00:00+00:00,BTC/USDT,1h,77746.47000000,77949.09000000,77675.80000000,77920.09000000,305.04990000
2026-04-23T05:00:00+00:00,BTC/USDT,1h,77920.09000000,78110.01000000,77750.00000000,78033.87000000,680.89298000
2026-04-23T06:00:00+00:00,BTC/USDT,1h,78034.00000000,78339.35000000,78034.00000000,78211.43000000,433.12959000
2026-04-23T07:00:00+00:00,BTC/USDT,1h,78211.43000000,78248.39000000,77981.88000000,78048.62000000,292.35484000
2026-04-23T08:00:00+00:00,BTC/USDT,1h,78048.61000000,78175.52000000,77714.86000000,77858.35000000,1135.26875000
2026-04-23T09:00:00+00:00,BTC/USDT,1h,77858.34000000,77860.80000000,77440.85000000,77655.34000000,772.05261000
2026-04-23T10:00:00+00:00,BTC/USDT,1h,77655.35000000,77709.16000000,77174.01000000,77403.63000000,1129.48909000
2026-04-23T11:00:00+00:00,BTC/USDT,1h,77403.63000000,77757.31000000,77365.57000000,77704.62000000,525.42671000
2026-04-23T12:00:00+00:00,BTC/USDT,1h,77704.61000000,77870.54000000,77491.18000000,77870.53000000,636.21566000
2026-04-23T13:00:00+00:00,BTC/USDT,1h,77870.54000000,77904.37000000,77379.92000000,77532.23000000,592.70115000
2026-04-23T14:00:00+00:00,BTC/USDT,1h,77532.23000000,78201.53000000,77414.00000000,78180.77000000,926.52082000
2026-04-23T15:00:00+00:00,BTC/USDT,1h,78180.78000000,78662.50000000,77983.25000000,78376.76000000,1008.45262000
2026-04-23T16:00:00+00:00,BTC/USDT,1h,78376.77000000,78509.82000000,78030.00000000,78103.72000000,661.93618000
2026-04-23T17:00:00+00:00,BTC/USDT,1h,78103.72000000,78184.85000000,76960.00000000,77769.21000000,1724.53866000
2026-04-23T18:00:00+00:00,BTC/USDT,1h,77769.20000000,78146.75000000,77678.65000000,77678.65000000,731.06838000
2026-04-23T19:00:00+00:00,BTC/USDT,1h,77678.65000000,77886.88000000,77592.92000000,77727.26000000,830.20485000
2026-04-23T20:00:00+00:00,BTC/USDT,1h,77727.25000000,78050.00000000,77637.50000000,77886.97000000,391.74493000
2026-04-23T21:00:00+00:00,BTC/USDT,1h,77886.97000000,78070.00000000,77800.00000000,77864.83000000,211.37751000
2026-04-23T22:00:00+00:00,BTC/USDT,1h,77864.84000000,78331.00000000,77864.83000000,78235.30000000,271.33020000
2026-04-23T23:00:00+00:00,BTC/USDT,1h,78235.29000000,78298.01000000,78030.00000000,78257.48000000,228.06394000
2026-04-24T00:00:00+00:00,BTC/USDT,1h,78257.48000000,78490.83000000,78172.01000000,78417.22000000,451.37457000
2026-04-24T01:00:00+00:00,BTC/USDT,1h,78417.22000000,78450.00000000,77952.16000000,78429.73000000,533.84795000
2026-04-24T02:00:00+00:00,BTC/USDT,1h,78429.73000000,78581.93000000,78067.17000000,78125.65000000,425.56297000
2026-04-24T03:00:00+00:00,BTC/USDT,1h,78125.65000000,78178.40000000,77555.00000000,77737.85000000,639.95986000
2026-04-24T04:00:00+00:00,BTC/USDT,1h,77737.84000000,77854.57000000,77482.49000000,77670.00000000,605.14416000
2026-04-24T05:00:00+00:00,BTC/USDT,1h,77670.01000000,78057.65000000,77457.00000000,77953.48000000,423.67180000
2026-04-24T06:00:00+00:00,BTC/USDT,1h,77953.48000000,77979.54000000,77761.20000000,77789.75000000,280.75336000
2026-04-24T07:00:00+00:00,BTC/USDT,1h,77789.75000000,77855.67000000,77543.52000000,77644.60000000,696.90666000
2026-04-24T08:00:00+00:00,BTC/USDT,1h,77644.59000000,78000.00000000,77550.73000000,77785.71000000,731.67499000
2026-04-24T09:00:00+00:00,BTC/USDT,1h,77785.70000000,77804.23000000,77402.01000000,77527.69000000,621.09775000
2026-04-24T10:00:00+00:00,BTC/USDT,1h,77527.70000000,77784.00000000,77444.95000000,77752.36000000,379.99202000
2026-04-24T11:00:00+00:00,BTC/USDT,1h,77752.37000000,78372.58000000,77752.37000000,78240.26000000,1186.36064000
2026-04-24T12:00:00+00:00,BTC/USDT,1h,78240.27000000,78345.15000000,78016.51000000,78275.66000000,579.40035000
2026-04-24T13:00:00+00:00,BTC/USDT,1h,78275.65000000,78479.37000000,77913.27000000,78093.79000000,852.96848000
2026-04-24T14:00:00+00:00,BTC/USDT,1h,78093.80000000,78093.80000000,77681.74000000,78037.64000000,755.72516000
2026-04-24T15:00:00+00:00,BTC/USDT,1h,78037.65000000,78233.18000000,77577.22000000,78038.62000000,662.02033000
2026-04-24T16:00:00+00:00,BTC/USDT,1h,78038.63000000,78060.29000000,77586.86000000,77777.28000000,525.06319000
2026-04-24T17:00:00+00:00,BTC/USDT,1h,77776.76000000,77829.17000000,77489.60000000,77681.71000000,537.36482000
2026-04-24T18:00:00+00:00,BTC/USDT,1h,77681.72000000,77717.08000000,77363.63000000,77618.24000000,321.31558000
2026-04-24T19:00:00+00:00,BTC/USDT,1h,77618.25000000,77748.66000000,77532.46000000,77628.85000000,250.57895000
2026-04-24T20:00:00+00:00,BTC/USDT,1h,77628.84000000,77757.14000000,77458.00000000,77718.31000000,376.29595000
2026-04-24T21:00:00+00:00,BTC/USDT,1h,77718.31000000,77756.15000000,77536.48000000,77536.48000000,322.69633000
2026-04-24T22:00:00+00:00,BTC/USDT,1h,77536.49000000,77616.78000000,77264.08000000,77328.91000000,278.27896000
2026-04-24T23:00:00+00:00,BTC/USDT,1h,77328.92000000,77456.87000000,77328.92000000,77437.13000000,237.08832000
2026-04-25T00:00:00+00:00,BTC/USDT,1h,77437.13000000,77502.99000000,77309.92000000,77456.88000000,429.63681000
2026-04-25T01:00:00+00:00,BTC/USDT,1h,77456.88000000,77620.52000000,77440.80000000,77541.63000000,200.07888000
2026-04-25T02:00:00+00:00,BTC/USDT,1h,77541.63000000,77644.04000000,77504.43000000,77607.80000000,171.07030000
2026-04-25T03:00:00+00:00,BTC/USDT,1h,77607.80000000,77711.87000000,77550.27000000,77679.07000000,142.22205000
2026-04-25T04:00:00+00:00,BTC/USDT,1h,77679.08000000,77691.23000000,77596.37000000,77619.05000000,275.21191000
2026-04-25T05:00:00+00:00,BTC/USDT,1h,77619.05000000,77619.05000000,77485.51000000,77510.28000000,174.55862000
2026-04-25T06:00:00+00:00,BTC/USDT,1h,77510.27000000,77582.28000000,77489.35000000,77503.63000000,269.54814000
2026-04-25T07:00:00+00:00,BTC/USDT,1h,77503.63000000,77566.26000000,77450.00000000,77501.19000000,174.69907000
2026-04-25T08:00:00+00:00,BTC/USDT,1h,77501.19000000,77654.41000000,77491.36000000,77643.37000000,116.50084000
2026-04-25T09:00:00+00:00,BTC/USDT,1h,77643.38000000,77779.65000000,77587.10000000,77714.55000000,144.65626000
2026-04-25T10:00:00+00:00,BTC/USDT,1h,77714.56000000,77885.35000000,77714.55000000,77787.77000000,306.44644000
2026-04-25T11:00:00+00:00,BTC/USDT,1h,77787.76000000,77787.77000000,77607.03000000,77682.30000000,185.59351000
2026-04-25T12:00:00+00:00,BTC/USDT,1h,77682.29000000,77717.95000000,77550.61000000,77557.14000000,161.82067000
2026-04-25T13:00:00+00:00,BTC/USDT,1h,77557.14000000,77710.91000000,77557.14000000,77691.69000000,161.65796000
2026-04-25T14:00:00+00:00,BTC/USDT,1h,77691.70000000,77752.54000000,77638.00000000,77656.75000000,202.75966000
2026-04-25T15:00:00+00:00,BTC/USDT,1h,77656.74000000,77722.70000000,77299.89000000,77330.26000000,480.35839000
2026-04-25T16:00:00+00:00,BTC/USDT,1h,77330.25000000,77454.31000000,77140.23000000,77397.27000000,471.60364000
2026-04-25T17:00:00+00:00,BTC/USDT,1h,77397.27000000,77407.03000000,77210.96000000,77245.77000000,151.09691000
2026-04-25T18:00:00+00:00,BTC/USDT,1h,77245.78000000,77389.01000000,77216.29000000,77313.00000000,331.13304000
2026-04-25T19:00:00+00:00,BTC/USDT,1h,77313.00000000,77343.81000000,77193.79000000,77330.01000000,293.84127000
2026-04-25T20:00:00+00:00,BTC/USDT,1h,77330.00000000,77481.70000000,77311.05000000,77479.13000000,85.63447000
2026-04-25T21:00:00+00:00,BTC/USDT,1h,77479.14000000,77530.00000000,77415.20000000,77525.84000000,150.55151000
2026-04-25T22:00:00+00:00,BTC/USDT,1h,77525.83000000,77634.77000000,77498.81000000,77557.01000000,242.12513000
2026-04-25T23:00:00+00:00,BTC/USDT,1h,77557.01000000,77650.00000000,77530.00000000,77625.00000000,362.30872000
2026-04-26T00:00:00+00:00,BTC/USDT,1h,77625.00000000,77642.43000000,77445.94000000,77502.40000000,307.91239000
2026-04-26T01:00:00+00:00,BTC/USDT,1h,77502.39000000,77572.81000000,77451.16000000,77461.16000000,130.56583000
2026-04-26T02:00:00+00:00,BTC/USDT,1h,77461.16000000,77590.97000000,77452.07000000,77512.67000000,85.92459000
2026-04-26T03:00:00+00:00,BTC/USDT,1h,77512.67000000,77541.96000000,77326.51000000,77400.21000000,146.77411000
2026-04-26T04:00:00+00:00,BTC/USDT,1h,77400.21000000,77814.43000000,77383.46000000,77774.29000000,227.07196000
2026-04-26T05:00:00+00:00,BTC/USDT,1h,77774.29000000,78200.00000000,77719.77000000,77983.31000000,797.06637000
2026-04-26T06:00:00+00:00,BTC/USDT,1h,77983.31000000,78045.00000000,77899.45000000,77999.04000000,206.01822000
2026-04-26T07:00:00+00:00,BTC/USDT,1h,77999.04000000,78121.45000000,77968.36000000,78102.53000000,175.61130000
2026-04-26T08:00:00+00:00,BTC/USDT,1h,78102.53000000,78210.00000000,78019.65000000,78032.59000000,265.96473000
2026-04-26T09:00:00+00:00,BTC/USDT,1h,78032.59000000,78058.45000000,77926.59000000,77999.99000000,168.80014000
2026-04-26T10:00:00+00:00,BTC/USDT,1h,78000.00000000,78050.19000000,77954.00000000,78002.43000000,153.34740000
2026-04-26T11:00:00+00:00,BTC/USDT,1h,78002.43000000,78149.99000000,78002.42000000,78101.44000000,133.58626000
2026-04-26T12:00:00+00:00,BTC/USDT,1h,78101.43000000,78101.50000000,77770.00000000,77833.08000000,296.93614000
2026-04-26T13:00:00+00:00,BTC/USDT,1h,77833.08000000,77996.69000000,77797.13000000,77977.79000000,254.46962000
2026-04-26T14:00:00+00:00,BTC/USDT,1h,77977.79000000,78173.15000000,77871.85000000,78095.66000000,401.66239000
2026-04-26T15:00:00+00:00,BTC/USDT,1h,78095.65000000,78121.92000000,77988.89000000,78049.00000000,177.47420000
2026-04-26T16:00:00+00:00,BTC/USDT,1h,78049.00000000,78086.47000000,77919.42000000,77919.43000000,198.96678000
2026-04-26T17:00:00+00:00,BTC/USDT,1h,77919.43000000,78050.00000000,77850.00000000,78018.57000000,373.25532000
2026-04-26T18:00:00+00:00,BTC/USDT,1h,78018.57000000,78346.89000000,77988.11000000,78283.96000000,421.27794000
2026-04-26T19:00:00+00:00,BTC/USDT,1h,78283.97000000,78500.00000000,78013.76000000,78221.16000000,511.56000000
2026-04-26T20:00:00+00:00,BTC/USDT,1h,78221.17000000,78377.77000000,78158.04000000,78194.22000000,172.13709000
2026-04-26T21:00:00+00:00,BTC/USDT,1h,78194.21000000,78961.00000000,77843.75000000,78417.41000000,977.34524000
2026-04-26T22:00:00+00:00,BTC/USDT,1h,78417.41000000,78850.30000000,77953.26000000,78313.52000000,710.63176000
2026-04-26T23:00:00+00:00,BTC/USDT,1h,78313.52000000,78901.63000000,78041.05000000,78657.55000000,669.20184000
2026-04-27T00:00:00+00:00,BTC/USDT,1h,78657.55000000,79392.40000000,78400.03000000,79308.60000000,1271.22649000
2026-04-27T01:00:00+00:00,BTC/USDT,1h,79309.00000000,79485.66000000,78730.71000000,79283.66000000,993.09217000
2026-04-27T02:00:00+00:00,BTC/USDT,1h,79283.65000000,79304.00000000,79030.91000000,79130.01000000,381.22923000
2026-04-27T03:00:00+00:00,BTC/USDT,1h,79130.01000000,79316.50000000,79077.81000000,79105.49000000,397.44839000
2026-04-27T04:00:00+00:00,BTC/USDT,1h,79105.50000000,79160.00000000,78872.42000000,78924.22000000,417.67922000
2026-04-27T05:00:00+00:00,BTC/USDT,1h,78924.21000000,78938.00000000,77562.63000000,77785.54000000,1805.78745000
2026-04-27T06:00:00+00:00,BTC/USDT,1h,77785.55000000,77871.90000000,77465.05000000,77700.12000000,641.73182000
2026-04-27T07:00:00+00:00,BTC/USDT,1h,77700.12000000,77734.79000000,77562.08000000,77606.60000000,743.19766000
2026-04-27T08:00:00+00:00,BTC/USDT,1h,77606.59000000,77816.18000000,77553.23000000,77804.34000000,465.54163000
2026-04-27T09:00:00+00:00,BTC/USDT,1h,77804.34000000,77980.00000000,77700.00000000,77900.01000000,578.50773000
2026-04-27T10:00:00+00:00,BTC/USDT,1h,77900.01000000,77935.66000000,77792.46000000,77850.01000000,311.10764000
2026-04-27T11:00:00+00:00,BTC/USDT,1h,77850.01000000,77885.46000000,77740.39000000,77844.26000000,252.77882000
2026-04-27T12:00:00+00:00,BTC/USDT,1h,77844.25000000,77867.33000000,77620.00000000,77667.36000000,415.46743000
2026-04-27T13:00:00+00:00,BTC/USDT,1h,77667.36000000,77966.80000000,77571.79000000,77746.74000000,762.71670000
2026-04-27T14:00:00+00:00,BTC/USDT,1h,77746.74000000,78265.34000000,77680.00000000,77815.25000000,744.42829000
2026-04-27T15:00:00+00:00,BTC/USDT,1h,77815.26000000,77827.17000000,76564.33000000,76793.09000000,1882.17067000
2026-04-27T16:00:00+00:00,BTC/USDT,1h,76793.10000000,76868.01000000,76546.00000000,76618.59000000,809.46498000
2026-04-27T17:00:00+00:00,BTC/USDT,1h,76618.59000000,76990.43000000,76618.59000000,76743.24000000,874.80558000
2026-04-27T18:00:00+00:00,BTC/USDT,1h,76743.23000000,76890.99000000,76668.52000000,76834.06000000,361.97331000
2026-04-27T19:00:00+00:00,BTC/USDT,1h,76834.05000000,76894.70000000,76459.64000000,76878.07000000,598.68003000
2026-04-27T20:00:00+00:00,BTC/USDT,1h,76878.23000000,77067.80000000,76844.16000000,76960.43000000,310.80766000
2026-04-27T21:00:00+00:00,BTC/USDT,1h,76960.43000000,76981.53000000,76786.80000000,76786.81000000,223.94467000
2026-04-27T22:00:00+00:00,BTC/USDT,1h,76786.81000000,77082.78000000,76763.71000000,77066.42000000,364.86359000
2026-04-27T23:00:00+00:00,BTC/USDT,1h,77066.42000000,77450.00000000,77018.56000000,77371.32000000,438.27302000
2026-04-28T00:00:00+00:00,BTC/USDT,1h,77371.32000000,77478.00000000,77210.92000000,77379.62000000,327.26244000
2026-04-28T01:00:00+00:00,BTC/USDT,1h,77379.62000000,77394.10000000,77038.10000000,77084.68000000,404.77602000
2026-04-28T02:00:00+00:00,BTC/USDT,1h,77084.69000000,77227.03000000,76672.56000000,76890.93000000,437.75480000
2026-04-28T03:00:00+00:00,BTC/USDT,1h,76890.92000000,76890.92000000,76672.00000000,76815.18000000,278.47081000
2026-04-28T04:00:00+00:00,BTC/USDT,1h,76815.18000000,76950.00000000,76701.35000000,76888.08000000,274.86374000
2026-04-28T05:00:00+00:00,BTC/USDT,1h,76888.08000000,77154.00000000,76811.01000000,76885.98000000,510.80129000
2026-04-28T06:00:00+00:00,BTC/USDT,1h,76885.97000000,77027.91000000,76588.00000000,76720.00000000,465.05641000
2026-04-28T07:00:00+00:00,BTC/USDT,1h,76720.01000000,76922.22000000,76424.90000000,76879.28000000,1631.99051000
2026-04-28T08:00:00+00:00,BTC/USDT,1h,76879.28000000,77013.63000000,76741.12000000,76858.59000000,1043.07562000
2026-04-28T09:00:00+00:00,BTC/USDT,1h,76858.59000000,76863.54000000,76495.91000000,76598.00000000,361.69239000
2026-04-28T10:00:00+00:00,BTC/USDT,1h,76597.99000000,76692.19000000,76484.70000000,76618.35000000,418.24563000
2026-04-28T11:00:00+00:00,BTC/USDT,1h,76618.35000000,76649.86000000,76130.10000000,76229.00000000,1019.71842000
2026-04-28T12:00:00+00:00,BTC/USDT,1h,76228.99000000,76421.94000000,76168.84000000,76372.05000000,652.01316000
2026-04-28T13:00:00+00:00,BTC/USDT,1h,76372.04000000,76411.72000000,75924.98000000,76189.84000000,1288.52500000
2026-04-28T14:00:00+00:00,BTC/USDT,1h,76189.85000000,76199.99000000,75666.60000000,75949.99000000,1264.27580000
2026-04-28T15:00:00+00:00,BTC/USDT,1h,75950.00000000,76085.42000000,75836.88000000,76066.38000000,571.95819000
2026-04-28T16:00:00+00:00,BTC/USDT,1h,76066.37000000,76218.06000000,75881.28000000,76125.04000000,447.54534000
2026-04-28T17:00:00+00:00,BTC/USDT,1h,76125.04000000,76262.63000000,75959.05000000,76187.30000000,337.12149000
2026-04-28T18:00:00+00:00,BTC/USDT,1h,76187.30000000,76280.91000000,76137.86000000,76242.18000000,337.48355000
2026-04-28T19:00:00+00:00,BTC/USDT,1h,76242.17000000,76380.83000000,76066.35000000,76330.97000000,259.65416000
2026-04-28T20:00:00+00:00,BTC/USDT,1h,76330.97000000,76480.00000000,76323.71000000,76463.95000000,259.71578000
2026-04-28T21:00:00+00:00,BTC/USDT,1h,76463.95000000,76481.30000000,76267.61000000,76357.15000000,281.17357000
2026-04-28T22:00:00+00:00,BTC/USDT,1h,76357.15000000,76446.26000000,76218.00000000,76242.17000000,157.60986000
2026-04-28T23:00:00+00:00,BTC/USDT,1h,76242.17000000,76370.00000000,76197.02000000,76342.77000000,179.93985000
2026-04-29T00:00:00+00:00,BTC/USDT,1h,76342.78000000,76557.97000000,76276.00000000,76512.00000000,636.88517000
2026-04-29T01:00:00+00:00,BTC/USDT,1h,76511.99000000,76668.02000000,76187.75000000,76571.00000000,371.48818000
2026-04-29T02:00:00+00:00,BTC/USDT,1h,76571.00000000,76666.82000000,76402.72000000,76531.29000000,315.29662000
2026-04-29T03:00:00+00:00,BTC/USDT,1h,76531.29000000,77127.62000000,76519.94000000,76994.78000000,568.25927000
2026-04-29T04:00:00+00:00,BTC/USDT,1h,76994.77000000,77455.71000000,76880.00000000,77269.76000000,655.24397000
2026-04-29T05:00:00+00:00,BTC/USDT,1h,77269.76000000,77329.31000000,77198.07000000,77288.38000000,412.95649000
2026-04-29T06:00:00+00:00,BTC/USDT,1h,77288.39000000,77337.57000000,76907.07000000,77031.06000000,974.38933000
2026-04-29T07:00:00+00:00,BTC/USDT,1h,77031.07000000,77182.91000000,77031.06000000,77053.64000000,931.98531000
2026-04-29T08:00:00+00:00,BTC/USDT,1h,77053.65000000,77148.79000000,76972.32000000,77046.32000000,539.09721000
2026-04-29T09:00:00+00:00,BTC/USDT,1h,77046.31000000,77800.00000000,76972.32000000,77642.00000000,835.54071000
2026-04-29T10:00:00+00:00,BTC/USDT,1h,77642.00000000,77904.93000000,77559.19000000,77619.61000000,790.81622000
2026-04-29T11:00:00+00:00,BTC/USDT,1h,77619.62000000,77694.61000000,77485.81000000,77590.03000000,531.75140000
2026-04-29T12:00:00+00:00,BTC/USDT,1h,77590.04000000,77596.39000000,76850.00000000,77143.68000000,1776.35149000
2026-04-29T13:00:00+00:00,BTC/USDT,1h,77143.68000000,77240.00000000,76425.62000000,76783.43000000,1000.69490000
2026-04-29T14:00:00+00:00,BTC/USDT,1h,76783.42000000,76927.69000000,76489.99000000,76570.00000000,1353.72071000
2026-04-29T15:00:00+00:00,BTC/USDT,1h,76570.00000000,76634.61000000,75705.32000000,75924.25000000,1132.75734000
2026-04-29T16:00:00+00:00,BTC/USDT,1h,75924.24000000,76125.47000000,75696.13000000,75803.54000000,1021.10079000
2026-04-29T17:00:00+00:00,BTC/USDT,1h,75803.55000000,76184.01000000,75803.55000000,76184.01000000,549.93434000
2026-04-29T18:00:00+00:00,BTC/USDT,1h,76184.00000000,76274.80000000,74937.52000000,75513.91000000,1926.88309000
2026-04-29T19:00:00+00:00,BTC/USDT,1h,75513.92000000,75591.83000000,75302.31000000,75563.86000000,464.57540000
2026-04-29T20:00:00+00:00,BTC/USDT,1h,75563.87000000,75857.32000000,75497.43000000,75676.79000000,575.31173000
2026-04-29T21:00:00+00:00,BTC/USDT,1h,75676.79000000,76088.90000000,75607.70000000,75933.93000000,363.06477000
2026-04-29T22:00:00+00:00,BTC/USDT,1h,75933.94000000,76004.14000000,75818.14000000,75927.38000000,272.33397000
2026-04-29T23:00:00+00:00,BTC/USDT,1h,75927.38000000,75990.06000000,75692.33000000,75780.00000000,279.49181000
2026-04-30T00:00:00+00:00,BTC/USDT,1h,75780.00000000,76344.61000000,75656.03000000,76248.74000000,562.71461000
2026-04-30T01:00:00+00:00,BTC/USDT,1h,76248.76000000,76473.26000000,76178.73000000,76232.80000000,331.53653000
2026-04-30T02:00:00+00:00,BTC/USDT,1h,76232.81000000,76351.04000000,75494.70000000,75704.74000000,537.06765000
2026-04-30T03:00:00+00:00,BTC/USDT,1h,75704.74000000,75994.26000000,75659.85000000,75928.10000000,182.12647000
2026-04-30T04:00:00+00:00,BTC/USDT,1h,75928.09000000,75963.92000000,75414.57000000,75497.00000000,426.96926000
2026-04-30T05:00:00+00:00,BTC/USDT,1h,75497.01000000,75750.00000000,75323.65000000,75600.09000000,491.70915000
2026-04-30T06:00:00+00:00,BTC/USDT,1h,75600.09000000,75867.90000000,75569.99000000,75753.53000000,372.15072000
2026-04-30T07:00:00+00:00,BTC/USDT,1h,75753.54000000,76179.91000000,75718.50000000,76161.67000000,516.75183000
2026-04-30T08:00:00+00:00,BTC/USDT,1h,76161.67000000,76208.92000000,76019.57000000,76058.17000000,350.94571000
2026-04-30T09:00:00+00:00,BTC/USDT,1h,76058.17000000,76339.38000000,76012.60000000,76097.19000000,445.01057000
2026-04-30T10:00:00+00:00,BTC/USDT,1h,76097.19000000,76163.52000000,75974.93000000,76028.66000000,365.18719000
2026-04-30T11:00:00+00:00,BTC/USDT,1h,76028.66000000,76244.36000000,75876.29000000,76059.43000000,550.88667000
2026-04-30T12:00:00+00:00,BTC/USDT,1h,76059.42000000,76511.22000000,76042.75000000,76308.48000000,1520.57994000
2026-04-30T13:00:00+00:00,BTC/USDT,1h,76308.48000000,76669.14000000,76116.20000000,76420.44000000,927.16622000
2026-04-30T14:00:00+00:00,BTC/USDT,1h,76420.45000000,76597.51000000,76093.81000000,76301.24000000,683.75312000
2026-04-30T15:00:00+00:00,BTC/USDT,1h,76301.25000000,76653.60000000,76163.16000000,76473.60000000,374.70038000
2026-04-30T16:00:00+00:00,BTC/USDT,1h,76473.60000000,76484.60000000,76228.27000000,76261.03000000,165.45041000
2026-04-30T17:00:00+00:00,BTC/USDT,1h,76261.04000000,76328.71000000,76111.00000000,76250.01000000,273.82279000
2026-04-30T18:00:00+00:00,BTC/USDT,1h,76250.00000000,76468.84000000,76204.40000000,76350.00000000,184.15567000
2026-04-30T19:00:00+00:00,BTC/USDT,1h,76350.00000000,76514.80000000,76308.33000000,76412.80000000,307.53776000
2026-04-30T20:00:00+00:00,BTC/USDT,1h,76412.80000000,76568.90000000,76318.31000000,76492.46000000,287.06721000
2026-04-30T21:00:00+00:00,BTC/USDT,1h,76492.45000000,76535.42000000,76240.78000000,76241.78000000,183.08169000
2026-04-30T22:00:00+00:00,BTC/USDT,1h,76241.77000000,76449.16000000,76206.02000000,76237.06000000,158.56535000
2026-04-30T23:00:00+00:00,BTC/USDT,1h,76237.07000000,76380.20000000,76217.96000000,76346.57000000,182.87917000
2026-05-01T00:00:00+00:00,BTC/USDT,1h,76346.58000000,76591.00000000,76320.42000000,76458.05000000,502.88844000
2026-05-01T01:00:00+00:00,BTC/USDT,1h,76458.06000000,76776.21000000,76449.50000000,76686.13000000,486.84554000
2026-05-01T02:00:00+00:00,BTC/USDT,1h,76686.12000000,76744.60000000,76533.74000000,76592.54000000,204.45438000
2026-05-01T03:00:00+00:00,BTC/USDT,1h,76592.54000000,77453.74000000,76555.06000000,77131.08000000,1056.19913000
2026-05-01T04:00:00+00:00,BTC/USDT,1h,77131.08000000,77206.38000000,76653.60000000,77042.44000000,995.75921000
2026-05-01T05:00:00+00:00,BTC/USDT,1h,77042.44000000,77184.96000000,77033.91000000,77165.98000000,283.75111000
2026-05-01T06:00:00+00:00,BTC/USDT,1h,77165.99000000,77179.53000000,76882.00000000,76993.48000000,439.15205000
2026-05-01T07:00:00+00:00,BTC/USDT,1h,76993.49000000,77140.36000000,76957.04000000,77130.54000000,633.73250000
2026-05-01T08:00:00+00:00,BTC/USDT,1h,77130.54000000,77500.00000000,77048.00000000,77377.47000000,697.73561000
2026-05-01T09:00:00+00:00,BTC/USDT,1h,77377.48000000,77391.99000000,77200.15000000,77268.55000000,355.16559000
2026-05-01T10:00:00+00:00,BTC/USDT,1h,77268.56000000,77433.72000000,77146.48000000,77304.34000000,330.99244000
2026-05-01T11:00:00+00:00,BTC/USDT,1h,77303.80000000,77600.00000000,77263.66000000,77463.98000000,584.37960000
2026-05-01T12:00:00+00:00,BTC/USDT,1h,77463.98000000,78170.20000000,77408.73000000,77896.01000000,1392.97654000
2026-05-01T13:00:00+00:00,BTC/USDT,1h,77896.01000000,78914.12000000,77896.00000000,78737.25000000,2354.33999000
2026-05-01T14:00:00+00:00,BTC/USDT,1h,78737.26000000,78871.80000000,78051.86000000,78358.75000000,1970.70152000
2026-05-01T15:00:00+00:00,BTC/USDT,1h,78358.74000000,78735.92000000,78176.06000000,78445.89000000,1013.17746000
2026-05-01T16:00:00+00:00,BTC/USDT,1h,78445.88000000,78683.23000000,78167.53000000,78214.36000000,704.68666000
2026-05-01T17:00:00+00:00,BTC/USDT,1h,78214.36000000,78584.61000000,78131.02000000,78552.94000000,489.31938000
2026-05-01T18:00:00+00:00,BTC/USDT,1h,78552.93000000,78623.37000000,78375.53000000,78423.90000000,487.76487000
2026-05-01T19:00:00+00:00,BTC/USDT,1h,78423.91000000,78540.00000000,78313.16000000,78360.00000000,512.65483000
2026-05-01T20:00:00+00:00,BTC/USDT,1h,78360.01000000,78422.81000000,77752.00000000,77880.18000000,827.52759000
2026-05-01T21:00:00+00:00,BTC/USDT,1h,77880.18000000,78200.00000000,77857.97000000,78199.99000000,485.72824000
2026-05-01T22:00:00+00:00,BTC/USDT,1h,78200.00000000,78411.13000000,78144.70000000,78153.38000000,331.97786000
2026-05-01T23:00:00+00:00,BTC/USDT,1h,78153.37000000,78249.60000000,78043.28000000,78231.13000000,173.55448000
2026-05-02T00:00:00+00:00,BTC/USDT,1h,78231.13000000,78393.39000000,78166.48000000,78341.75000000,211.29374000
2026-05-02T01:00:00+00:00,BTC/USDT,1h,78341.75000000,78441.31000000,78294.19000000,78355.00000000,400.98852000
2026-05-02T02:00:00+00:00,BTC/USDT,1h,78355.00000000,78513.70000000,78260.95000000,78353.93000000,283.69022000
2026-05-02T03:00:00+00:00,BTC/USDT,1h,78353.93000000,78514.82000000,78237.25000000,78400.00000000,300.16391000
2026-05-02T04:00:00+00:00,BTC/USDT,1h,78399.99000000,78448.99000000,78123.53000000,78175.50000000,411.85061000
2026-05-02T05:00:00+00:00,BTC/USDT,1h,78175.50000000,78235.25000000,78040.00000000,78174.00000000,526.60294000
2026-05-02T06:00:00+00:00,BTC/USDT,1h,78174.00000000,78363.21000000,78148.24000000,78327.80000000,366.56450000
2026-05-02T07:00:00+00:00,BTC/USDT,1h,78327.80000000,78342.18000000,78207.20000000,78220.00000000,170.02066000
2026-05-02T08:00:00+00:00,BTC/USDT,1h,78220.00000000,78356.51000000,78165.30000000,78315.37000000,204.83037000
2026-05-02T09:00:00+00:00,BTC/USDT,1h,78315.36000000,78394.00000000,78220.00000000,78293.57000000,257.64077000
2026-05-02T10:00:00+00:00,BTC/USDT,1h,78293.57000000,78311.97000000,78225.22000000,78249.30000000,136.41815000
2026-05-02T11:00:00+00:00,BTC/USDT,1h,78249.31000000,78249.31000000,78094.43000000,78143.08000000,269.24301000
2026-05-02T12:00:00+00:00,BTC/USDT,1h,78143.09000000,78262.37000000,78108.41000000,78211.24000000,182.77682000
2026-05-02T13:00:00+00:00,BTC/USDT,1h,78211.24000000,78423.85000000,78211.24000000,78367.06000000,227.00487000
2026-05-02T14:00:00+00:00,BTC/USDT,1h,78367.06000000,78484.42000000,78309.84000000,78423.98000000,190.15931000
2026-05-02T15:00:00+00:00,BTC/USDT,1h,78423.98000000,78487.68000000,78365.96000000,78487.67000000,126.14054000
2026-05-02T16:00:00+00:00,BTC/USDT,1h,78487.67000000,78596.61000000,78430.07000000,78455.02000000,194.42514000
2026-05-02T17:00:00+00:00,BTC/USDT,1h,78455.02000000,78485.53000000,78368.24000000,78398.02000000,213.39843000
2026-05-02T18:00:00+00:00,BTC/USDT,1h,78398.03000000,78493.31000000,78310.54000000,78466.62000000,118.15969000
2026-05-02T19:00:00+00:00,BTC/USDT,1h,78466.63000000,78521.68000000,78440.11000000,78486.00000000,182.05466000
2026-05-02T20:00:00+00:00,BTC/USDT,1h,78486.23000000,78491.26000000,78418.32000000,78451.38000000,61.92886000
2026-05-02T21:00:00+00:00,BTC/USDT,1h,78451.37000000,79199.48000000,78439.51000000,78719.78000000,734.53837000
2026-05-02T22:00:00+00:00,BTC/USDT,1h,78719.78000000,78872.39000000,78610.46000000,78832.98000000,266.49012000
2026-05-02T23:00:00+00:00,BTC/USDT,1h,78832.98000000,78832.98000000,78631.90000000,78686.85000000,114.49221000
2026-05-03T00:00:00+00:00,BTC/USDT,1h,78686.84000000,78754.55000000,78490.61000000,78542.32000000,233.96416000
2026-05-03T01:00:00+00:00,BTC/USDT,1h,78542.33000000,78542.33000000,78152.25000000,78240.83000000,391.01401000
2026-05-03T02:00:00+00:00,BTC/USDT,1h,78240.84000000,78309.09000000,78108.75000000,78171.85000000,222.42918000
2026-05-03T03:00:00+00:00,BTC/USDT,1h,78171.86000000,78217.59000000,78109.94000000,78203.08000000,200.35590000
2026-05-03T04:00:00+00:00,BTC/USDT,1h,78203.07000000,78236.45000000,78120.00000000,78163.19000000,89.71363000
2026-05-03T05:00:00+00:00,BTC/USDT,1h,78163.19000000,78260.75000000,78163.17000000,78249.42000000,98.09285000
2026-05-03T06:00:00+00:00,BTC/USDT,1h,78249.41000000,78337.26000000,78084.08000000,78288.30000000,306.94233000
2026-05-03T07:00:00+00:00,BTC/USDT,1h,78288.30000000,78483.67000000,78288.29000000,78363.25000000,299.42086000
2026-05-03T08:00:00+00:00,BTC/USDT,1h,78363.24000000,78505.92000000,78363.24000000,78387.86000000,102.01693000
2026-05-03T09:00:00+00:00,BTC/USDT,1h,78387.87000000,78604.67000000,78354.53000000,78529.57000000,293.13210000
2026-05-03T10:00:00+00:00,BTC/USDT,1h,78529.57000000,78534.40000000,78406.97000000,78408.01000000,140.79481000
2026-05-03T11:00:00+00:00,BTC/USDT,1h,78408.01000000,78849.22000000,78380.00000000,78656.01000000,412.83130000
2026-05-03T12:00:00+00:00,BTC/USDT,1h,78656.01000000,78878.77000000,78656.00000000,78747.09000000,294.28187000
2026-05-03T13:00:00+00:00,BTC/USDT,1h,78747.09000000,78769.63000000,78586.99000000,78670.01000000,196.40341000
2026-05-03T14:00:00+00:00,BTC/USDT,1h,78670.01000000,78786.57000000,78608.70000000,78741.00000000,409.96615000
2026-05-03T15:00:00+00:00,BTC/USDT,1h,78741.00000000,78815.19000000,78633.40000000,78668.36000000,237.20487000
2026-05-03T16:00:00+00:00,BTC/USDT,1h,78668.36000000,78784.56000000,78600.00000000,78654.00000000,167.53902000
2026-05-03T17:00:00+00:00,BTC/USDT,1h,78654.01000000,78822.83000000,78558.65000000,78725.76000000,357.92550000
2026-05-03T18:00:00+00:00,BTC/USDT,1h,78725.76000000,78763.57000000,78631.61000000,78739.67000000,138.18974000
2026-05-03T19:00:00+00:00,BTC/USDT,1h,78739.68000000,78853.32000000,78676.67000000,78760.32000000,252.60944000
2026-05-03T20:00:00+00:00,BTC/USDT,1h,78760.32000000,79268.00000000,78732.04000000,78915.99000000,645.79790000
2026-05-03T21:00:00+00:00,BTC/USDT,1h,78915.99000000,79056.59000000,78650.00000000,78831.59000000,357.48617000
2026-05-03T22:00:00+00:00,BTC/USDT,1h,78831.60000000,79447.00000000,78831.60000000,79177.29000000,934.95879000
2026-05-03T23:00:00+00:00,BTC/USDT,1h,79177.29000000,79287.82000000,78484.42000000,78568.57000000,642.72198000
2026-05-04T00:00:00+00:00,BTC/USDT,1h,78568.58000000,78572.57000000,78288.88000000,78547.14000000,434.86007000
2026-05-04T01:00:00+00:00,BTC/USDT,1h,78547.15000000,79848.84000000,78412.49000000,79769.43000000,1366.42153000
2026-05-04T02:00:00+00:00,BTC/USDT,1h,79769.43000000,80420.90000000,79540.05000000,80173.30000000,2278.14954000
2026-05-04T03:00:00+00:00,BTC/USDT,1h,80173.30000000,80458.00000000,79926.90000000,80316.31000000,1012.18218000
2026-05-04T04:00:00+00:00,BTC/USDT,1h,80316.30000000,80635.51000000,80233.04000000,80332.06000000,1362.02834000
2026-05-04T05:00:00+00:00,BTC/USDT,1h,80332.06000000,80395.96000000,79956.25000000,80027.26000000,746.81318000
2026-05-04T06:00:00+00:00,BTC/USDT,1h,80027.26000000,80048.64000000,79500.00000000,79877.90000000,1103.73906000
2026-05-04T07:00:00+00:00,BTC/USDT,1h,79877.91000000,79946.33000000,79672.00000000,79696.75000000,419.83178000
2026-05-04T08:00:00+00:00,BTC/USDT,1h,79696.75000000,79800.00000000,79602.32000000,79708.30000000,435.36516000
2026-05-04T09:00:00+00:00,BTC/USDT,1h,79708.30000000,79930.00000000,79647.87000000,79838.48000000,473.40316000
2026-05-04T10:00:00+00:00,BTC/USDT,1h,79838.49000000,79880.00000000,78202.00000000,78940.26000000,4380.72428000
2026-05-04T11:00:00+00:00,BTC/USDT,1h,78940.27000000,79124.83000000,78708.87000000,78793.67000000,699.54546000
2026-05-04T12:00:00+00:00,BTC/USDT,1h,78793.67000000,79020.00000000,78718.55000000,78857.18000000,426.01688000
2026-05-04T13:00:00+00:00,BTC/USDT,1h,78857.18000000,79124.83000000,78581.74000000,78790.00000000,725.07004000
2026-05-04T14:00:00+00:00,BTC/USDT,1h,78790.01000000,80545.17000000,78500.00000000,80216.16000000,2308.42012000
2026-05-04T15:00:00+00:00,BTC/USDT,1h,80216.15000000,80367.93000000,79320.28000000,80028.85000000,2458.63305000
2026-05-04T16:00:00+00:00,BTC/USDT,1h,80028.85000000,80395.68000000,79619.33000000,80025.03000000,1492.78417000
2026-05-04T17:00:00+00:00,BTC/USDT,1h,80025.03000000,80776.99000000,80021.50000000,80390.81000000,1080.11249000
2026-05-04T18:00:00+00:00,BTC/USDT,1h,80390.80000000,80439.18000000,80035.32000000,80114.91000000,663.99913000
2026-05-04T19:00:00+00:00,BTC/USDT,1h,80114.91000000,80138.00000000,79900.00000000,80053.31000000,505.59924000
2026-05-04T20:00:00+00:00,BTC/USDT,1h,80053.31000000,80154.12000000,79901.00000000,79936.70000000,459.51864000
2026-05-04T21:00:00+00:00,BTC/USDT,1h,79936.70000000,80383.15000000,79936.70000000,80259.17000000,343.30642000
2026-05-04T22:00:00+00:00,BTC/USDT,1h,80259.18000000,80397.19000000,80042.84000000,80067.23000000,272.35375000
2026-05-04T23:00:00+00:00,BTC/USDT,1h,80067.22000000,80067.22000000,79744.91000000,79861.01000000,594.08368000
2026-05-05T00:00:00+00:00,BTC/USDT,1h,79861.01000000,80183.33000000,79808.72000000,80170.66000000,425.73287000
2026-05-05T01:00:00+00:00,BTC/USDT,1h,80170.66000000,80385.06000000,80080.76000000,80352.00000000,530.02962000
2026-05-05T02:00:00+00:00,BTC/USDT,1h,80351.99000000,80900.00000000,80300.00000000,80554.68000000,768.44478000
2026-05-05T03:00:00+00:00,BTC/USDT,1h,80554.69000000,81083.98000000,80457.93000000,80893.08000000,677.93372000
2026-05-05T04:00:00+00:00,BTC/USDT,1h,80893.08000000,80982.59000000,80725.00000000,80902.44000000,528.94138000
2026-05-05T05:00:00+00:00,BTC/USDT,1h,80902.44000000,81323.52000000,80830.06000000,80970.00000000,1011.38606000
2026-05-05T06:00:00+00:00,BTC/USDT,1h,80969.99000000,81016.42000000,80800.00000000,80976.00000000,389.83367000
2026-05-05T07:00:00+00:00,BTC/USDT,1h,80976.00000000,81136.59000000,80826.00000000,80855.59000000,1044.43230000
2026-05-05T08:00:00+00:00,BTC/USDT,1h,80855.59000000,80895.50000000,80723.20000000,80815.24000000,474.45790000
2026-05-05T09:00:00+00:00,BTC/USDT,1h,80815.24000000,80815.24000000,80527.76000000,80586.02000000,865.34761000
2026-05-05T10:00:00+00:00,BTC/USDT,1h,80586.02000000,80831.87000000,80530.82000000,80823.61000000,521.10422000
2026-05-05T11:00:00+00:00,BTC/USDT,1h,80823.61000000,81095.48000000,80780.00000000,81014.05000000,623.66253000
2026-05-05T12:00:00+00:00,BTC/USDT,1h,81014.05000000,81329.61000000,80932.54000000,81279.41000000,607.82057000
2026-05-05T13:00:00+00:00,BTC/USDT,1h,81279.40000000,81712.32000000,81196.00000000,81330.00000000,1771.41690000
2026-05-05T14:00:00+00:00,BTC/USDT,1h,81330.00000000,81500.00000000,80939.87000000,81336.59000000,1282.91373000
2026-05-05T15:00:00+00:00,BTC/USDT,1h,81336.59000000,81689.20000000,81235.00000000,81525.19000000,899.04049000
2026-05-05T16:00:00+00:00,BTC/USDT,1h,81525.19000000,81615.33000000,81050.04000000,81285.75000000,707.45267000
2026-05-05T17:00:00+00:00,BTC/USDT,1h,81285.75000000,81458.26000000,81185.02000000,81270.60000000,280.80669000
2026-05-05T18:00:00+00:00,BTC/USDT,1h,81270.61000000,81599.00000000,81270.61000000,81515.00000000,427.56223000
2026-05-05T19:00:00+00:00,BTC/USDT,1h,81515.00000000,81680.00000000,81407.58000000,81606.35000000,364.63717000
2026-05-05T20:00:00+00:00,BTC/USDT,1h,81606.35000000,81770.00000000,81510.13000000,81646.38000000,724.67261000
2026-05-05T21:00:00+00:00,BTC/USDT,1h,81646.39000000,81791.48000000,81305.27000000,81407.11000000,618.58873000
2026-05-05T22:00:00+00:00,BTC/USDT,1h,81407.11000000,81600.00000000,80817.72000000,81111.27000000,921.88572000
2026-05-05T23:00:00+00:00,BTC/USDT,1h,81111.27000000,81222.03000000,80790.00000000,80905.52000000,479.07578000
2026-05-06T00:00:00+00:00,BTC/USDT,1h,80905.53000000,81262.28000000,80731.14000000,81030.01000000,876.19915000
2026-05-06T01:00:00+00:00,BTC/USDT,1h,81030.00000000,81534.23000000,80996.00000000,81439.34000000,803.82574000
2026-05-06T02:00:00+00:00,BTC/USDT,1h,81439.34000000,81449.04000000,81047.01000000,81363.54000000,621.19491000
2026-05-06T03:00:00+00:00,BTC/USDT,1h,81363.54000000,81760.84000000,81358.17000000,81581.69000000,710.52364000
2026-05-06T04:00:00+00:00,BTC/USDT,1h,81581.70000000,81649.99000000,81270.00000000,81331.10000000,575.64130000
2026-05-06T05:00:00+00:00,BTC/USDT,1h,81331.10000000,81360.30000000,81060.00000000,81333.00000000,592.18650000
2026-05-06T06:00:00+00:00,BTC/USDT,1h,81333.00000000,81516.90000000,81211.34000000,81476.71000000,524.13540000
2026-05-06T07:00:00+00:00,BTC/USDT,1h,81476.71000000,81611.00000000,81307.81000000,81359.82000000,608.74333000
2026-05-06T08:00:00+00:00,BTC/USDT,1h,81359.82000000,81986.00000000,81328.68000000,81945.66000000,1353.41416000
2026-05-06T09:00:00+00:00,BTC/USDT,1h,81945.66000000,82060.00000000,81682.70000000,81997.00000000,1096.73350000
2026-05-06T10:00:00+00:00,BTC/USDT,1h,81997.00000000,82390.00000000,81953.25000000,82290.04000000,1302.85091000
2026-05-06T11:00:00+00:00,BTC/USDT,1h,82290.03000000,82850.00000000,82261.60000000,82522.89000000,1435.93329000
2026-05-06T12:00:00+00:00,BTC/USDT,1h,82522.88000000,82539.33000000,82164.61000000,82220.47000000,820.92810000
2026-05-06T13:00:00+00:00,BTC/USDT,1h,82220.47000000,82220.47000000,81600.00000000,81670.89000000,1247.90169000
2026-05-06T14:00:00+00:00,BTC/USDT,1h,81670.90000000,81980.72000000,81136.00000000,81526.73000000,1615.07708000
2026-05-06T15:00:00+00:00,BTC/USDT,1h,81526.74000000,81823.00000000,81316.28000000,81704.25000000,824.75333000
2026-05-06T16:00:00+00:00,BTC/USDT,1h,81704.25000000,81907.51000000,81431.16000000,81630.94000000,983.55485000
2026-05-06T17:00:00+00:00,BTC/USDT,1h,81630.94000000,81709.32000000,81394.00000000,81452.63000000,417.39237000
2026-05-06T18:00:00+00:00,BTC/USDT,1h,81452.63000000,81559.17000000,81271.06000000,81353.14000000,451.84587000
2026-05-06T19:00:00+00:00,BTC/USDT,1h,81353.15000000,81522.41000000,81200.00000000,81464.87000000,517.12437000
2026-05-06T20:00:00+00:00,BTC/USDT,1h,81464.86000000,81700.00000000,81302.35000000,81427.52000000,436.46876000
2026-05-06T21:00:00+00:00,BTC/USDT,1h,81427.52000000,81618.77000000,81294.64000000,81539.16000000,310.38464000
2026-05-06T22:00:00+00:00,BTC/USDT,1h,81539.16000000,81540.91000000,81240.00000000,81342.39000000,229.58883000
2026-05-06T23:00:00+00:00,BTC/USDT,1h,81342.39000000,81447.30000000,81000.00000000,81447.01000000,442.37224000
2026-05-07T00:00:00+00:00,BTC/USDT,1h,81447.01000000,81490.03000000,80980.00000000,81016.96000000,407.52958000
2026-05-07T01:00:00+00:00,BTC/USDT,1h,81016.96000000,81284.67000000,80830.23000000,81167.80000000,565.39571000
2026-05-07T02:00:00+00:00,BTC/USDT,1h,81167.79000000,81180.74000000,80883.54000000,81113.34000000,749.95215000
2026-05-07T03:00:00+00:00,BTC/USDT,1h,81113.35000000,81113.35000000,80834.61000000,80834.91000000,345.29566000
2026-05-07T04:00:00+00:00,BTC/USDT,1h,80834.92000000,80989.59000000,80725.09000000,80979.19000000,387.82747000
2026-05-07T05:00:00+00:00,BTC/USDT,1h,80979.19000000,81172.27000000,80974.06000000,81088.00000000,355.34634000
2026-05-07T06:00:00+00:00,BTC/USDT,1h,81088.00000000,81443.21000000,80874.41000000,81438.61000000,613.68575000
2026-05-07T07:00:00+00:00,BTC/USDT,1h,81438.62000000,81708.32000000,81390.30000000,81518.58000000,681.98013000
2026-05-07T08:00:00+00:00,BTC/USDT,1h,81518.57000000,81590.00000000,81194.74000000,81231.24000000,647.38206000
2026-05-07T09:00:00+00:00,BTC/USDT,1h,81231.25000000,81231.25000000,80852.33000000,80929.00000000,659.04219000
2026-05-07T10:00:00+00:00,BTC/USDT,1h,80929.00000000,80997.00000000,80572.40000000,80850.75000000,690.56353000
2026-05-07T11:00:00+00:00,BTC/USDT,1h,80850.76000000,81041.15000000,80786.50000000,80866.65000000,367.10915000
2026-05-07T12:00:00+00:00,BTC/USDT,1h,80866.65000000,81180.00000000,80846.87000000,81162.01000000,429.19223000
2026-05-07T13:00:00+00:00,BTC/USDT,1h,81162.00000000,81162.01000000,80260.98000000,80503.68000000,1211.56578000
2026-05-07T14:00:00+00:00,BTC/USDT,1h,80503.69000000,80685.70000000,80046.00000000,80171.38000000,1538.09475000
2026-05-07T15:00:00+00:00,BTC/USDT,1h,80171.37000000,80271.42000000,79699.52000000,79890.63000000,1647.81030000
2026-05-07T16:00:00+00:00,BTC/USDT,1h,79890.00000000,80020.00000000,79646.79000000,79801.08000000,1424.92395000
2026-05-07T17:00:00+00:00,BTC/USDT,1h,79801.08000000,80135.17000000,79500.00000000,80094.52000000,919.74045000
2026-05-07T18:00:00+00:00,BTC/USDT,1h,80094.52000000,80269.06000000,80004.40000000,80200.59000000,527.27769000
2026-05-07T19:00:00+00:00,BTC/USDT,1h,80200.60000000,80224.00000000,79934.30000000,80146.11000000,443.20216000
2026-05-07T20:00:00+00:00,BTC/USDT,1h,80146.77000000,80371.23000000,79859.51000000,79879.99000000,400.51449000
2026-05-07T21:00:00+00:00,BTC/USDT,1h,79880.00000000,79934.92000000,79660.00000000,79735.01000000,401.75461000
2026-05-07T22:00:00+00:00,BTC/USDT,1h,79735.00000000,79990.00000000,79582.95000000,79919.01000000,495.14556000
2026-05-07T23:00:00+00:00,BTC/USDT,1h,79919.00000000,80068.03000000,79871.98000000,80006.00000000,244.47169000
2026-05-08T00:00:00+00:00,BTC/USDT,1h,80006.00000000,80142.84000000,79729.72000000,79831.99000000,958.06006000
2026-05-08T01:00:00+00:00,BTC/USDT,1h,79831.98000000,79900.11000000,79612.63000000,79740.01000000,539.33838000
2026-05-08T02:00:00+00:00,BTC/USDT,1h,79740.01000000,79761.61000000,79316.99000000,79488.46000000,1066.54641000
2026-05-08T03:00:00+00:00,BTC/USDT,1h,79488.47000000,79666.66000000,79181.48000000,79578.85000000,529.79179000
2026-05-08T04:00:00+00:00,BTC/USDT,1h,79578.84000000,79748.00000000,79551.26000000,79655.23000000,317.73705000
2026-05-08T05:00:00+00:00,BTC/USDT,1h,79655.22000000,79778.95000000,79600.00000000,79600.01000000,307.79364000
2026-05-08T06:00:00+00:00,BTC/USDT,1h,79600.01000000,79654.00000000,79411.00000000,79525.76000000,792.09671000
2026-05-08T07:00:00+00:00,BTC/USDT,1h,79525.77000000,79727.00000000,79248.58000000,79682.40000000,992.93778000
2026-05-08T08:00:00+00:00,BTC/USDT,1h,79682.40000000,79987.27000000,79666.05000000,79886.01000000,628.59636000
2026-05-08T09:00:00+00:00,BTC/USDT,1h,79886.00000000,80061.17000000,79794.88000000,79872.72000000,481.81051000
2026-05-08T10:00:00+00:00,BTC/USDT,1h,79872.72000000,80278.92000000,79788.01000000,80212.56000000,650.80764000
2026-05-08T11:00:00+00:00,BTC/USDT,1h,80212.55000000,80340.94000000,80127.54000000,80231.22000000,586.98252000
2026-05-08T12:00:00+00:00,BTC/USDT,1h,80231.22000000,80500.00000000,79966.14000000,80025.82000000,831.54339000
2026-05-08T13:00:00+00:00,BTC/USDT,1h,80025.81000000,80095.99000000,79549.54000000,79647.80000000,1091.58342000
2026-05-08T14:00:00+00:00,BTC/USDT,1h,79647.81000000,80441.79000000,79647.80000000,80150.97000000,1005.37450000
2026-05-08T15:00:00+00:00,BTC/USDT,1h,80150.97000000,80200.00000000,79625.00000000,80142.14000000,812.90032000
2026-05-08T16:00:00+00:00,BTC/USDT,1h,80142.13000000,80182.18000000,79741.30000000,79802.34000000,665.76300000
2026-05-08T17:00:00+00:00,BTC/USDT,1h,79802.35000000,80261.87000000,79738.75000000,80060.00000000,1502.98426000
2026-05-08T18:00:00+00:00,BTC/USDT,1h,80060.00000000,80299.99000000,80059.99000000,80078.40000000,470.37331000
2026-05-08T19:00:00+00:00,BTC/USDT,1h,80078.39000000,80181.66000000,79954.54000000,80179.94000000,408.77976000
2026-05-08T20:00:00+00:00,BTC/USDT,1h,80180.00000000,80299.93000000,80089.76000000,80133.09000000,330.63666000
2026-05-08T21:00:00+00:00,BTC/USDT,1h,80133.08000000,80264.00000000,80116.32000000,80263.99000000,269.62208000
2026-05-08T22:00:00+00:00,BTC/USDT,1h,80264.00000000,80409.09000000,80238.42000000,80262.00000000,318.15524000
2026-05-08T23:00:00+00:00,BTC/USDT,1h,80262.00000000,80299.27000000,80111.02000000,80193.17000000,441.09530000
2026-05-09T00:00:00+00:00,BTC/USDT,1h,80193.18000000,80240.87000000,80129.85000000,80238.76000000,206.53644000
2026-05-09T01:00:00+00:00,BTC/USDT,1h,80238.75000000,80446.58000000,80217.46000000,80327.75000000,266.81337000
2026-05-09T02:00:00+00:00,BTC/USDT,1h,80327.75000000,80477.47000000,80327.75000000,80417.87000000,231.63268000
2026-05-09T03:00:00+00:00,BTC/USDT,1h,80417.88000000,80550.67000000,80307.76000000,80383.95000000,388.12699000
2026-05-09T04:00:00+00:00,BTC/USDT,1h,80383.96000000,80666.66000000,80373.55000000,80379.90000000,404.43634000
2026-05-09T05:00:00+00:00,BTC/USDT,1h,80379.90000000,80480.49000000,80343.00000000,80379.49000000,360.73513000
2026-05-09T06:00:00+00:00,BTC/USDT,1h,80379.50000000,80428.01000000,80201.60000000,80263.92000000,270.37474000
2026-05-09T07:00:00+00:00,BTC/USDT,1h,80263.93000000,80309.05000000,80135.00000000,80228.89000000,445.94164000
2026-05-09T08:00:00+00:00,BTC/USDT,1h,80228.88000000,80452.44000000,80220.00000000,80407.12000000,297.06841000
2026-05-09T09:00:00+00:00,BTC/USDT,1h,80407.12000000,80415.83000000,80214.00000000,80242.53000000,211.41081000
2026-05-09T10:00:00+00:00,BTC/USDT,1h,80242.54000000,80346.94000000,80166.26000000,80264.02000000,234.54075000
2026-05-09T11:00:00+00:00,BTC/USDT,1h,80264.01000000,80366.07000000,80256.95000000,80345.46000000,266.71827000
2026-05-09T12:00:00+00:00,BTC/USDT,1h,80345.47000000,80416.21000000,80274.03000000,80397.97000000,357.45715000
2026-05-09T13:00:00+00:00,BTC/USDT,1h,80397.97000000,80422.00000000,80318.70000000,80391.18000000,341.73909000
2026-05-09T14:00:00+00:00,BTC/USDT,1h,80391.18000000,80426.90000000,80254.71000000,80332.22000000,322.24573000
2026-05-09T15:00:00+00:00,BTC/USDT,1h,80332.23000000,80600.00000000,80234.00000000,80527.92000000,418.47876000
2026-05-09T16:00:00+00:00,BTC/USDT,1h,80527.92000000,80777.00000000,80487.40000000,80625.01000000,546.55445000
2026-05-09T17:00:00+00:00,BTC/USDT,1h,80625.00000000,80928.56000000,80625.00000000,80812.70000000,430.13867000
2026-05-09T18:00:00+00:00,BTC/USDT,1h,80812.69000000,81080.00000000,80787.39000000,80907.65000000,339.35386000
2026-05-09T19:00:00+00:00,BTC/USDT,1h,80907.66000000,80958.00000000,80776.99000000,80938.53000000,217.80867000
2026-05-09T20:00:00+00:00,BTC/USDT,1h,80938.53000000,80938.53000000,80744.98000000,80805.50000000,144.14004000
2026-05-09T21:00:00+00:00,BTC/USDT,1h,80805.51000000,80896.00000000,80744.98000000,80780.83000000,149.85415000
2026-05-09T22:00:00+00:00,BTC/USDT,1h,80780.83000000,80823.24000000,80670.01000000,80782.38000000,199.54802000
2026-05-09T23:00:00+00:00,BTC/USDT,1h,80782.38000000,80850.00000000,80621.88000000,80678.40000000,496.76761000
2026-05-10T00:00:00+00:00,BTC/USDT,1h,80678.41000000,80770.51000000,80610.64000000,80680.04000000,346.27712000
2026-05-10T01:00:00+00:00,BTC/USDT,1h,80680.03000000,80690.73000000,80572.77000000,80685.56000000,410.62072000
2026-05-10T02:00:00+00:00,BTC/USDT,1h,80685.55000000,80790.00000000,80611.00000000,80777.42000000,290.59888000
2026-05-10T03:00:00+00:00,BTC/USDT,1h,80777.42000000,80887.15000000,80709.59000000,80775.00000000,284.77121000
2026-05-10T04:00:00+00:00,BTC/USDT,1h,80774.99000000,80840.00000000,80722.78000000,80759.93000000,253.45188000
2026-05-10T05:00:00+00:00,BTC/USDT,1h,80759.93000000,80816.52000000,80682.00000000,80700.77000000,372.73913000
2026-05-10T06:00:00+00:00,BTC/USDT,1h,80700.76000000,80753.04000000,80658.97000000,80733.75000000,211.55020000
2026-05-10T07:00:00+00:00,BTC/USDT,1h,80733.75000000,80827.14000000,80720.10000000,80736.03000000,400.67517000
2026-05-10T08:00:00+00:00,BTC/USDT,1h,80736.03000000,80909.65000000,80715.33000000,80830.33000000,252.36808000
2026-05-10T09:00:00+00:00,BTC/USDT,1h,80830.34000000,80913.80000000,80756.53000000,80807.96000000,237.31778000
2026-05-10T10:00:00+00:00,BTC/USDT,1h,80807.95000000,80883.48000000,80691.00000000,80873.79000000,279.49023000
2026-05-10T11:00:00+00:00,BTC/USDT,1h,80873.80000000,80975.40000000,80750.00000000,80821.21000000,339.53296000
2026-05-10T12:00:00+00:00,BTC/USDT,1h,80821.21000000,80950.00000000,80784.20000000,80927.72000000,235.68491000
2026-05-10T13:00:00+00:00,BTC/USDT,1h,80927.71000000,81000.01000000,80865.44000000,80971.67000000,254.25083000
2026-05-10T14:00:00+00:00,BTC/USDT,1h,80971.66000000,80999.36000000,80816.22000000,80990.11000000,372.45860000
2026-05-10T15:00:00+00:00,BTC/USDT,1h,80990.11000000,81442.81000000,80936.00000000,81418.01000000,780.28503000
2026-05-10T16:00:00+00:00,BTC/USDT,1h,81418.01000000,81500.00000000,81200.00000000,81378.25000000,595.22707000
2026-05-10T17:00:00+00:00,BTC/USDT,1h,81378.25000000,81583.11000000,81220.00000000,81476.18000000,599.74468000
2026-05-10T18:00:00+00:00,BTC/USDT,1h,81476.18000000,81493.11000000,81231.14000000,81271.96000000,268.90805000
2026-05-10T19:00:00+00:00,BTC/USDT,1h,81271.96000000,81481.92000000,81148.00000000,81437.83000000,334.34752000
2026-05-10T20:00:00+00:00,BTC/USDT,1h,81437.83000000,81459.66000000,80279.77000000,80734.88000000,1021.73969000
2026-05-10T21:00:00+00:00,BTC/USDT,1h,80734.88000000,80944.44000000,80571.97000000,80720.47000000,691.73163000
2026-05-10T22:00:00+00:00,BTC/USDT,1h,80720.47000000,82171.96000000,80666.66000000,82044.49000000,1804.86462000
2026-05-10T23:00:00+00:00,BTC/USDT,1h,82044.49000000,82479.32000000,82044.49000000,82210.07000000,1395.68283000
2026-05-11T00:00:00+00:00,BTC/USDT,1h,82210.07000000,82380.00000000,81280.00000000,81471.13000000,1294.00066000
2026-05-11T01:00:00+00:00,BTC/USDT,1h,81471.13000000,81744.85000000,81291.23000000,81501.72000000,495.92379000
2026-05-11T02:00:00+00:00,BTC/USDT,1h,81501.73000000,81572.40000000,81117.64000000,81169.08000000,491.97068000
2026-05-11T03:00:00+00:00,BTC/USDT,1h,81169.09000000,81188.97000000,80525.00000000,80736.01000000,857.95581000
2026-05-11T04:00:00+00:00,BTC/USDT,1h,80736.00000000,80879.12000000,80639.99000000,80824.61000000,378.47076000
2026-05-11T05:00:00+00:00,BTC/USDT,1h,80824.61000000,80981.80000000,80761.73000000,80832.33000000,423.68877000
2026-05-11T06:00:00+00:00,BTC/USDT,1h,80832.34000000,81049.51000000,80762.00000000,80822.86000000,296.00491000
2026-05-11T07:00:00+00:00,BTC/USDT,1h,80822.86000000,80840.30000000,80663.11000000,80740.40000000,496.93812000
2026-05-11T08:00:00+00:00,BTC/USDT,1h,80740.40000000,80863.42000000,80621.87000000,80767.97000000,463.92135000
2026-05-11T09:00:00+00:00,BTC/USDT,1h,80767.97000000,80997.63000000,80758.30000000,80966.57000000,330.83757000
2026-05-11T10:00:00+00:00,BTC/USDT,1h,80966.58000000,81200.00000000,80940.00000000,80940.00000000,488.26383000
2026-05-11T11:00:00+00:00,BTC/USDT,1h,80940.00000000,81196.95000000,80900.00000000,81196.94000000,356.37085000
2026-05-11T12:00:00+00:00,BTC/USDT,1h,81196.95000000,81356.46000000,81029.77000000,81054.65000000,485.89630000
2026-05-11T13:00:00+00:00,BTC/USDT,1h,81054.65000000,81332.29000000,80739.63000000,81072.00000000,767.39683000
2026-05-11T14:00:00+00:00,BTC/USDT,1h,81072.01000000,81252.72000000,80462.97000000,80953.38000000,767.64104000
2026-05-11T15:00:00+00:00,BTC/USDT,1h,80953.39000000,81458.00000000,80826.02000000,81445.90000000,647.30001000
2026-05-11T16:00:00+00:00,BTC/USDT,1h,81445.89000000,81910.35000000,81344.72000000,81575.85000000,1113.46844000
2026-05-11T17:00:00+00:00,BTC/USDT,1h,81575.84000000,82071.77000000,81369.42000000,81941.09000000,565.28919000
2026-05-11T18:00:00+00:00,BTC/USDT,1h,81941.09000000,82137.26000000,81836.15000000,81858.96000000,536.09834000
2026-05-11T19:00:00+00:00,BTC/USDT,1h,81858.97000000,82091.11000000,81739.09000000,81961.99000000,458.60970000
2026-05-11T20:00:00+00:00,BTC/USDT,1h,81961.99000000,82078.91000000,81758.50000000,81821.02000000,322.40099000
2026-05-11T21:00:00+00:00,BTC/USDT,1h,81821.03000000,81906.35000000,81600.00000000,81821.18000000,268.82965000
2026-05-11T22:00:00+00:00,BTC/USDT,1h,81821.18000000,81969.99000000,81729.99000000,81833.92000000,366.43361000
2026-05-11T23:00:00+00:00,BTC/USDT,1h,81833.92000000,81833.92000000,81596.31000000,81745.65000000,278.04936000
2026-05-12T00:00:00+00:00,BTC/USDT,1h,81745.66000000,81788.00000000,81478.75000000,81545.20000000,419.66559000
2026-05-12T01:00:00+00:00,BTC/USDT,1h,81545.20000000,81615.67000000,80714.28000000,81199.18000000,866.00547000
2026-05-12T02:00:00+00:00,BTC/USDT,1h,81199.18000000,81332.29000000,81087.63000000,81249.93000000,386.77691000
2026-05-12T03:00:00+00:00,BTC/USDT,1h,81249.93000000,81294.42000000,81024.41000000,81058.80000000,187.87319000
2026-05-12T04:00:00+00:00,BTC/USDT,1h,81058.79000000,81303.99000000,81000.00000000,81240.01000000,398.28206000
2026-05-12T05:00:00+00:00,BTC/USDT,1h,81240.01000000,81305.24000000,81181.56000000,81224.03000000,329.93857000
2026-05-12T06:00:00+00:00,BTC/USDT,1h,81224.04000000,81300.00000000,81010.01000000,81022.44000000,448.36294000
2026-05-12T07:00:00+00:00,BTC/USDT,1h,81022.44000000,81137.27000000,80800.77000000,80865.40000000,603.31882000
2026-05-12T08:00:00+00:00,BTC/USDT,1h,80865.40000000,80964.13000000,80760.53000000,80843.31000000,478.61372000
2026-05-12T09:00:00+00:00,BTC/USDT,1h,80843.30000000,80963.35000000,80720.00000000,80837.15000000,506.71585000
2026-05-12T10:00:00+00:00,BTC/USDT,1h,80837.15000000,80848.27000000,80601.27000000,80666.37000000,487.71377000
2026-05-12T11:00:00+00:00,BTC/USDT,1h,80666.38000000,80785.38000000,80496.57000000,80784.87000000,500.02112000
2026-05-12T12:00:00+00:00,BTC/USDT,1h,80784.86000000,80999.00000000,80619.19000000,80881.26000000,585.87948000
2026-05-12T13:00:00+00:00,BTC/USDT,1h,80881.25000000,80928.26000000,80397.07000000,80466.91000000,795.94705000
2026-05-12T14:00:00+00:00,BTC/USDT,1h,80466.91000000,80888.01000000,80397.88000000,80540.00000000,865.59094000
2026-05-12T15:00:00+00:00,BTC/USDT,1h,80540.00000000,80676.78000000,80188.65000000,80336.01000000,958.32005000
2026-05-12T16:00:00+00:00,BTC/USDT,1h,80336.01000000,80435.99000000,79843.59000000,80000.01000000,1473.45450000
2026-05-12T17:00:00+00:00,BTC/USDT,1h,80000.01000000,80593.06000000,79951.05000000,80527.69000000,486.64257000
2026-05-12T18:00:00+00:00,BTC/USDT,1h,80527.69000000,80763.81000000,80430.00000000,80679.12000000,367.35810000
2026-05-12T19:00:00+00:00,BTC/USDT,1h,80679.11000000,80874.42000000,80679.11000000,80834.64000000,346.22158000
2026-05-12T20:00:00+00:00,BTC/USDT,1h,80835.30000000,80896.25000000,80642.85000000,80696.87000000,292.49967000
2026-05-12T21:00:00+00:00,BTC/USDT,1h,80696.87000000,80738.00000000,80497.00000000,80587.44000000,202.53849000
2026-05-12T22:00:00+00:00,BTC/USDT,1h,80587.45000000,80791.94000000,80587.45000000,80656.43000000,151.10909000
2026-05-12T23:00:00+00:00,BTC/USDT,1h,80656.44000000,80714.00000000,80439.91000000,80504.47000000,247.40723000
2026-05-13T00:00:00+00:00,BTC/USDT,1h,80504.47000000,80768.95000000,80412.15000000,80718.00000000,230.81443000
2026-05-13T01:00:00+00:00,BTC/USDT,1h,80718.00000000,81195.69000000,80683.12000000,81006.00000000,633.76198000
2026-05-13T02:00:00+00:00,BTC/USDT,1h,81005.99000000,81281.66000000,80934.69000000,81050.00000000,333.93602000
2026-05-13T03:00:00+00:00,BTC/USDT,1h,81050.00000000,81299.99000000,80976.27000000,81249.99000000,377.40594000
2026-05-13T04:00:00+00:00,BTC/USDT,1h,81249.99000000,81281.07000000,81124.87000000,81231.96000000,253.70329000
2026-05-13T05:00:00+00:00,BTC/USDT,1h,81231.96000000,81247.22000000,80999.99000000,81019.99000000,266.87053000
2026-05-13T06:00:00+00:00,BTC/USDT,1h,81020.00000000,81160.36000000,80972.94000000,80980.05000000,499.16530000
2026-05-13T07:00:00+00:00,BTC/USDT,1h,80980.06000000,81049.01000000,80889.12000000,81026.92000000,476.02435000
2026-05-13T08:00:00+00:00,BTC/USDT,1h,81026.92000000,81200.00000000,80943.63000000,81196.57000000,372.92514000
2026-05-13T09:00:00+00:00,BTC/USDT,1h,81196.57000000,81324.64000000,81137.77000000,81291.38000000,435.50222000
2026-05-13T10:00:00+00:00,BTC/USDT,1h,81291.37000000,81298.50000000,80809.01000000,80809.01000000,364.76288000
2026-05-13T11:00:00+00:00,BTC/USDT,1h,80809.01000000,80843.87000000,80494.98000000,80501.22000000,668.09274000
2026-05-13T12:00:00+00:00,BTC/USDT,1h,80501.22000000,80592.65000000,79852.00000000,80202.78000000,1194.36751000
2026-05-13T13:00:00+00:00,BTC/USDT,1h,80202.78000000,80345.45000000,79576.47000000,79656.01000000,1205.27854000
2026-05-13T14:00:00+00:00,BTC/USDT,1h,79656.01000000,79898.00000000,79481.56000000,79756.01000000,942.38578000
2026-05-13T15:00:00+00:00,BTC/USDT,1h,79756.02000000,79856.08000000,78807.22000000,78827.21000000,1731.43058000
2026-05-13T16:00:00+00:00,BTC/USDT,1h,78827.21000000,79222.22000000,78754.65000000,79108.39000000,1522.11383000
2026-05-13T17:00:00+00:00,BTC/USDT,1h,79108.39000000,79556.36000000,79100.00000000,79514.97000000,611.40519000
2026-05-13T18:00:00+00:00,BTC/USDT,1h,79514.97000000,79800.00000000,79514.97000000,79598.15000000,747.58594000
2026-05-13T19:00:00+00:00,BTC/USDT,1h,79598.15000000,79646.29000000,79400.00000000,79642.41000000,463.49581000
2026-05-13T20:00:00+00:00,BTC/USDT,1h,79642.41000000,79760.00000000,79622.70000000,79698.95000000,225.22286000
2026-05-13T21:00:00+00:00,BTC/USDT,1h,79698.95000000,79705.73000000,79340.39000000,79398.54000000,418.00056000
2026-05-13T22:00:00+00:00,BTC/USDT,1h,79398.54000000,79470.00000000,79228.00000000,79428.46000000,338.28664000
2026-05-13T23:00:00+00:00,BTC/USDT,1h,79428.46000000,79499.01000000,79233.83000000,79313.61000000,497.51837000
2026-05-14T00:00:00+00:00,BTC/USDT,1h,79313.61000000,79681.73000000,79308.00000000,79580.00000000,443.66772000
2026-05-14T01:00:00+00:00,BTC/USDT,1h,79580.00000000,79681.73000000,79409.42000000,79604.60000000,369.48629000
2026-05-14T02:00:00+00:00,BTC/USDT,1h,79604.61000000,79676.11000000,79222.22000000,79370.24000000,684.03959000
2026-05-14T03:00:00+00:00,BTC/USDT,1h,79370.24000000,79460.00000000,78922.00000000,79044.85000000,712.36112000
2026-05-14T04:00:00+00:00,BTC/USDT,1h,79044.86000000,79474.41000000,78982.06000000,79451.63000000,437.35487000
2026-05-14T05:00:00+00:00,BTC/USDT,1h,79451.62000000,79998.00000000,79359.49000000,79809.16000000,850.16622000
2026-05-14T06:00:00+00:00,BTC/USDT,1h,79809.15000000,79953.35000000,79769.12000000,79804.71000000,301.13354000
2026-05-14T07:00:00+00:00,BTC/USDT,1h,79804.72000000,79937.59000000,79702.05000000,79745.98000000,480.32483000
2026-05-14T08:00:00+00:00,BTC/USDT,1h,79745.99000000,79936.98000000,79644.44000000,79821.56000000,652.77033000
2026-05-14T09:00:00+00:00,BTC/USDT,1h,79821.55000000,79905.99000000,79569.81000000,79635.52000000,445.75367000
2026-05-14T10:00:00+00:00,BTC/USDT,1h,79635.53000000,79756.98000000,79409.42000000,79570.01000000,384.95969000
2026-05-14T11:00:00+00:00,BTC/USDT,1h,79570.01000000,79600.00000000,79234.00000000,79258.27000000,362.97846000
2026-05-14T12:00:00+00:00,BTC/USDT,1h,79258.27000000,79775.02000000,79230.31000000,79767.11000000,526.41242000
2026-05-14T13:00:00+00:00,BTC/USDT,1h,79767.10000000,80059.71000000,79670.88000000,79701.73000000,1000.54213000
2026-05-14T14:00:00+00:00,BTC/USDT,1h,79701.73000000,81020.00000000,79561.52000000,80964.85000000,1882.78042000
2026-05-14T15:00:00+00:00,BTC/USDT,1h,80964.84000000,81332.23000000,80816.08000000,81301.23000000,2292.36231000
2026-05-14T16:00:00+00:00,BTC/USDT,1h,81301.22000000,81904.44000000,81080.25000000,81888.40000000,2732.81932000
2026-05-14T17:00:00+00:00,BTC/USDT,1h,81888.40000000,82048.13000000,81271.00000000,81668.48000000,1967.47911000
2026-05-14T18:00:00+00:00,BTC/USDT,1h,81668.49000000,81949.15000000,81440.38000000,81581.99000000,1012.79720000
2026-05-14T19:00:00+00:00,BTC/USDT,1h,81582.00000000,81718.73000000,81330.12000000,81419.74000000,566.84044000
2026-05-14T20:00:00+00:00,BTC/USDT,1h,81419.75000000,81590.19000000,81166.22000000,81412.04000000,471.62836000
2026-05-14T21:00:00+00:00,BTC/USDT,1h,81412.05000000,81526.08000000,81268.38000000,81396.61000000,292.07185000
2026-05-14T22:00:00+00:00,BTC/USDT,1h,81396.61000000,81559.71000000,81335.48000000,81456.00000000,322.84736000
2026-05-14T23:00:00+00:00,BTC/USDT,1h,81456.00000000,81456.00000000,81059.93000000,81089.99000000,534.29082000
2026-05-15T00:00:00+00:00,BTC/USDT,1h,81090.00000000,81664.45000000,81068.52000000,81518.67000000,578.54980000
2026-05-15T01:00:00+00:00,BTC/USDT,1h,81518.66000000,81612.73000000,81106.20000000,81131.01000000,538.82284000
2026-05-15T02:00:00+00:00,BTC/USDT,1h,81131.00000000,81350.00000000,80750.00000000,81299.14000000,829.40160000
2026-05-15T03:00:00+00:00,BTC/USDT,1h,81299.14000000,81340.81000000,80930.82000000,81059.15000000,506.95135000
2026-05-15T04:00:00+00:00,BTC/USDT,1h,81059.15000000,81100.00000000,80709.09000000,80724.71000000,367.57246000
2026-05-15T05:00:00+00:00,BTC/USDT,1h,80724.71000000,80882.45000000,80314.00000000,80360.01000000,1029.21412000
2026-05-15T06:00:00+00:00,BTC/USDT,1h,80360.01000000,80644.50000000,80314.01000000,80580.00000000,815.53271000
2026-05-15T07:00:00+00:00,BTC/USDT,1h,80580.00000000,81003.37000000,80559.88000000,80814.88000000,878.78211000
2026-05-15T08:00:00+00:00,BTC/USDT,1h,80814.88000000,80822.95000000,80415.84000000,80638.00000000,538.63644000
2026-05-15T09:00:00+00:00,BTC/USDT,1h,80638.00000000,80670.51000000,80369.00000000,80489.80000000,471.66166000
2026-05-15T10:00:00+00:00,BTC/USDT,1h,80489.81000000,80776.33000000,80407.60000000,80716.23000000,444.96934000
2026-05-15T11:00:00+00:00,BTC/USDT,1h,80716.22000000,80750.56000000,80590.08000000,80628.53000000,250.99223000
2026-05-15T12:00:00+00:00,BTC/USDT,1h,80628.52000000,80635.44000000,80340.83000000,80385.11000000,535.00082000
2026-05-15T13:00:00+00:00,BTC/USDT,1h,80385.10000000,80385.11000000,78698.69000000,78758.59000000,3101.88518000
2026-05-15T14:00:00+00:00,BTC/USDT,1h,78758.59000000,79353.32000000,78659.00000000,79150.37000000,1965.21031000
2026-05-15T15:00:00+00:00,BTC/USDT,1h,79150.36000000,79369.36000000,79013.81000000,79150.27000000,606.47310000
2026-05-15T16:00:00+00:00,BTC/USDT,1h,79150.26000000,79382.30000000,79131.01000000,79294.31000000,514.78679000
2026-05-15T17:00:00+00:00,BTC/USDT,1h,79294.31000000,79504.83000000,79224.00000000,79460.00000000,478.80422000
2026-05-15T18:00:00+00:00,BTC/USDT,1h,79460.00000000,79561.94000000,79170.47000000,79284.00000000,544.01093000
2026-05-15T19:00:00+00:00,BTC/USDT,1h,79284.01000000,79290.00000000,79051.00000000,79146.50000000,421.75884000
2026-05-15T20:00:00+00:00,BTC/USDT,1h,79146.50000000,79217.07000000,79000.00000000,79123.12000000,224.44355000
2026-05-15T21:00:00+00:00,BTC/USDT,1h,79123.13000000,79200.00000000,78911.42000000,78973.50000000,682.32127000
2026-05-15T22:00:00+00:00,BTC/USDT,1h,78973.50000000,79145.44000000,78973.49000000,79107.38000000,347.86808000
2026-05-15T23:00:00+00:00,BTC/USDT,1h,79107.38000000,79161.86000000,79077.96000000,79113.21000000,677.62104000
2026-05-16T00:00:00+00:00,BTC/USDT,1h,79113.20000000,79227.77000000,79075.09000000,79111.92000000,314.01240000
2026-05-16T01:00:00+00:00,BTC/USDT,1h,79111.92000000,79186.05000000,79010.00000000,79168.00000000,357.20294000
2026-05-16T02:00:00+00:00,BTC/USDT,1h,79168.00000000,79211.77000000,79080.10000000,79155.54000000,208.30505000
2026-05-16T03:00:00+00:00,BTC/USDT,1h,79155.55000000,79187.71000000,79059.77000000,79083.18000000,368.66241000
2026-05-16T04:00:00+00:00,BTC/USDT,1h,79083.19000000,79129.71000000,78860.00000000,79035.26000000,321.76822000
2026-05-16T05:00:00+00:00,BTC/USDT,1h,79035.25000000,79039.49000000,78933.63000000,79027.37000000,183.05543000
2026-05-16T06:00:00+00:00,BTC/USDT,1h,79027.36000000,79047.94000000,78459.87000000,78648.00000000,632.26156000
2026-05-16T07:00:00+00:00,BTC/USDT,1h,78648.00000000,78651.63000000,78066.00000000,78369.77000000,1267.74437000
2026-05-16T08:00:00+00:00,BTC/USDT,1h,78369.78000000,78530.52000000,78334.21000000,78426.56000000,379.04319000
2026-05-16T09:00:00+00:00,BTC/USDT,1h,78426.55000000,78440.81000000,77906.10000000,78083.48000000,1104.43110000
2026-05-16T10:00:00+00:00,BTC/USDT,1h,78083.47000000,78101.43000000,77640.00000000,77960.00000000,1759.70594000
2026-05-16T11:00:00+00:00,BTC/USDT,1h,77959.99000000,78193.88000000,77959.99000000,78081.71000000,602.91980000
2026-05-16T12:00:00+00:00,BTC/USDT,1h,78080.46000000,78133.38000000,77918.62000000,78007.23000000,791.53177000
2026-05-16T13:00:00+00:00,BTC/USDT,1h,78007.24000000,78014.60000000,77833.40000000,78014.60000000,830.86287000
2026-05-16T14:00:00+00:00,BTC/USDT,1h,78014.60000000,78346.00000000,77895.20000000,78130.55000000,729.04785000
2026-05-16T15:00:00+00:00,BTC/USDT,1h,78130.55000000,78285.00000000,78078.22000000,78238.67000000,332.91477000
2026-05-16T16:00:00+00:00,BTC/USDT,1h,78238.68000000,78364.65000000,78119.72000000,78205.96000000,328.10255000
2026-05-16T17:00:00+00:00,BTC/USDT,1h,78205.96000000,78320.41000000,78199.00000000,78201.50000000,350.20669000
2026-05-16T18:00:00+00:00,BTC/USDT,1h,78201.50000000,78327.75000000,78142.99000000,78229.81000000,310.63405000
2026-05-16T19:00:00+00:00,BTC/USDT,1h,78229.82000000,78314.69000000,78204.22000000,78259.66000000,271.10252000
2026-05-16T20:00:00+00:00,BTC/USDT,1h,78259.67000000,78318.94000000,78201.42000000,78261.00000000,194.34290000
2026-05-16T21:00:00+00:00,BTC/USDT,1h,78261.00000000,78308.33000000,78206.85000000,78265.73000000,237.27188000
2026-05-16T22:00:00+00:00,BTC/USDT,1h,78265.73000000,78279.28000000,78171.02000000,78186.25000000,128.79242000
2026-05-16T23:00:00+00:00,BTC/USDT,1h,78186.25000000,78267.46000000,78125.32000000,78148.05000000,128.93924000
2026-05-17T00:00:00+00:00,BTC/USDT,1h,78148.05000000,78243.19000000,77812.00000000,77945.85000000,311.59646000
2026-05-17T01:00:00+00:00,BTC/USDT,1h,77945.85000000,78114.00000000,77721.19000000,77725.71000000,516.53667000
2026-05-17T02:00:00+00:00,BTC/USDT,1h,77725.72000000,77938.00000000,77725.71000000,77895.51000000,256.64293000
2026-05-17T03:00:00+00:00,BTC/USDT,1h,77895.50000000,78079.30000000,77888.00000000,78028.88000000,200.15322000
2026-05-17T04:00:00+00:00,BTC/USDT,1h,78028.88000000,78203.93000000,78003.35000000,78158.09000000,375.99093000
2026-05-17T05:00:00+00:00,BTC/USDT,1h,78158.08000000,78323.96000000,78102.42000000,78121.41000000,258.98839000
2026-05-17T06:00:00+00:00,BTC/USDT,1h,78121.41000000,78204.01000000,78017.00000000,78104.80000000,136.86954000
2026-05-17T07:00:00+00:00,BTC/USDT,1h,78104.79000000,78208.69000000,78053.79000000,78180.01000000,180.24659000
2026-05-17T08:00:00+00:00,BTC/USDT,1h,78180.00000000,78200.91000000,78033.01000000,78089.80000000,117.37418000
2026-05-17T09:00:00+00:00,BTC/USDT,1h,78089.80000000,78293.97000000,78073.52000000,78249.33000000,196.43485000
2026-05-17T10:00:00+00:00,BTC/USDT,1h,78249.33000000,78599.99000000,78249.03000000,78465.99000000,564.92985000
2026-05-17T11:00:00+00:00,BTC/USDT,1h,78465.99000000,78473.82000000,78289.00000000,78415.99000000,257.44450000
2026-05-17T12:00:00+00:00,BTC/USDT,1h,78415.99000000,78550.00000000,78333.80000000,78364.83000000,254.43689000
2026-05-17T13:00:00+00:00,BTC/USDT,1h,78364.83000000,78364.83000000,78173.15000000,78202.91000000,260.27625000
2026-05-17T14:00:00+00:00,BTC/USDT,1h,78202.91000000,78217.33000000,77850.00000000,78051.51000000,397.56893000
2026-05-17T15:00:00+00:00,BTC/USDT,1h,78051.51000000,78119.42000000,77920.76000000,78051.41000000,203.63392000
2026-05-17T16:00:00+00:00,BTC/USDT,1h,78051.42000000,78193.66000000,78025.23000000,78034.36000000,142.87987000
2026-05-17T17:00:00+00:00,BTC/USDT,1h,78034.37000000,78092.44000000,77856.69000000,78089.98000000,296.43890000
2026-05-17T18:00:00+00:00,BTC/USDT,1h,78089.99000000,78271.59000000,78014.33000000,78268.05000000,172.43416000
2026-05-17T19:00:00+00:00,BTC/USDT,1h,78268.04000000,78468.46000000,78209.96000000,78415.30000000,225.32283000
2026-05-17T20:00:00+00:00,BTC/USDT,1h,78415.29000000,78435.32000000,78248.80000000,78277.36000000,205.39109000
2026-05-17T21:00:00+00:00,BTC/USDT,1h,78277.36000000,78485.36000000,78243.50000000,78405.72000000,293.90051000
2026-05-17T22:00:00+00:00,BTC/USDT,1h,78405.72000000,78414.16000000,77830.00000000,77997.24000000,585.78673000
2026-05-17T23:00:00+00:00,BTC/USDT,1h,77997.24000000,78008.18000000,76735.16000000,77457.67000000,2031.42401000
2026-05-18T00:00:00+00:00,BTC/USDT,1h,77457.67000000,77477.99000000,76916.60000000,77209.95000000,1062.83033000
2026-05-18T01:00:00+00:00,BTC/USDT,1h,77209.95000000,77291.54000000,76744.95000000,77109.22000000,771.47833000
2026-05-18T02:00:00+00:00,BTC/USDT,1h,77109.21000000,77222.03000000,76707.61000000,76835.41000000,544.67309000
2026-05-18T03:00:00+00:00,BTC/USDT,1h,76835.41000000,77030.42000000,76817.14000000,76924.65000000,509.02980000
2026-05-18T04:00:00+00:00,BTC/USDT,1h,76924.66000000,77069.77000000,76772.01000000,77038.49000000,354.48166000
2026-05-18T05:00:00+00:00,BTC/USDT,1h,77038.49000000,77080.93000000,76884.33000000,76931.40000000,586.83852000
2026-05-18T06:00:00+00:00,BTC/USDT,1h,76931.40000000,76967.80000000,76583.33000000,76912.52000000,621.71728000
2026-05-18T07:00:00+00:00,BTC/USDT,1h,76912.53000000,77089.29000000,76771.53000000,77073.69000000,1139.62980000
2026-05-18T08:00:00+00:00,BTC/USDT,1h,77073.69000000,77181.88000000,76890.34000000,77040.42000000,562.21651000
2026-05-18T09:00:00+00:00,BTC/USDT,1h,77040.43000000,77048.14000000,76877.17000000,76933.16000000,365.74952000
2026-05-18T10:00:00+00:00,BTC/USDT,1h,76933.17000000,76957.35000000,76716.99000000,76764.74000000,432.20236000
2026-05-18T11:00:00+00:00,BTC/USDT,1h,76764.75000000,77403.48000000,76668.58000000,77285.83000000,692.38548000
2026-05-18T12:00:00+00:00,BTC/USDT,1h,77285.83000000,77800.00000000,77275.96000000,77639.98000000,980.76582000
2026-05-18T13:00:00+00:00,BTC/USDT,1h,77639.99000000,77639.99000000,76695.31000000,76937.70000000,1116.56330000
2026-05-18T14:00:00+00:00,BTC/USDT,1h,76937.70000000,76954.25000000,76230.02000000,76393.65000000,2158.59337000
2026-05-18T15:00:00+00:00,BTC/USDT,1h,76393.66000000,76485.29000000,76051.00000000,76409.46000000,1960.17489000
2026-05-18T16:00:00+00:00,BTC/USDT,1h,76409.46000000,76665.68000000,76218.00000000,76410.01000000,1252.93830000
2026-05-18T17:00:00+00:00,BTC/USDT,1h,76410.00000000,76757.21000000,76366.13000000,76706.39000000,450.87486000
2026-05-18T18:00:00+00:00,BTC/USDT,1h,76706.38000000,76706.38000000,76144.24000000,76252.50000000,779.57136000
2026-05-18T19:00:00+00:00,BTC/USDT,1h,76252.01000000,76995.00000000,76235.00000000,76928.00000000,812.47229000
2026-05-18T20:00:00+00:00,BTC/USDT,1h,76928.00000000,77182.14000000,76874.73000000,76909.92000000,463.85785000
2026-05-18T21:00:00+00:00,BTC/USDT,1h,76909.92000000,77174.23000000,76800.00000000,77103.05000000,491.73560000
2026-05-18T22:00:00+00:00,BTC/USDT,1h,77103.04000000,77222.79000000,76937.19000000,77078.22000000,359.68174000
2026-05-18T23:00:00+00:00,BTC/USDT,1h,77078.22000000,77160.79000000,76948.80000000,77001.87000000,275.05472000
2026-05-19T00:00:00+00:00,BTC/USDT,1h,77001.88000000,77414.62000000,76955.99000000,77140.87000000,556.43712000
2026-05-19T01:00:00+00:00,BTC/USDT,1h,77140.86000000,77156.20000000,76667.00000000,76667.01000000,769.46148000
2026-05-19T02:00:00+00:00,BTC/USDT,1h,76667.01000000,76997.33000000,76487.83000000,76617.47000000,469.02583000
2026-05-19T03:00:00+00:00,BTC/USDT,1h,76617.46000000,76867.23000000,76586.11000000,76787.11000000,211.83571000
2026-05-19T04:00:00+00:00,BTC/USDT,1h,76787.10000000,76943.75000000,76700.00000000,76927.25000000,239.72033000
2026-05-19T05:00:00+00:00,BTC/USDT,1h,76927.25000000,77000.00000000,76644.98000000,76911.24000000,392.43215000
2026-05-19T06:00:00+00:00,BTC/USDT,1h,76911.25000000,77108.68000000,76886.13000000,77029.40000000,386.11356000
2026-05-19T07:00:00+00:00,BTC/USDT,1h,77029.41000000,77278.57000000,76974.72000000,77233.69000000,490.19350000
2026-05-19T08:00:00+00:00,BTC/USDT,1h,77233.68000000,77317.02000000,76972.96000000,77048.71000000,465.92336000
2026-05-19T09:00:00+00:00,BTC/USDT,1h,77048.72000000,77074.05000000,76709.29000000,76818.80000000,385.08727000
2026-05-19T10:00:00+00:00,BTC/USDT,1h,76818.80000000,77103.97000000,76704.00000000,77041.87000000,464.38738000
2026-05-19T11:00:00+00:00,BTC/USDT,1h,77041.87000000,77076.53000000,76633.83000000,76714.62000000,430.29111000
2026-05-19T12:00:00+00:00,BTC/USDT,1h,76714.61000000,76982.89000000,76650.06000000,76940.21000000,257.11004000
2026-05-19T13:00:00+00:00,BTC/USDT,1h,76940.20000000,77048.72000000,76596.00000000,76872.75000000,906.63403000
2026-05-19T14:00:00+00:00,BTC/USDT,1h,76872.74000000,77023.75000000,76144.71000000,76392.43000000,1426.24149000
2026-05-19T15:00:00+00:00,BTC/USDT,1h,76392.43000000,76675.76000000,76337.97000000,76521.23000000,773.78391000
2026-05-19T16:00:00+00:00,BTC/USDT,1h,76521.24000000,76911.00000000,76407.72000000,76894.59000000,568.91388000
2026-05-19T17:00:00+00:00,BTC/USDT,1h,76894.59000000,77015.41000000,76759.39000000,76856.76000000,442.15826000
2026-05-19T18:00:00+00:00,BTC/USDT,1h,76856.76000000,76947.20000000,76744.80000000,76803.28000000,282.19478000
2026-05-19T19:00:00+00:00,BTC/USDT,1h,76803.28000000,77065.80000000,76765.14000000,76818.74000000,341.73224000
2026-05-19T20:00:00+00:00,BTC/USDT,1h,76818.73000000,77040.24000000,76818.73000000,77022.23000000,147.68289000
2026-05-19T21:00:00+00:00,BTC/USDT,1h,77022.22000000,77040.83000000,76973.76000000,76982.34000000,185.29058000
2026-05-19T22:00:00+00:00,BTC/USDT,1h,76982.34000000,76982.34000000,76642.95000000,76712.21000000,233.07768000
2026-05-19T23:00:00+00:00,BTC/USDT,1h,76712.22000000,76980.07000000,76670.52000000,76834.36000000,199.13120000
2026-05-20T00:00:00+00:00,BTC/USDT,1h,76834.36000000,76896.50000000,76516.74000000,76788.83000000,236.25061000
2026-05-20T01:00:00+00:00,BTC/USDT,1h,76788.83000000,76922.46000000,76536.59000000,76820.98000000,358.53384000
2026-05-20T02:00:00+00:00,BTC/USDT,1h,76820.98000000,76909.62000000,76600.00000000,76690.42000000,293.25018000
2026-05-20T03:00:00+00:00,BTC/USDT,1h,76690.42000000,76829.61000000,76604.99000000,76723.54000000,673.76637000
2026-05-20T04:00:00+00:00,BTC/USDT,1h,76723.55000000,76836.82000000,76692.00000000,76780.37000000,365.31048000
2026-05-20T05:00:00+00:00,BTC/USDT,1h,76780.37000000,77320.00000000,76780.37000000,77196.99000000,973.23466000
2026-05-20T06:00:00+00:00,BTC/USDT,1h,77196.99000000,77422.00000000,77179.93000000,77414.11000000,528.12463000
2026-05-20T07:00:00+00:00,BTC/USDT,1h,77414.10000000,77472.21000000,77241.13000000,77282.64000000,351.42212000
2026-05-20T08:00:00+00:00,BTC/USDT,1h,77282.65000000,77635.52000000,77210.33000000,77458.04000000,548.89961000
2026-05-20T09:00:00+00:00,BTC/USDT,1h,77458.05000000,77543.59000000,77365.94000000,77485.13000000,360.90275000
2026-05-20T10:00:00+00:00,BTC/USDT,1h,77485.14000000,77663.00000000,77485.14000000,77517.45000000,409.79863000
2026-05-20T11:00:00+00:00,BTC/USDT,1h,77517.46000000,77569.10000000,77328.20000000,77382.49000000,362.81092000
2026-05-20T12:00:00+00:00,BTC/USDT,1h,77382.50000000,77748.05000000,77365.52000000,77617.26000000,377.41047000
2026-05-20T13:00:00+00:00,BTC/USDT,1h,77617.26000000,77650.62000000,76968.05000000,77204.61000000,682.21238000
2026-05-20T14:00:00+00:00,BTC/USDT,1h,77204.61000000,77574.29000000,76891.61000000,77446.08000000,1202.39421000
2026-05-20T15:00:00+00:00,BTC/USDT,1h,77446.01000000,77853.04000000,77300.00000000,77455.46000000,777.75101000
2026-05-20T16:00:00+00:00,BTC/USDT,1h,77455.45000000,77557.00000000,77018.38000000,77338.60000000,407.46410000
2026-05-20T17:00:00+00:00,BTC/USDT,1h,77338.60000000,77713.66000000,77230.86000000,77568.95000000,501.34929000
2026-05-20T18:00:00+00:00,BTC/USDT,1h,77568.95000000,77634.52000000,77398.63000000,77415.09000000,414.50917000
2026-05-20T19:00:00+00:00,BTC/USDT,1h,77415.09000000,77709.68000000,77350.71000000,77667.49000000,388.96569000
2026-05-20T20:00:00+00:00,BTC/USDT,1h,77667.49000000,77760.00000000,77476.19000000,77720.01000000,357.71030000
2026-05-20T21:00:00+00:00,BTC/USDT,1h,77720.01000000,77766.60000000,77500.00000000,77500.01000000,158.00627000
2026-05-20T22:00:00+00:00,BTC/USDT,1h,77500.01000000,77504.69000000,77226.61000000,77504.69000000,367.95652000
2026-05-20T23:00:00+00:00,BTC/USDT,1h,77504.69000000,77559.34000000,77386.93000000,77552.23000000,198.22886000
2026-05-21T00:00:00+00:00,BTC/USDT,1h,77552.24000000,78071.42000000,77525.00000000,77967.09000000,547.83434000
2026-05-21T01:00:00+00:00,BTC/USDT,1h,77967.09000000,78173.15000000,77800.00000000,77863.85000000,453.71737000
2026-05-21T02:00:00+00:00,BTC/USDT,1h,77863.85000000,78100.00000000,77820.10000000,77955.78000000,820.79860000
2026-05-21T03:00:00+00:00,BTC/USDT,1h,77955.78000000,78098.85000000,77908.00000000,78078.72000000,441.60659000
2026-05-21T04:00:00+00:00,BTC/USDT,1h,78078.72000000,78180.01000000,77965.36000000,78035.80000000,365.79347000
2026-05-21T05:00:00+00:00,BTC/USDT,1h,78035.80000000,78147.07000000,77714.94000000,77828.00000000,390.37362000
2026-05-21T06:00:00+00:00,BTC/USDT,1h,77828.00000000,77873.15000000,77533.45000000,77622.14000000,317.41875000
2026-05-21T07:00:00+00:00,BTC/USDT,1h,77622.14000000,77901.06000000,77521.00000000,77889.01000000,380.50650000
2026-05-21T08:00:00+00:00,BTC/USDT,1h,77889.01000000,78200.00000000,77885.53000000,77924.63000000,493.47370000
2026-05-21T09:00:00+00:00,BTC/USDT,1h,77924.63000000,77977.53000000,77633.02000000,77633.02000000,277.92731000
2026-05-21T10:00:00+00:00,BTC/USDT,1h,77633.03000000,77678.01000000,77190.09000000,77198.08000000,783.43483000
2026-05-21T11:00:00+00:00,BTC/USDT,1h,77198.09000000,77372.00000000,77147.15000000,77189.10000000,380.03818000
2026-05-21T12:00:00+00:00,BTC/USDT,1h,77189.10000000,77363.32000000,77080.72000000,77278.53000000,382.67307000
2026-05-21T13:00:00+00:00,BTC/USDT,1h,77278.52000000,77358.05000000,76719.47000000,77122.68000000,862.17497000
2026-05-21T14:00:00+00:00,BTC/USDT,1h,77122.67000000,77240.82000000,76788.80000000,76984.61000000,697.95187000
2026-05-21T15:00:00+00:00,BTC/USDT,1h,76984.61000000,77402.12000000,76900.00000000,77259.46000000,411.10449000
2026-05-21T16:00:00+00:00,BTC/USDT,1h,77259.45000000,77344.01000000,77008.75000000,77207.93000000,404.33559000
2026-05-21T17:00:00+00:00,BTC/USDT,1h,77207.92000000,78098.16000000,77181.83000000,77869.38000000,1291.96294000
2026-05-21T18:00:00+00:00,BTC/USDT,1h,77869.38000000,77922.01000000,77230.00000000,77387.74000000,559.91554000
2026-05-21T19:00:00+00:00,BTC/USDT,1h,77387.74000000,77802.51000000,77365.97000000,77690.56000000,437.10444000
2026-05-21T20:00:00+00:00,BTC/USDT,1h,77690.56000000,77804.75000000,77647.75000000,77705.81000000,144.76199000
2026-05-21T21:00:00+00:00,BTC/USDT,1h,77705.80000000,77813.35000000,77645.40000000,77672.29000000,182.97007000
2026-05-21T22:00:00+00:00,BTC/USDT,1h,77672.30000000,77750.61000000,77555.33000000,77628.00000000,130.38276000
2026-05-21T23:00:00+00:00,BTC/USDT,1h,77628.01000000,77745.39000000,77534.43000000,77615.52000000,159.99742000
2026-05-22T00:00:00+00:00,BTC/USDT,1h,77615.52000000,77628.38000000,77369.49000000,77373.57000000,228.62269000
2026-05-22T01:00:00+00:00,BTC/USDT,1h,77373.57000000,77673.50000000,77327.28000000,77616.00000000,252.86608000
2026-05-22T02:00:00+00:00,BTC/USDT,1h,77616.00000000,77728.01000000,77593.16000000,77673.36000000,244.81122000
2026-05-22T03:00:00+00:00,BTC/USDT,1h,77673.37000000,77817.80000000,77673.36000000,77779.98000000,158.00162000
2026-05-22T04:00:00+00:00,BTC/USDT,1h,77779.98000000,77900.00000000,77637.99000000,77655.42000000,475.76681000
2026-05-22T05:00:00+00:00,BTC/USDT,1h,77655.43000000,77726.00000000,77454.56000000,77489.00000000,344.31720000
2026-05-22T06:00:00+00:00,BTC/USDT,1h,77489.00000000,77525.85000000,77370.40000000,77423.41000000,542.83384000
2026-05-22T07:00:00+00:00,BTC/USDT,1h,77423.41000000,77543.38000000,77288.77000000,77408.06000000,393.92568000
2026-05-22T08:00:00+00:00,BTC/USDT,1h,77408.07000000,77535.00000000,77216.00000000,77267.38000000,509.65577000
2026-05-22T09:00:00+00:00,BTC/USDT,1h,77267.39000000,77360.00000000,77200.00000000,77307.11000000,276.32946000
2026-05-22T10:00:00+00:00,BTC/USDT,1h,77307.12000000,77363.01000000,77261.73000000,77312.00000000,275.01820000
2026-05-22T11:00:00+00:00,BTC/USDT,1h,77311.99000000,77430.55000000,77184.45000000,77428.84000000,375.53110000
2026-05-22T12:00:00+00:00,BTC/USDT,1h,77428.83000000,77584.94000000,77395.45000000,77533.90000000,317.41573000
2026-05-22T13:00:00+00:00,BTC/USDT,1h,77533.91000000,77547.56000000,77130.99000000,77290.01000000,419.18989000
2026-05-22T14:00:00+00:00,BTC/USDT,1h,77290.00000000,77290.00000000,76751.00000000,76774.23000000,1004.66190000
2026-05-22T15:00:00+00:00,BTC/USDT,1h,76774.23000000,77030.64000000,76570.00000000,76790.59000000,872.56913000
2026-05-22T16:00:00+00:00,BTC/USDT,1h,76790.60000000,77006.69000000,76767.00000000,76950.68000000,481.05047000
2026-05-22T17:00:00+00:00,BTC/USDT,1h,76950.67000000,77093.72000000,76750.00000000,76750.00000000,322.37426000
2026-05-22T18:00:00+00:00,BTC/USDT,1h,76750.01000000,76898.00000000,76101.00000000,76537.47000000,809.74159000
2026-05-22T19:00:00+00:00,BTC/USDT,1h,76537.47000000,76590.68000000,75668.76000000,75860.44000000,1201.88912000
2026-05-22T20:00:00+00:00,BTC/USDT,1h,75860.44000000,76080.95000000,75826.00000000,75984.47000000,415.32736000
2026-05-22T21:00:00+00:00,BTC/USDT,1h,75984.47000000,76087.85000000,75926.20000000,75978.83000000,349.85112000
2026-05-22T22:00:00+00:00,BTC/USDT,1h,75978.83000000,75978.84000000,75558.28000000,75737.52000000,473.52886000
2026-05-22T23:00:00+00:00,BTC/USDT,1h,75737.53000000,75881.18000000,75359.18000000,75539.50000000,527.08224000
2026-05-23T00:00:00+00:00,BTC/USDT,1h,75539.50000000,75635.59000000,75220.00000000,75352.64000000,828.38332000
2026-05-23T01:00:00+00:00,BTC/USDT,1h,75352.64000000,75500.00000000,75350.00000000,75489.84000000,466.00374000
2026-05-23T02:00:00+00:00,BTC/USDT,1h,75489.83000000,75581.27000000,75417.56000000,75572.07000000,334.42834000
2026-05-23T03:00:00+00:00,BTC/USDT,1h,75572.07000000,75664.62000000,75563.33000000,75635.22000000,267.29386000
2026-05-23T04:00:00+00:00,BTC/USDT,1h,75635.22000000,75650.63000000,75507.01000000,75539.77000000,198.60310000
2026-05-23T05:00:00+00:00,BTC/USDT,1h,75539.77000000,75562.40000000,75469.89000000,75482.68000000,267.20559000
2026-05-23T06:00:00+00:00,BTC/USDT,1h,75482.68000000,75501.09000000,75394.54000000,75398.33000000,189.47214000
2026-05-23T07:00:00+00:00,BTC/USDT,1h,75398.33000000,75443.44000000,74289.60000000,74609.36000000,2035.70931000
2026-05-23T08:00:00+00:00,BTC/USDT,1h,74609.37000000,74746.67000000,74303.56000000,74684.30000000,963.94720000
2026-05-23T09:00:00+00:00,BTC/USDT,1h,74684.29000000,74752.45000000,74624.50000000,74656.91000000,431.50710000
2026-05-23T10:00:00+00:00,BTC/USDT,1h,74656.91000000,74797.01000000,74656.91000000,74705.00000000,625.72233000
2026-05-23T11:00:00+00:00,BTC/USDT,1h,74705.00000000,74873.55000000,74704.99000000,74789.99000000,487.91960000
2026-05-23T12:00:00+00:00,BTC/USDT,1h,74789.99000000,74798.41000000,74660.05000000,74753.93000000,570.81814000
2026-05-23T13:00:00+00:00,BTC/USDT,1h,74753.94000000,75262.86000000,74753.93000000,75213.90000000,815.89889000
2026-05-23T14:00:00+00:00,BTC/USDT,1h,75213.90000000,75726.30000000,75108.15000000,75537.72000000,922.06012000
2026-05-23T15:00:00+00:00,BTC/USDT,1h,75537.73000000,75676.00000000,75405.40000000,75520.00000000,634.72295000
2026-05-23T16:00:00+00:00,BTC/USDT,1h,75519.99000000,75638.62000000,75415.17000000,75444.70000000,411.95204000
2026-05-23T17:00:00+00:00,BTC/USDT,1h,75444.71000000,75522.00000000,75371.72000000,75488.18000000,566.20129000
2026-05-23T18:00:00+00:00,BTC/USDT,1h,75488.17000000,75986.24000000,75472.04000000,75845.82000000,429.21806000
2026-05-23T19:00:00+00:00,BTC/USDT,1h,75845.82000000,76012.22000000,75780.90000000,75983.45000000,364.90120000
2026-05-23T20:00:00+00:00,BTC/USDT,1h,75983.45000000,77300.00000000,75953.94000000,77287.58000000,1242.58285000
2026-05-23T21:00:00+00:00,BTC/USDT,1h,77286.08000000,77404.18000000,76538.04000000,76804.99000000,1147.59506000
2026-05-23T22:00:00+00:00,BTC/USDT,1h,76805.00000000,76885.00000000,76396.06000000,76584.45000000,464.30329000
2026-05-23T23:00:00+00:00,BTC/USDT,1h,76584.45000000,76822.00000000,76538.36000000,76752.01000000,420.43862000
2026-05-24T00:00:00+00:00,BTC/USDT,1h,76752.00000000,76930.65000000,76629.02000000,76835.16000000,392.54327000
2026-05-24T01:00:00+00:00,BTC/USDT,1h,76835.16000000,76921.45000000,76754.53000000,76890.04000000,225.24128000
2026-05-24T02:00:00+00:00,BTC/USDT,1h,76890.04000000,76968.04000000,76704.32000000,76830.00000000,185.87406000
2026-05-24T03:00:00+00:00,BTC/USDT,1h,76830.01000000,77011.62000000,76738.50000000,76750.00000000,248.04543000
2026-05-24T04:00:00+00:00,BTC/USDT,1h,76750.01000000,76858.26000000,76730.00000000,76786.50000000,163.64327000
2026-05-24T05:00:00+00:00,BTC/USDT,1h,76786.50000000,76861.78000000,76651.59000000,76822.23000000,202.16815000
2026-05-24T06:00:00+00:00,BTC/USDT,1h,76822.23000000,77065.94000000,76716.02000000,76987.58000000,257.89170000
2026-05-24T07:00:00+00:00,BTC/USDT,1h,76987.58000000,77014.24000000,76786.20000000,76799.99000000,193.96514000
2026-05-24T08:00:00+00:00,BTC/USDT,1h,76799.99000000,76861.77000000,76734.42000000,76830.69000000,226.94949000
2026-05-24T09:00:00+00:00,BTC/USDT,1h,76830.69000000,77046.67000000,76821.86000000,77020.53000000,369.92973000
2026-05-24T10:00:00+00:00,BTC/USDT,1h,77020.54000000,77543.15000000,76927.04000000,77190.74000000,863.69953000
2026-05-24T11:00:00+00:00,BTC/USDT,1h,77190.73000000,77356.62000000,77190.73000000,77320.06000000,285.66801000
2026-05-24T12:00:00+00:00,BTC/USDT,1h,77320.06000000,77325.72000000,77044.73000000,77118.73000000,271.94108000
2026-05-24T13:00:00+00:00,BTC/USDT,1h,77118.72000000,77127.54000000,76688.89000000,76802.23000000,474.39799000
2026-05-24T14:00:00+00:00,BTC/USDT,1h,76802.23000000,76840.01000000,76195.36000000,76465.16000000,837.87651000
2026-05-24T15:00:00+00:00,BTC/USDT,1h,76465.15000000,76539.38000000,76362.78000000,76371.59000000,398.04105000
2026-05-24T16:00:00+00:00,BTC/USDT,1h,76371.59000000,76734.30000000,76371.59000000,76671.70000000,359.46109000
2026-05-24T17:00:00+00:00,BTC/USDT,1h,76671.69000000,76799.99000000,76566.15000000,76693.34000000,249.31214000
2026-05-24T18:00:00+00:00,BTC/USDT,1h,76693.34000000,76788.01000000,76596.00000000,76665.73000000,148.14196000
2026-05-24T19:00:00+00:00,BTC/USDT,1h,76665.72000000,76783.51000000,76611.17000000,76773.34000000,125.12918000
2026-05-24T20:00:00+00:00,BTC/USDT,1h,76773.33000000,76796.18000000,76596.37000000,76668.40000000,560.38206000
2026-05-24T21:00:00+00:00,BTC/USDT,1h,76668.41000000,76748.12000000,76108.00000000,76151.14000000,497.80071000
2026-05-24T22:00:00+00:00,BTC/USDT,1h,76151.14000000,77012.01000000,76132.00000000,76803.99000000,543.11534000
2026-05-24T23:00:00+00:00,BTC/USDT,1h,76803.99000000,77225.97000000,76803.99000000,77064.96000000,316.78339000
2026-05-25T00:00:00+00:00,BTC/USDT,1h,77064.96000000,77288.00000000,77064.95000000,77153.01000000,281.30951000
2026-05-25T01:00:00+00:00,BTC/USDT,1h,77153.01000000,77245.67000000,76914.25000000,76945.27000000,574.42489000
2026-05-25T02:00:00+00:00,BTC/USDT,1h,76945.28000000,77485.00000000,76945.28000000,77108.77000000,313.96478000
2026-05-25T03:00:00+00:00,BTC/USDT,1h,77108.77000000,77169.88000000,77002.30000000,77026.67000000,198.70522000
2026-05-25T04:00:00+00:00,BTC/USDT,1h,77026.68000000,77450.00000000,76990.78000000,77391.07000000,251.77406000
2026-05-25T05:00:00+00:00,BTC/USDT,1h,77391.07000000,77498.00000000,77324.00000000,77407.00000000,306.77798000
2026-05-25T06:00:00+00:00,BTC/USDT,1h,77406.99000000,77650.00000000,77222.22000000,77419.87000000,413.85927000
2026-05-25T07:00:00+00:00,BTC/USDT,1h,77419.87000000,77520.00000000,77184.62000000,77401.12000000,376.11814000
2026-05-25T08:00:00+00:00,BTC/USDT,1h,77401.11000000,77469.64000000,77280.32000000,77456.94000000,352.62980000
2026-05-25T09:00:00+00:00,BTC/USDT,1h,77456.94000000,77699.97000000,77425.17000000,77604.56000000,369.10396000
2026-05-25T10:00:00+00:00,BTC/USDT,1h,77604.56000000,77681.37000000,77490.37000000,77545.65000000,283.53522000
2026-05-25T11:00:00+00:00,BTC/USDT,1h,77545.65000000,77545.65000000,77333.33000000,77357.50000000,209.17805000
2026-05-25T12:00:00+00:00,BTC/USDT,1h,77357.50000000,77440.46000000,77286.50000000,77367.98000000,261.28583000
2026-05-25T13:00:00+00:00,BTC/USDT,1h,77367.98000000,77450.00000000,77286.50000000,77341.05000000,199.52985000
2026-05-25T14:00:00+00:00,BTC/USDT,1h,77341.05000000,77773.69000000,77304.84000000,77714.00000000,603.07815000
2026-05-25T15:00:00+00:00,BTC/USDT,1h,77713.99000000,77905.52000000,77557.00000000,77628.82000000,499.50313000
2026-05-25T16:00:00+00:00,BTC/USDT,1h,77628.82000000,77807.29000000,77508.88000000,77735.69000000,342.64397000
2026-05-25T17:00:00+00:00,BTC/USDT,1h,77735.69000000,77804.48000000,77550.39000000,77564.01000000,278.21782000
2026-05-25T18:00:00+00:00,BTC/USDT,1h,77564.00000000,77658.01000000,77543.38000000,77543.39000000,204.76460000
2026-05-25T19:00:00+00:00,BTC/USDT,1h,77543.39000000,77543.39000000,77343.61000000,77441.86000000,295.53937000
2026-05-25T20:00:00+00:00,BTC/USDT,1h,77441.85000000,77500.00000000,77220.00000000,77273.06000000,314.11527000
2026-05-25T21:00:00+00:00,BTC/USDT,1h,77273.06000000,77396.08000000,77273.05000000,77367.03000000,183.92616000
2026-05-25T22:00:00+00:00,BTC/USDT,1h,77367.03000000,77449.94000000,77019.82000000,77116.21000000,395.72227000
2026-05-25T23:00:00+00:00,BTC/USDT,1h,77116.21000000,77367.44000000,77072.36000000,77322.01000000,162.61467000
2026-05-26T00:00:00+00:00,BTC/USDT,1h,77322.01000000,77345.00000000,76575.49000000,76792.71000000,686.17714000
2026-05-26T01:00:00+00:00,BTC/USDT,1h,76792.24000000,76888.01000000,76590.90000000,76756.98000000,342.05131000
2026-05-26T02:00:00+00:00,BTC/USDT,1h,76756.98000000,76810.00000000,76512.98000000,76660.00000000,721.43857000
2026-05-26T03:00:00+00:00,BTC/USDT,1h,76660.00000000,76705.71000000,76475.59000000,76664.01000000,396.14567000
2026-05-26T04:00:00+00:00,BTC/USDT,1h,76664.00000000,76817.28000000,76606.79000000,76749.50000000,392.59093000
2026-05-26T05:00:00+00:00,BTC/USDT,1h,76749.51000000,76989.23000000,76704.80000000,76930.01000000,556.04320000
2026-05-26T06:00:00+00:00,BTC/USDT,1h,76930.00000000,77059.74000000,76775.00000000,76908.01000000,658.30833000
2026-05-26T07:00:00+00:00,BTC/USDT,1h,76908.00000000,76924.55000000,76603.73000000,76730.84000000,436.26184000
2026-05-26T08:00:00+00:00,BTC/USDT,1h,76730.84000000,76852.01000000,76693.21000000,76726.37000000,246.06951000
2026-05-26T09:00:00+00:00,BTC/USDT,1h,76726.37000000,76804.00000000,76649.79000000,76672.19000000,350.52370000
2026-05-26T10:00:00+00:00,BTC/USDT,1h,76672.20000000,77621.75000000,76586.94000000,77430.00000000,897.13516000
2026-05-26T11:00:00+00:00,BTC/USDT,1h,77430.00000000,77516.93000000,77174.94000000,77183.55000000,403.26795000
2026-05-26T12:00:00+00:00,BTC/USDT,1h,77183.56000000,77232.52000000,76877.94000000,77132.50000000,402.68245000
2026-05-26T13:00:00+00:00,BTC/USDT,1h,77132.51000000,77464.01000000,76691.88000000,77231.56000000,659.96680000
2026-05-26T14:00:00+00:00,BTC/USDT,1h,77231.56000000,78080.00000000,76724.63000000,76908.01000000,2020.17697000
2026-05-26T15:00:00+00:00,BTC/USDT,1h,76908.01000000,77012.00000000,76272.63000000,76518.10000000,1751.25838000
2026-05-26T16:00:00+00:00,BTC/USDT,1h,76518.10000000,76710.01000000,76209.58000000,76558.00000000,2070.02098000
2026-05-26T17:00:00+00:00,BTC/USDT,1h,76558.00000000,76649.91000000,75850.00000000,75935.08000000,1190.65802000
2026-05-26T18:00:00+00:00,BTC/USDT,1h,75935.09000000,76273.66000000,75779.30000000,75840.55000000,846.30902000
2026-05-26T19:00:00+00:00,BTC/USDT,1h,75840.55000000,76104.49000000,75805.23000000,76052.00000000,581.71052000
2026-05-26T20:00:00+00:00,BTC/USDT,1h,76052.00000000,76180.00000000,75982.64000000,76106.86000000,324.41575000
2026-05-26T21:00:00+00:00,BTC/USDT,1h,76106.86000000,76117.31000000,75850.00000000,75890.00000000,275.58323000
2026-05-26T22:00:00+00:00,BTC/USDT,1h,75890.00000000,75998.94000000,75677.97000000,75749.02000000,428.12169000
2026-05-26T23:00:00+00:00,BTC/USDT,1h,75749.02000000,75986.45000000,75749.02000000,75930.01000000,316.55917000
2026-05-27T00:00:00+00:00,BTC/USDT,1h,75930.01000000,76089.70000000,75872.71000000,76085.01000000,780.41682000
2026-05-27T01:00:00+00:00,BTC/USDT,1h,76085.00000000,76104.02000000,75824.00000000,75877.44000000,573.72878000
2026-05-27T02:00:00+00:00,BTC/USDT,1h,75877.44000000,75890.59000000,75682.99000000,75879.00000000,437.25803000
2026-05-27T03:00:00+00:00,BTC/USDT,1h,75879.01000000,75966.91000000,75607.62000000,75683.00000000,612.84746000
2026-05-27T04:00:00+00:00,BTC/USDT,1h,75683.00000000,75706.77000000,75310.90000000,75579.01000000,817.05359000
2026-05-27T05:00:00+00:00,BTC/USDT,1h,75579.01000000,75739.36000000,75579.00000000,75697.99000000,490.56114000
2026-05-27T06:00:00+00:00,BTC/USDT,1h,75697.99000000,75900.00000000,75690.01000000,75838.65000000,482.86494000
2026-05-27T07:00:00+00:00,BTC/USDT,1h,75838.65000000,75980.00000000,75764.00000000,75977.17000000,433.92885000
2026-05-27T08:00:00+00:00,BTC/USDT,1h,75977.16000000,76071.41000000,75843.02000000,75873.24000000,308.77238000
2026-05-27T09:00:00+00:00,BTC/USDT,1h,75873.25000000,75978.01000000,75710.76000000,75912.60000000,294.26595000
2026-05-27T10:00:00+00:00,BTC/USDT,1h,75912.61000000,76043.94000000,75880.00000000,75909.82000000,372.61961000
2026-05-27T11:00:00+00:00,BTC/USDT,1h,75909.82000000,76029.24000000,75754.10000000,75769.18000000,316.01081000
2026-05-27T12:00:00+00:00,BTC/USDT,1h,75769.18000000,76174.15000000,75575.75000000,75688.00000000,621.24106000
2026-05-27T13:00:00+00:00,BTC/USDT,1h,75688.01000000,75760.00000000,74866.18000000,75073.40000000,2200.23684000
2026-05-27T14:00:00+00:00,BTC/USDT,1h,75073.40000000,75274.11000000,74758.33000000,75031.92000000,1567.20208000
2026-05-27T15:00:00+00:00,BTC/USDT,1h,75031.92000000,75502.29000000,74983.77000000,75326.01000000,797.52340000
2026-05-27T16:00:00+00:00,BTC/USDT,1h,75326.02000000,75408.01000000,75000.00000000,75304.01000000,632.49097000
2026-05-27T17:00:00+00:00,BTC/USDT,1h,75304.01000000,75344.01000000,74685.58000000,74860.42000000,1103.99219000
2026-05-27T18:00:00+00:00,BTC/USDT,1h,74860.42000000,75032.01000000,74663.45000000,75026.67000000,549.25309000
2026-05-27T19:00:00+00:00,BTC/USDT,1h,75026.67000000,75105.17000000,74952.36000000,75066.08000000,879.80197000
2026-05-27T20:00:00+00:00,BTC/USDT,1h,75066.09000000,75415.81000000,75056.25000000,75274.58000000,389.41476000
2026-05-27T21:00:00+00:00,BTC/USDT,1h,75274.58000000,75274.58000000,74341.76000000,74473.01000000,653.21971000
2026-05-27T22:00:00+00:00,BTC/USDT,1h,74473.01000000,74775.50000000,74260.91000000,74418.13000000,624.64107000
2026-05-27T23:00:00+00:00,BTC/USDT,1h,74418.12000000,74572.00000000,74243.99000000,74449.30000000,938.42933000
2026-05-28T00:00:00+00:00,BTC/USDT,1h,74449.31000000,74580.00000000,74366.89000000,74570.66000000,476.29695000
2026-05-28T01:00:00+00:00,BTC/USDT,1h,74570.67000000,74590.77000000,74156.00000000,74344.08000000,653.98384000
2026-05-28T02:00:00+00:00,BTC/USDT,1h,74344.07000000,74400.00000000,74127.57000000,74287.42000000,717.91596000
2026-05-28T03:00:00+00:00,BTC/USDT,1h,74287.43000000,74380.39000000,73060.59000000,73258.01000000,3879.74728000
2026-05-28T04:00:00+00:00,BTC/USDT,1h,73258.00000000,73260.01000000,72728.85000000,73181.95000000,1588.42564000
2026-05-28T05:00:00+00:00,BTC/USDT,1h,73181.95000000,73181.95000000,72908.67000000,72990.87000000,850.50171000
2026-05-28T06:00:00+00:00,BTC/USDT,1h,72990.87000000,73213.11000000,72761.11000000,73202.70000000,1248.76931000
2026-05-28T07:00:00+00:00,BTC/USDT,1h,73202.71000000,73512.14000000,73158.00000000,73498.00000000,1111.91354000
2026-05-28T08:00:00+00:00,BTC/USDT,1h,73498.00000000,73500.00000000,73193.13000000,73325.88000000,567.79073000
2026-05-28T09:00:00+00:00,BTC/USDT,1h,73325.88000000,73560.00000000,73261.60000000,73541.24000000,547.18862000
2026-05-28T10:00:00+00:00,BTC/USDT,1h,73541.25000000,73616.00000000,73349.91000000,73400.01000000,495.53335000
2026-05-28T11:00:00+00:00,BTC/USDT,1h,73400.01000000,73532.01000000,73319.36000000,73505.66000000,383.87102000
2026-05-28T12:00:00+00:00,BTC/USDT,1h,73505.65000000,73580.75000000,73245.56000000,73518.01000000,454.53291000
2026-05-28T13:00:00+00:00,BTC/USDT,1h,73518.01000000,73574.60000000,72771.64000000,73022.02000000,1277.58759000
2026-05-28T14:00:00+00:00,BTC/USDT,1h,73022.01000000,73573.21000000,72582.82000000,73033.06000000,2189.62010000
2026-05-28T15:00:00+00:00,BTC/USDT,1h,73033.06000000,73180.01000000,72700.00000000,72928.73000000,710.64433000
2026-05-28T16:00:00+00:00,BTC/USDT,1h,72928.73000000,73440.67000000,72741.40000000,73440.67000000,821.59668000
2026-05-28T17:00:00+00:00,BTC/USDT,1h,73440.66000000,73734.72000000,73316.31000000,73554.82000000,737.45631000
2026-05-28T18:00:00+00:00,BTC/USDT,1h,73554.81000000,73749.69000000,73514.57000000,73652.88000000,517.48323000
2026-05-28T19:00:00+00:00,BTC/USDT,1h,73652.87000000,73652.88000000,73381.81000000,73419.32000000,447.75042000
2026-05-28T20:00:00+00:00,BTC/USDT,1h,73419.31000000,73721.45000000,73241.48000000,73579.99000000,441.85746000
2026-05-28T21:00:00+00:00,BTC/USDT,1h,73580.00000000,73926.22000000,73560.45000000,73817.31000000,386.07817000
2026-05-28T22:00:00+00:00,BTC/USDT,1h,73817.31000000,73949.22000000,73448.55000000,73464.80000000,445.66881000
2026-05-28T23:00:00+00:00,BTC/USDT,1h,73464.80000000,73714.90000000,73464.79000000,73617.51000000,321.80630000
2026-05-29T00:00:00+00:00,BTC/USDT,1h,73617.52000000,73854.77000000,73617.51000000,73716.37000000,592.13944000
2026-05-29T01:00:00+00:00,BTC/USDT,1h,73716.37000000,73868.33000000,73463.52000000,73586.83000000,543.44041000
2026-05-29T02:00:00+00:00,BTC/USDT,1h,73586.83000000,73646.68000000,73189.11000000,73225.06000000,716.13416000
2026-05-29T03:00:00+00:00,BTC/USDT,1h,73225.07000000,73456.63000000,73225.07000000,73301.52000000,271.59006000
2026-05-29T04:00:00+00:00,BTC/USDT,1h,73301.53000000,73508.97000000,73210.21000000,73507.69000000,462.74907000
2026-05-29T05:00:00+00:00,BTC/USDT,1h,73507.68000000,73719.39000000,73500.00000000,73706.00000000,814.30980000
2026-05-29T06:00:00+00:00,BTC/USDT,1h,73706.00000000,73939.19000000,73641.05000000,73786.32000000,283.07172000
2026-05-29T07:00:00+00:00,BTC/USDT,1h,73786.32000000,73830.01000000,73373.37000000,73528.56000000,1081.67640000
2026-05-29T08:00:00+00:00,BTC/USDT,1h,73528.55000000,73835.58000000,73524.00000000,73653.40000000,690.03943000
2026-05-29T09:00:00+00:00,BTC/USDT,1h,73653.40000000,73902.85000000,73649.58000000,73744.96000000,506.90617000
2026-05-29T10:00:00+00:00,BTC/USDT,1h,73744.96000000,73749.53000000,73588.13000000,73634.64000000,583.75086000
2026-05-29T11:00:00+00:00,BTC/USDT,1h,73634.64000000,73700.41000000,73341.85000000,73487.98000000,417.09649000
2026-05-29T12:00:00+00:00,BTC/USDT,1h,73487.98000000,73487.98000000,73202.00000000,73295.73000000,419.42757000
2026-05-29T13:00:00+00:00,BTC/USDT,1h,73295.73000000,73346.04000000,72900.46000000,73135.70000000,883.40251000
2026-05-29T14:00:00+00:00,BTC/USDT,1h,73135.70000000,73198.17000000,72512.49000000,73096.85000000,1512.76179000
2026-05-29T15:00:00+00:00,BTC/USDT,1h,73096.84000000,74200.00000000,73008.98000000,73808.26000000,1809.34020000
2026-05-29T16:00:00+00:00,BTC/USDT,1h,73808.25000000,74124.73000000,73565.73000000,74056.50000000,1160.72957000
2026-05-29T17:00:00+00:00,BTC/USDT,1h,74056.49000000,74514.10000000,73925.33000000,73980.94000000,2917.46541000
2026-05-29T18:00:00+00:00,BTC/USDT,1h,73980.94000000,74065.29000000,73187.25000000,73374.52000000,1065.50146000
2026-05-29T19:00:00+00:00,BTC/USDT,1h,73374.51000000,73727.95000000,73239.36000000,73520.28000000,453.16949000
2026-05-29T20:00:00+00:00,BTC/USDT,1h,73520.29000000,73760.00000000,73514.00000000,73673.61000000,155.12213000
2026-05-29T21:00:00+00:00,BTC/USDT,1h,73673.62000000,73844.00000000,73408.80000000,73409.27000000,412.83689000
2026-05-29T22:00:00+00:00,BTC/USDT,1h,73409.27000000,73571.81000000,73379.79000000,73483.52000000,662.84770000
2026-05-29T23:00:00+00:00,BTC/USDT,1h,73483.51000000,73510.00000000,73320.00000000,73460.78000000,271.23268000
2026-05-30T00:00:00+00:00,BTC/USDT,1h,73460.78000000,73579.82000000,73408.62000000,73498.80000000,545.20652000
2026-05-30T01:00:00+00:00,BTC/USDT,1h,73498.80000000,73663.08000000,73472.80000000,73657.90000000,386.87772000
2026-05-30T02:00:00+00:00,BTC/USDT,1h,73657.90000000,73786.70000000,73613.85000000,73786.69000000,268.52358000
2026-05-30T03:00:00+00:00,BTC/USDT,1h,73786.70000000,73796.43000000,73524.01000000,73524.01000000,339.03494000
2026-05-30T04:00:00+00:00,BTC/USDT,1h,73524.01000000,73575.00000000,73216.00000000,73402.84000000,466.81865000
2026-05-30T05:00:00+00:00,BTC/USDT,1h,73402.85000000,73635.00000000,73346.85000000,73604.99000000,464.14797000
2026-05-30T06:00:00+00:00,BTC/USDT,1h,73604.99000000,73709.91000000,73530.00000000,73584.99000000,331.33867000
2026-05-30T07:00:00+00:00,BTC/USDT,1h,73584.99000000,73588.20000000,73486.00000000,73548.60000000,225.56478000
2026-05-30T08:00:00+00:00,BTC/USDT,1h,73548.60000000,73567.59000000,73500.02000000,73530.07000000,274.14087000
2026-05-30T09:00:00+00:00,BTC/USDT,1h,73530.07000000,73615.47000000,73503.07000000,73615.46000000,201.26346000
2026-05-30T10:00:00+00:00,BTC/USDT,1h,73615.46000000,73680.75000000,73592.57000000,73655.85000000,283.97060000
2026-05-30T11:00:00+00:00,BTC/USDT,1h,73655.85000000,73655.86000000,73564.62000000,73602.02000000,317.10370000
2026-05-30T12:00:00+00:00,BTC/USDT,1h,73602.01000000,73717.07000000,73594.40000000,73698.18000000,369.23500000
2026-05-30T13:00:00+00:00,BTC/USDT,1h,73698.17000000,73837.06000000,73676.10000000,73829.31000000,249.39427000
2026-05-30T14:00:00+00:00,BTC/USDT,1h,73829.31000000,74100.00000000,73820.91000000,73929.11000000,565.07041000
2026-05-30T15:00:00+00:00,BTC/USDT,1h,73929.11000000,74042.88000000,73836.70000000,73930.14000000,301.39896000
2026-05-30T16:00:00+00:00,BTC/USDT,1h,73930.13000000,73985.84000000,73880.10000000,73934.99000000,193.46997000
2026-05-30T17:00:00+00:00,BTC/USDT,1h,73935.00000000,74047.26000000,73811.30000000,74020.07000000,308.74992000
2026-05-30T18:00:00+00:00,BTC/USDT,1h,74020.06000000,74143.76000000,73945.00000000,74043.38000000,188.56655000
2026-05-30T19:00:00+00:00,BTC/USDT,1h,74043.39000000,74072.00000000,73971.30000000,74016.65000000,145.42131000
2026-05-30T20:00:00+00:00,BTC/USDT,1h,74016.64000000,74016.65000000,73926.68000000,73979.84000000,104.99480000
2026-05-30T21:00:00+00:00,BTC/USDT,1h,73979.85000000,74054.00000000,73929.07000000,73981.99000000,224.47070000
2026-05-30T22:00:00+00:00,BTC/USDT,1h,73981.99000000,73982.00000000,73796.01000000,73883.30000000,391.66756000
2026-05-30T23:00:00+00:00,BTC/USDT,1h,73883.30000000,73995.98000000,73781.30000000,73884.38000000,368.97818000
2026-05-31T00:00:00+00:00,BTC/USDT,1h,73884.38000000,74041.72000000,73858.56000000,74038.20000000,241.35407000
2026-05-31T01:00:00+00:00,BTC/USDT,1h,74038.20000000,74275.66000000,74028.64000000,74058.01000000,363.47802000
2026-05-31T02:00:00+00:00,BTC/USDT,1h,74058.01000000,74243.94000000,73890.49000000,74090.84000000,304.85670000
2026-05-31T03:00:00+00:00,BTC/USDT,1h,74090.84000000,74226.78000000,74074.05000000,74150.64000000,189.87382000
2026-05-31T04:00:00+00:00,BTC/USDT,1h,74150.64000000,74221.33000000,74109.00000000,74178.40000000,194.38913000
2026-05-31T05:00:00+00:00,BTC/USDT,1h,74178.41000000,74207.20000000,74055.16000000,74055.98000000,231.70947000
2026-05-31T06:00:00+00:00,BTC/USDT,1h,74055.99000000,74109.39000000,73985.34000000,74054.87000000,141.21825000
2026-05-31T07:00:00+00:00,BTC/USDT,1h,74054.86000000,74054.87000000,73836.00000000,73871.24000000,302.07421000
2026-05-31T08:00:00+00:00,BTC/USDT,1h,73871.25000000,73980.00000000,73850.05000000,73937.61000000,348.32905000
2026-05-31T09:00:00+00:00,BTC/USDT,1h,73937.62000000,74024.00000000,73813.44000000,73841.79000000,323.04158000
2026-05-31T10:00:00+00:00,BTC/USDT,1h,73841.79000000,73900.00000000,73699.20000000,73900.00000000,400.29833000
2026-05-31T11:00:00+00:00,BTC/USDT,1h,73900.00000000,73972.00000000,73899.99000000,73937.79000000,178.92390000
2026-05-31T12:00:00+00:00,BTC/USDT,1h,73937.63000000,73995.88000000,73874.00000000,73920.00000000,222.22652000
2026-05-31T13:00:00+00:00,BTC/USDT,1h,73920.00000000,74023.99000000,73807.43000000,73872.80000000,178.44734000
2026-05-31T14:00:00+00:00,BTC/USDT,1h,73872.80000000,73872.80000000,73483.05000000,73602.17000000,681.72491000
2026-05-31T15:00:00+00:00,BTC/USDT,1h,73602.18000000,73775.79000000,73588.80000000,73655.21000000,266.93299000
2026-05-31T16:00:00+00:00,BTC/USDT,1h,73655.20000000,73730.00000000,73400.00000000,73526.14000000,319.75425000
2026-05-31T17:00:00+00:00,BTC/USDT,1h,73526.15000000,73734.00000000,73466.67000000,73709.44000000,195.46974000
2026-05-31T18:00:00+00:00,BTC/USDT,1h,73709.43000000,73713.34000000,73585.49000000,73603.69000000,214.37074000
2026-05-31T19:00:00+00:00,BTC/USDT,1h,73603.68000000,73649.93000000,73456.48000000,73563.42000000,255.80848000
2026-05-31T20:00:00+00:00,BTC/USDT,1h,73563.41000000,73760.00000000,73563.41000000,73739.66000000,381.56410000
2026-05-31T21:00:00+00:00,BTC/USDT,1h,73739.67000000,73924.00000000,73626.67000000,73892.52000000,391.01047000
2026-05-31T22:00:00+00:00,BTC/USDT,1h,73892.52000000,73997.56000000,73686.00000000,73944.62000000,284.29172000
2026-05-31T23:00:00+00:00,BTC/USDT,1h,73944.62000000,74198.00000000,73500.00000000,73674.39000000,375.30928000
2026-06-01T00:00:00+00:00,BTC/USDT,1h,73674.39000000,74092.00000000,73654.06000000,73885.00000000,366.48970000
2026-06-01T01:00:00+00:00,BTC/USDT,1h,73885.01000000,73916.01000000,73278.02000000,73292.92000000,464.54265000
2026-06-01T02:00:00+00:00,BTC/USDT,1h,73292.92000000,73892.52000000,73222.00000000,73790.00000000,506.50025000
2026-06-01T03:00:00+00:00,BTC/USDT,1h,73789.99000000,74019.58000000,73735.47000000,73769.06000000,460.44243000
2026-06-01T04:00:00+00:00,BTC/USDT,1h,73769.06000000,73841.37000000,73348.74000000,73536.01000000,335.64727000
2026-06-01T05:00:00+00:00,BTC/USDT,1h,73536.01000000,73541.48000000,73328.32000000,73350.00000000,404.19791000
2026-06-01T06:00:00+00:00,BTC/USDT,1h,73349.99000000,73368.00000000,72950.01000000,73135.74000000,740.28999000
2026-06-01T07:00:00+00:00,BTC/USDT,1h,73135.75000000,73203.85000000,72704.00000000,72818.00000000,833.64063000
2026-06-01T08:00:00+00:00,BTC/USDT,1h,72818.00000000,72921.38000000,72610.03000000,72902.65000000,751.49608000
2026-06-01T09:00:00+00:00,BTC/USDT,1h,72902.64000000,73095.64000000,72600.00000000,72880.00000000,2061.21620000
2026-06-01T10:00:00+00:00,BTC/USDT,1h,72880.00000000,72900.73000000,72592.27000000,72748.88000000,482.48740000
2026-06-01T11:00:00+00:00,BTC/USDT,1h,72748.88000000,72768.11000000,72290.00000000,72479.99000000,769.61036000
2026-06-01T12:00:00+00:00,BTC/USDT,1h,72480.00000000,72610.00000000,71902.98000000,72221.73000000,1854.73885000
2026-06-01T13:00:00+00:00,BTC/USDT,1h,72221.74000000,72243.52000000,71389.88000000,71711.89000000,3036.53496000
2026-06-01T14:00:00+00:00,BTC/USDT,1h,71711.89000000,71887.60000000,71363.43000000,71567.91000000,2060.71568000
2026-06-01T15:00:00+00:00,BTC/USDT,1h,71567.91000000,71677.55000000,71066.33000000,71129.62000000,1656.46415000
2026-06-01T16:00:00+00:00,BTC/USDT,1h,71129.62000000,71599.95000000,70686.68000000,71564.01000000,2820.57409000
2026-06-01T17:00:00+00:00,BTC/USDT,1h,71564.01000000,71800.73000000,71469.64000000,71646.01000000,999.45739000
2026-06-01T18:00:00+00:00,BTC/USDT,1h,71646.00000000,71687.28000000,71382.00000000,71498.64000000,667.35668000
2026-06-01T19:00:00+00:00,BTC/USDT,1h,71498.64000000,71666.00000000,71386.00000000,71595.24000000,432.84579000
2026-06-01T20:00:00+00:00,BTC/USDT,1h,71595.24000000,71690.00000000,71419.64000000,71446.00000000,273.27230000
2026-06-01T21:00:00+00:00,BTC/USDT,1h,71445.99000000,71449.98000000,70941.95000000,71038.01000000,573.85796000
2026-06-01T22:00:00+00:00,BTC/USDT,1h,71038.01000000,71460.00000000,70840.90000000,71408.00000000,770.63523000
2026-06-01T23:00:00+00:00,BTC/USDT,1h,71407.99000000,71583.29000000,71225.29000000,71408.90000000,598.07789000
2026-06-02T00:00:00+00:00,BTC/USDT,1h,71408.90000000,71408.90000000,71100.00000000,71289.23000000,677.70318000
2026-06-02T01:00:00+00:00,BTC/USDT,1h,71289.24000000,71372.00000000,70607.57000000,70652.47000000,1034.85247000
2026-06-02T02:00:00+00:00,BTC/USDT,1h,70652.47000000,70880.63000000,70111.00000000,70846.49000000,1320.14440000
2026-06-02T03:00:00+00:00,BTC/USDT,1h,70846.48000000,71041.04000000,70806.00000000,70953.69000000,492.94753000
2026-06-02T04:00:00+00:00,BTC/USDT,1h,70953.70000000,71048.00000000,70713.54000000,70810.00000000,489.36754000
2026-06-02T05:00:00+00:00,BTC/USDT,1h,70810.00000000,70847.66000000,70267.79000000,70268.96000000,832.11781000
2026-06-02T06:00:00+00:00,BTC/USDT,1h,70268.97000000,70442.00000000,69958.49000000,70106.31000000,1507.14949000
2026-06-02T07:00:00+00:00,BTC/USDT,1h,70106.31000000,70275.86000000,69733.00000000,70118.42000000,1388.79813000
2026-06-02T08:00:00+00:00,BTC/USDT,1h,70118.42000000,70172.00000000,69705.30000000,69821.99000000,944.64990000
2026-06-02T09:00:00+00:00,BTC/USDT,1h,69822.00000000,69849.00000000,69324.65000000,69426.01000000,1499.21853000
2026-06-02T10:00:00+00:00,BTC/USDT,1h,69426.01000000,69756.00000000,69336.98000000,69652.19000000,904.86792000
2026-06-02T11:00:00+00:00,BTC/USDT,1h,69652.18000000,69659.47000000,69397.83000000,69461.72000000,417.59402000
2026-06-02T12:00:00+00:00,BTC/USDT,1h,69461.73000000,69548.13000000,68989.61000000,69010.42000000,1382.26152000
2026-06-02T13:00:00+00:00,BTC/USDT,1h,69010.41000000,69180.00000000,68757.03000000,68811.91000000,1762.82906000
2026-06-02T14:00:00+00:00,BTC/USDT,1h,68809.93000000,68836.00000000,67617.85000000,68019.30000000,3845.79627000
2026-06-02T15:00:00+00:00,BTC/USDT,1h,68019.30000000,68094.60000000,67076.00000000,67304.28000000,2543.79469000
2026-06-02T16:00:00+00:00,BTC/USDT,1h,67304.29000000,68146.30000000,67228.45000000,67413.44000000,1789.92962000
2026-06-02T17:00:00+00:00,BTC/USDT,1h,67413.44000000,67837.53000000,67378.00000000,67492.34000000,905.89150000
2026-06-02T18:00:00+00:00,BTC/USDT,1h,67492.34000000,67661.70000000,67124.20000000,67341.99000000,926.14597000
2026-06-02T19:00:00+00:00,BTC/USDT,1h,67341.99000000,67498.00000000,66432.00000000,67315.14000000,2333.17121000
2026-06-02T20:00:00+00:00,BTC/USDT,1h,67315.14000000,67689.65000000,66911.20000000,67587.77000000,1637.61606000
2026-06-02T21:00:00+00:00,BTC/USDT,1h,67587.78000000,67923.24000000,67412.00000000,67566.01000000,765.53933000
2026-06-02T22:00:00+00:00,BTC/USDT,1h,67566.01000000,67566.01000000,66244.02000000,66385.20000000,1856.41667000
2026-06-02T23:00:00+00:00,BTC/USDT,1h,66385.20000000,66868.62000000,66193.00000000,66760.83000000,1599.39304000
2026-06-03T00:00:00+00:00,BTC/USDT,1h,66760.84000000,67204.15000000,66654.00000000,66938.01000000,1238.50805000
2026-06-03T01:00:00+00:00,BTC/USDT,1h,66938.01000000,67050.00000000,66472.65000000,66920.00000000,973.29949000
2026-06-03T02:00:00+00:00,BTC/USDT,1h,66920.00000000,66920.01000000,66586.17000000,66620.01000000,773.38787000
2026-06-03T03:00:00+00:00,BTC/USDT,1h,66620.00000000,66653.67000000,65426.34000000,65849.90000000,2891.72624000
2026-06-03T04:00:00+00:00,BTC/USDT,1h,65849.90000000,66623.44000000,65834.00000000,66465.98000000,1263.85794000
2026-06-03T05:00:00+00:00,BTC/USDT,1h,66465.99000000,67398.28000000,66465.99000000,67330.01000000,1773.95829000
2026-06-03T06:00:00+00:00,BTC/USDT,1h,67330.00000000,67516.00000000,66962.95000000,66983.27000000,1658.04956000
2026-06-03T07:00:00+00:00,BTC/USDT,1h,66983.27000000,67334.40000000,66872.01000000,67220.03000000,1003.46306000
2026-06-03T08:00:00+00:00,BTC/USDT,1h,67220.03000000,67264.34000000,66974.00000000,67028.00000000,1273.47385000
2026-06-03T09:00:00+00:00,BTC/USDT,1h,67028.01000000,67322.00000000,66656.48000000,67075.17000000,1438.06157000
2026-06-03T10:00:00+00:00,BTC/USDT,1h,67075.18000000,67476.69000000,67068.51000000,67294.52000000,639.46259000
2026-06-03T11:00:00+00:00,BTC/USDT,1h,67294.51000000,67366.82000000,67056.58000000,67067.37000000,489.69833000
2026-06-03T12:00:00+00:00,BTC/USDT,1h,67067.37000000,67163.82000000,66782.65000000,67078.72000000,856.74966000
2026-06-03T13:00:00+00:00,BTC/USDT,1h,67078.72000000,67244.62000000,66635.00000000,66906.01000000,1223.17247000
2026-06-03T14:00:00+00:00,BTC/USDT,1h,66906.00000000,66990.66000000,66643.96000000,66864.95000000,936.44379000
2026-06-03T15:00:00+00:00,BTC/USDT,1h,66864.95000000,66898.00000000,66076.00000000,66076.01000000,1521.34921000
2026-06-03T16:00:00+00:00,BTC/USDT,1h,66076.01000000,66373.18000000,65555.00000000,66061.83000000,1633.14277000
2026-06-03T17:00:00+00:00,BTC/USDT,1h,66061.83000000,66189.80000000,65704.80000000,65964.08000000,810.29365000
2026-06-03T18:00:00+00:00,BTC/USDT,1h,65964.08000000,66161.24000000,65744.01000000,66036.57000000,600.59221000
2026-06-03T19:00:00+00:00,BTC/USDT,1h,66036.56000000,66054.00000000,65251.00000000,65462.00000000,1198.70968000
2026-06-03T20:00:00+00:00,BTC/USDT,1h,65461.99000000,65614.74000000,64766.00000000,65007.27000000,1892.05101000
2026-06-03T21:00:00+00:00,BTC/USDT,1h,65007.27000000,65860.00000000,64960.87000000,65768.88000000,1254.10382000
2026-06-03T22:00:00+00:00,BTC/USDT,1h,65768.89000000,65841.23000000,64778.15000000,64912.98000000,974.52056000
2026-06-03T23:00:00+00:00,BTC/USDT,1h,64912.97000000,64979.99000000,64092.49000000,64142.75000000,1820.23083000
2026-06-04T00:00:00+00:00,BTC/USDT,1h,64142.75000000,64428.00000000,63000.00000000,63344.97000000,3512.79677000
2026-06-04T01:00:00+00:00,BTC/USDT,1h,63344.98000000,63500.00000000,62100.01000000,62178.10000000,4759.04130000
2026-06-04T02:00:00+00:00,BTC/USDT,1h,62178.10000000,63622.70000000,61383.56000000,63231.99000000,6283.29826000
2026-06-04T03:00:00+00:00,BTC/USDT,1h,63232.00000000,64540.30000000,63218.48000000,64363.49000000,2402.09774000
2026-06-04T04:00:00+00:00,BTC/USDT,1h,64363.49000000,64764.32000000,64265.73000000,64399.99000000,1421.62502000
2026-06-04T05:00:00+00:00,BTC/USDT,1h,64399.99000000,64400.00000000,63648.01000000,63955.47000000,1272.84935000
2026-06-04T06:00:00+00:00,BTC/USDT,1h,63955.48000000,64481.22000000,63892.00000000,64027.99000000,802.33437000
2026-06-04T07:00:00+00:00,BTC/USDT,1h,64027.99000000,64062.81000000,63492.89000000,63603.15000000,1503.87893000
2026-06-04T08:00:00+00:00,BTC/USDT,1h,63603.15000000,63904.63000000,63245.90000000,63629.99000000,1570.23316000
2026-06-04T09:00:00+00:00,BTC/USDT,1h,63629.99000000,63644.00000000,62703.33000000,63266.00000000,2329.32820000
2026-06-04T10:00:00+00:00,BTC/USDT,1h,63266.01000000,63276.00000000,62301.21000000,62420.00000000,3046.35677000
2026-06-04T11:00:00+00:00,BTC/USDT,1h,62420.01000000,62833.82000000,62205.00000000,62545.99000000,1649.57305000
2026-06-04T12:00:00+00:00,BTC/USDT,1h,62546.00000000,63966.48000000,62392.00000000,63766.82000000,1740.31399000
2026-06-04T13:00:00+00:00,BTC/USDT,1h,63766.82000000,64244.00000000,63068.41000000,64230.00000000,2087.69891000
2026-06-04T14:00:00+00:00,BTC/USDT,1h,64230.00000000,64494.92000000,63785.33000000,63958.97000000,1314.77170000
2026-06-04T15:00:00+00:00,BTC/USDT,1h,63958.97000000,64404.00000000,63691.70000000,63896.17000000,1043.20477000
2026-06-04T16:00:00+00:00,BTC/USDT,1h,63896.16000000,63920.00000000,63456.00000000,63563.51000000,778.58090000
2026-06-04T17:00:00+00:00,BTC/USDT,1h,63563.51000000,63722.00000000,62944.91000000,63540.97000000,1048.08269000
2026-06-04T18:00:00+00:00,BTC/USDT,1h,63540.96000000,64110.28000000,63149.76000000,63819.62000000,1198.01807000
2026-06-04T19:00:00+00:00,BTC/USDT,1h,63819.62000000,64163.93000000,63544.00000000,63629.38000000,699.04403000
2026-06-04T20:00:00+00:00,BTC/USDT,1h,63629.38000000,63653.20000000,63182.84000000,63638.40000000,753.64631000
2026-06-04T21:00:00+00:00,BTC/USDT,1h,63638.40000000,63876.00000000,63106.04000000,63286.21000000,982.36997000
2026-06-04T22:00:00+00:00,BTC/USDT,1h,63286.21000000,63772.00000000,63194.00000000,63735.43000000,816.54763000
2026-06-04T23:00:00+00:00,BTC/USDT,1h,63735.42000000,63918.00000000,63376.00000000,63885.99000000,561.48382000
2026-06-05T00:00:00+00:00,BTC/USDT,1h,63885.99000000,63978.00000000,63396.57000000,63426.72000000,799.55012000
2026-06-05T01:00:00+00:00,BTC/USDT,1h,63426.73000000,63566.00000000,63052.00000000,63374.67000000,974.10885000
2026-06-05T02:00:00+00:00,BTC/USDT,1h,63374.67000000,63436.00000000,62588.77000000,62617.72000000,1167.70132000
2026-06-05T03:00:00+00:00,BTC/USDT,1h,62617.72000000,62888.00000000,62339.00000000,62730.00000000,1221.63780000
2026-06-05T04:00:00+00:00,BTC/USDT,1h,62730.00000000,63646.00000000,62487.24000000,63615.23000000,1133.49083000
2026-06-05T05:00:00+00:00,BTC/USDT,1h,63615.22000000,63688.00000000,62278.00000000,62329.35000000,1503.31179000
2026-06-05T06:00:00+00:00,BTC/USDT,1h,62329.36000000,62634.53000000,61126.01000000,61946.57000000,5277.47749000
2026-06-05T07:00:00+00:00,BTC/USDT,1h,61946.57000000,63116.00000000,61378.38000000,63115.99000000,2819.14343000
2026-06-05T08:00:00+00:00,BTC/USDT,1h,63115.99000000,63120.98000000,62288.88000000,62454.64000000,1381.33567000
2026-06-05T09:00:00+00:00,BTC/USDT,1h,62454.64000000,63259.90000000,62442.00000000,62860.09000000,970.25310000
2026-06-05T10:00:00+00:00,BTC/USDT,1h,62860.09000000,62931.81000000,62375.00000000,62536.87000000,753.84533000
2026-06-05T11:00:00+00:00,BTC/USDT,1h,62536.87000000,62644.48000000,61964.98000000,61964.99000000,1191.72996000
2026-06-05T12:00:00+00:00,BTC/USDT,1h,61964.99000000,62457.86000000,61620.47000000,61959.73000000,1931.26312000
2026-06-05T13:00:00+00:00,BTC/USDT,1h,61959.72000000,62326.00000000,60732.35000000,60732.36000000,3644.72891000
2026-06-05T14:00:00+00:00,BTC/USDT,1h,60732.36000000,61227.98000000,60334.97000000,60868.97000000,4753.25938000
2026-06-05T15:00:00+00:00,BTC/USDT,1h,60868.98000000,61126.00000000,60000.00000000,60438.01000000,4471.76201000
2026-06-05T16:00:00+00:00,BTC/USDT,1h,60438.00000000,61547.24000000,59786.00000000,61394.39000000,5595.70288000
2026-06-05T17:00:00+00:00,BTC/USDT,1h,61394.38000000,61508.85000000,60660.00000000,60813.99000000,1735.74281000
2026-06-05T18:00:00+00:00,BTC/USDT,1h,60814.00000000,60950.00000000,59141.00000000,59395.99000000,3853.37743000
2026-06-05T19:00:00+00:00,BTC/USDT,1h,59396.00000000,60459.41000000,59130.91000000,60300.24000000,2562.76919000
2026-06-05T20:00:00+00:00,BTC/USDT,1h,60300.24000000,61787.01000000,59940.01000000,61620.01000000,2519.32621000
2026-06-05T21:00:00+00:00,BTC/USDT,1h,61620.01000000,62000.00000000,61444.20000000,61670.38000000,1754.60125000
2026-06-05T22:00:00+00:00,BTC/USDT,1h,61670.38000000,61966.00000000,61207.82000000,61584.49000000,1799.61028000
2026-06-05T23:00:00+00:00,BTC/USDT,1h,61584.49000000,61776.00000000,60518.00000000,61056.47000000,1211.55891000
2026-06-06T00:00:00+00:00,BTC/USDT,1h,61056.47000000,61530.05000000,61045.01000000,61273.29000000,769.28059000
2026-06-06T01:00:00+00:00,BTC/USDT,1h,61273.29000000,61380.00000000,60954.36000000,61058.95000000,701.07746000
2026-06-06T02:00:00+00:00,BTC/USDT,1h,61058.95000000,61176.00000000,60678.00000000,60951.64000000,778.33004000
2026-06-06T03:00:00+00:00,BTC/USDT,1h,60951.63000000,60966.86000000,60520.00000000,60687.04000000,696.39105000
2026-06-06T04:00:00+00:00,BTC/USDT,1h,60687.05000000,60866.00000000,59500.00000000,60101.27000000,2161.93035000
2026-06-06T05:00:00+00:00,BTC/USDT,1h,60101.28000000,61062.00000000,59621.22000000,60942.38000000,2141.23088000
2026-06-06T06:00:00+00:00,BTC/USDT,1h,60942.37000000,61276.95000000,60681.00000000,60786.96000000,2095.10137000
2026-06-06T07:00:00+00:00,BTC/USDT,1h,60786.96000000,61229.17000000,60733.14000000,61004.95000000,664.31126000
2026-06-06T08:00:00+00:00,BTC/USDT,1h,61004.95000000,61500.00000000,60884.00000000,61264.00000000,724.69988000
2026-06-06T09:00:00+00:00,BTC/USDT,1h,61264.00000000,61322.00000000,60875.55000000,60981.24000000,580.05282000
2026-06-06T10:00:00+00:00,BTC/USDT,1h,60981.24000000,60981.24000000,60198.00000000,60593.00000000,1404.76206000
2026-06-06T11:00:00+00:00,BTC/USDT,1h,60593.00000000,60968.00000000,60552.95000000,60802.91000000,764.04290000
2026-06-06T12:00:00+00:00,BTC/USDT,1h,60802.90000000,61185.26000000,60641.20000000,61030.63000000,669.86406000
2026-06-06T13:00:00+00:00,BTC/USDT,1h,61030.63000000,61100.00000000,60701.41000000,60801.20000000,565.41708000
2026-06-06T14:00:00+00:00,BTC/USDT,1h,60801.20000000,61016.00000000,60768.00000000,60791.05000000,409.85585000
2026-06-06T15:00:00+00:00,BTC/USDT,1h,60791.06000000,60929.20000000,60396.00000000,60784.00000000,646.35820000
2026-06-06T16:00:00+00:00,BTC/USDT,1h,60784.01000000,60971.24000000,60466.56000000,60774.00000000,524.00441000
2026-06-06T17:00:00+00:00,BTC/USDT,1h,60774.00000000,60844.00000000,60501.00000000,60576.20000000,599.85374000
2026-06-06T18:00:00+00:00,BTC/USDT,1h,60576.19000000,60754.74000000,60393.96000000,60637.21000000,975.00187000
2026-06-06T19:00:00+00:00,BTC/USDT,1h,60637.20000000,60786.00000000,60536.00000000,60600.01000000,348.13504000
2026-06-06T20:00:00+00:00,BTC/USDT,1h,60600.00000000,60756.00000000,60522.00000000,60711.69000000,328.01265000
2026-06-06T21:00:00+00:00,BTC/USDT,1h,60711.69000000,61000.00000000,60707.93000000,60751.21000000,311.33205000
2026-06-06T22:00:00+00:00,BTC/USDT,1h,60751.22000000,60818.00000000,60429.09000000,60543.53000000,374.15284000
2026-06-06T23:00:00+00:00,BTC/USDT,1h,60543.52000000,60942.75000000,60543.52000000,60884.62000000,562.39032000
2026-06-07T00:00:00+00:00,BTC/USDT,1h,60884.62000000,60987.99000000,60746.00000000,60782.01000000,680.45460000
2026-06-07T01:00:00+00:00,BTC/USDT,1h,60782.00000000,61664.13000000,60758.00000000,61479.75000000,1285.56920000
2026-06-07T02:00:00+00:00,BTC/USDT,1h,61479.75000000,61568.00000000,61184.00000000,61506.74000000,523.36778000
2026-06-07T03:00:00+00:00,BTC/USDT,1h,61506.73000000,61778.33000000,61416.10000000,61701.07000000,469.79753000
2026-06-07T04:00:00+00:00,BTC/USDT,1h,61701.06000000,61907.07000000,61482.46000000,61890.92000000,486.27163000
2026-06-07T05:00:00+00:00,BTC/USDT,1h,61890.92000000,62159.00000000,61647.00000000,61748.10000000,1139.66042000
2026-06-07T06:00:00+00:00,BTC/USDT,1h,61748.11000000,62272.00000000,61619.40000000,62101.00000000,1749.12210000
2026-06-07T07:00:00+00:00,BTC/USDT,1h,62101.01000000,62416.26000000,61983.46000000,62404.73000000,1528.14980000
2026-06-07T08:00:00+00:00,BTC/USDT,1h,62404.72000000,62960.00000000,62259.37000000,62855.01000000,2005.84536000
2026-06-07T09:00:00+00:00,BTC/USDT,1h,62855.00000000,62900.00000000,62374.63000000,62530.00000000,1248.75300000
2026-06-07T10:00:00+00:00,BTC/USDT,1h,62530.00000000,62570.31000000,62298.39000000,62370.52000000,674.16526000
2026-06-07T11:00:00+00:00,BTC/USDT,1h,62370.53000000,62754.45000000,62359.44000000,62621.96000000,794.29873000
2026-06-07T12:00:00+00:00,BTC/USDT,1h,62621.97000000,62643.97000000,61577.12000000,61900.67000000,1957.06740000
2026-06-07T13:00:00+00:00,BTC/USDT,1h,61900.66000000,61907.64000000,61649.12000000,61700.13000000,1146.18923000
2026-06-07T14:00:00+00:00,BTC/USDT,1h,61700.14000000,62312.67000000,61696.98000000,61905.49000000,923.54392000
2026-06-07T15:00:00+00:00,BTC/USDT,1h,61905.49000000,62219.92000000,61674.51000000,62093.99000000,527.33835000
2026-06-07T16:00:00+00:00,BTC/USDT,1h,62093.99000000,62332.00000000,61966.00000000,62083.64000000,482.96030000
2026-06-07T17:00:00+00:00,BTC/USDT,1h,62083.64000000,62330.00000000,62046.62000000,62160.01000000,573.97699000
2026-06-07T18:00:00+00:00,BTC/USDT,1h,62160.01000000,62296.00000000,62022.00000000,62030.14000000,373.61361000
2026-06-07T19:00:00+00:00,BTC/USDT,1h,62030.15000000,62036.78000000,61184.00000000,61328.00000000,1046.65633000
2026-06-07T20:00:00+00:00,BTC/USDT,1h,61327.99000000,61962.47000000,61217.17000000,61878.01000000,569.10903000
2026-06-07T21:00:00+00:00,BTC/USDT,1h,61878.00000000,62017.71000000,61652.01000000,61778.41000000,374.19369000
2026-06-07T22:00:00+00:00,BTC/USDT,1h,61778.42000000,64234.68000000,61728.11000000,62865.87000000,4892.75492000
2026-06-07T23:00:00+00:00,BTC/USDT,1h,62865.87000000,63444.11000000,62803.42000000,63332.01000000,1159.24525000
2026-06-08T00:00:00+00:00,BTC/USDT,1h,63332.01000000,63863.06000000,63138.37000000,63631.42000000,1255.61981000
2026-06-08T01:00:00+00:00,BTC/USDT,1h,63631.43000000,63643.99000000,62720.86000000,63211.41000000,1129.10442000
2026-06-08T02:00:00+00:00,BTC/USDT,1h,63211.41000000,63260.00000000,62918.00000000,63129.93000000,502.88284000
2026-06-08T03:00:00+00:00,BTC/USDT,1h,63129.94000000,63458.00000000,62978.36000000,63130.12000000,427.85473000
2026-06-08T04:00:00+00:00,BTC/USDT,1h,63130.12000000,63171.10000000,62657.07000000,62684.61000000,553.63898000
2026-06-08T05:00:00+00:00,BTC/USDT,1h,62684.61000000,62825.27000000,62408.00000000,62764.00000000,674.10723000
2026-06-08T06:00:00+00:00,BTC/USDT,1h,62763.99000000,63144.00000000,62734.00000000,62988.03000000,629.53051000
2026-06-08T07:00:00+00:00,BTC/USDT,1h,62988.58000000,63350.00000000,62812.00000000,63283.99000000,976.90780000
2026-06-08T08:00:00+00:00,BTC/USDT,1h,63284.00000000,63284.00000000,62992.01000000,63132.83000000,490.75057000
2026-06-08T09:00:00+00:00,BTC/USDT,1h,63132.84000000,63577.86000000,63128.47000000,63502.00000000,706.93226000
2026-06-08T10:00:00+00:00,BTC/USDT,1h,63501.99000000,63568.19000000,63096.88000000,63172.30000000,982.67290000
2026-06-08T11:00:00+00:00,BTC/USDT,1h,63172.30000000,63873.08000000,63058.00000000,63479.61000000,1572.11873000
2026-06-08T12:00:00+00:00,BTC/USDT,1h,63479.62000000,63933.18000000,62718.30000000,63872.00000000,2589.09295000
2026-06-08T13:00:00+00:00,BTC/USDT,1h,63872.00000000,63943.56000000,63362.10000000,63758.00000000,1304.57724000
2026-06-08T14:00:00+00:00,BTC/USDT,1h,63758.00000000,64077.57000000,63560.68000000,63964.08000000,1937.84618000
2026-06-08T15:00:00+00:00,BTC/USDT,1h,63964.07000000,64200.00000000,63711.00000000,63774.48000000,2295.29096000
2026-06-08T16:00:00+00:00,BTC/USDT,1h,63774.48000000,64046.86000000,63472.00000000,63532.01000000,873.93622000
2026-06-08T17:00:00+00:00,BTC/USDT,1h,63532.01000000,63646.00000000,63268.01000000,63550.00000000,1044.76064000
2026-06-08T18:00:00+00:00,BTC/USDT,1h,63549.99000000,63690.00000000,63339.98000000,63466.83000000,414.77155000
2026-06-08T19:00:00+00:00,BTC/USDT,1h,63466.83000000,63596.00000000,63356.00000000,63372.01000000,379.67287000
2026-06-08T20:00:00+00:00,BTC/USDT,1h,63372.01000000,63485.49000000,63160.31000000,63485.49000000,793.95609000
2026-06-08T21:00:00+00:00,BTC/USDT,1h,63485.49000000,63850.00000000,63483.41000000,63728.96000000,413.19539000
2026-06-08T22:00:00+00:00,BTC/USDT,1h,63728.96000000,63728.96000000,63210.00000000,63440.01000000,571.04903000
2026-06-08T23:00:00+00:00,BTC/USDT,1h,63440.00000000,63594.00000000,62978.66000000,63085.99000000,533.11634000
2026-06-09T00:00:00+00:00,BTC/USDT,1h,63086.00000000,63184.00000000,62423.07000000,62562.00000000,1868.43384000
2026-06-09T01:00:00+00:00,BTC/USDT,1h,62562.00000000,62879.10000000,62546.62000000,62764.01000000,752.22836000
2026-06-09T02:00:00+00:00,BTC/USDT,1h,62764.00000000,62874.00000000,62544.11000000,62868.00000000,357.79841000
2026-06-09T03:00:00+00:00,BTC/USDT,1h,62867.99000000,62979.94000000,62702.00000000,62875.17000000,780.82683000
2026-06-09T04:00:00+00:00,BTC/USDT,1h,62875.18000000,63424.00000000,62748.00000000,63242.36000000,1115.32376000
2026-06-09T05:00:00+00:00,BTC/USDT,1h,63242.36000000,63526.01000000,63120.24000000,63338.68000000,946.88593000
2026-06-09T06:00:00+00:00,BTC/USDT,1h,63338.69000000,63506.00000000,63230.00000000,63300.00000000,975.96129000
2026-06-09T07:00:00+00:00,BTC/USDT,1h,63300.00000000,63443.60000000,63012.00000000,63198.44000000,669.83742000
2026-06-09T08:00:00+00:00,BTC/USDT,1h,63198.44000000,63208.86000000,62769.52000000,62849.75000000,844.01531000
2026-06-09T09:00:00+00:00,BTC/USDT,1h,62849.75000000,62944.43000000,62590.00000000,62715.37000000,709.25840000
2026-06-09T10:00:00+00:00,BTC/USDT,1h,62715.37000000,62835.37000000,62596.00000000,62786.01000000,503.06926000
2026-06-09T11:00:00+00:00,BTC/USDT,1h,62786.00000000,62818.00000000,62498.75000000,62711.12000000,472.29218000
2026-06-09T12:00:00+00:00,BTC/USDT,1h,62711.12000000,62895.18000000,62421.24000000,62645.15000000,693.60370000
2026-06-09T13:00:00+00:00,BTC/USDT,1h,62645.14000000,62738.00000000,62140.00000000,62273.61000000,1172.01624000
2026-06-09T14:00:00+00:00,BTC/USDT,1h,62273.62000000,62395.01000000,61148.07000000,61541.95000000,2741.42922000
2026-06-09T15:00:00+00:00,BTC/USDT,1h,61541.95000000,61706.86000000,61037.00000000,61131.84000000,1576.39840000
2026-06-09T16:00:00+00:00,BTC/USDT,1h,61131.85000000,61484.67000000,60780.00000000,61390.51000000,2117.17514000
2026-06-09T17:00:00+00:00,BTC/USDT,1h,61390.51000000,61889.00000000,61390.51000000,61692.01000000,925.52892000
2026-06-09T18:00:00+00:00,BTC/USDT,1h,61692.01000000,61964.00000000,61602.00000000,61792.01000000,528.51144000
2026-06-09T19:00:00+00:00,BTC/USDT,1h,61792.00000000,62103.39000000,61722.00000000,62098.09000000,436.30940000
2026-06-09T20:00:00+00:00,BTC/USDT,1h,62098.09000000,62272.00000000,61954.39000000,62160.00000000,406.81988000
2026-06-09T21:00:00+00:00,BTC/USDT,1h,62159.99000000,62176.86000000,61698.00000000,61761.20000000,425.20913000
2026-06-09T22:00:00+00:00,BTC/USDT,1h,61761.21000000,61976.00000000,61666.66000000,61717.50000000,276.69194000
2026-06-09T23:00:00+00:00,BTC/USDT,1h,61717.50000000,61878.00000000,61556.00000000,61730.00000000,340.59519000
2026-06-10T00:00:00+00:00,BTC/USDT,1h,61730.00000000,61930.00000000,61440.00000000,61923.16000000,538.26750000
2026-06-10T01:00:00+00:00,BTC/USDT,1h,61923.16000000,61974.70000000,61590.00000000,61714.00000000,336.41204000
2026-06-10T02:00:00+00:00,BTC/USDT,1h,61714.00000000,61837.67000000,61235.29000000,61302.36000000,512.06602000
2026-06-10T03:00:00+00:00,BTC/USDT,1h,61302.37000000,61594.00000000,61286.00000000,61549.64000000,334.76343000
2026-06-10T04:00:00+00:00,BTC/USDT,1h,61549.64000000,61560.00000000,61182.65000000,61295.99000000,306.03442000
2026-06-10T05:00:00+00:00,BTC/USDT,1h,61296.00000000,61400.01000000,61080.00000000,61361.17000000,464.90737000
2026-06-10T06:00:00+00:00,BTC/USDT,1h,61361.17000000,61521.99000000,61145.50000000,61472.89000000,511.66925000
2026-06-10T07:00:00+00:00,BTC/USDT,1h,61472.89000000,61813.34000000,61440.00000000,61687.56000000,937.80783000
2026-06-10T08:00:00+00:00,BTC/USDT,1h,61687.56000000,61736.00000000,61168.00000000,61261.55000000,739.92297000
2026-06-10T09:00:00+00:00,BTC/USDT,1h,61261.56000000,61421.46000000,60755.00000000,61334.94000000,906.84186000
2026-06-10T10:00:00+00:00,BTC/USDT,1h,61334.95000000,61456.00000000,61151.40000000,61386.09000000,340.43647000
2026-06-10T11:00:00+00:00,BTC/USDT,1h,61386.09000000,61430.00000000,60867.19000000,61034.04000000,826.04256000
2026-06-10T12:00:00+00:00,BTC/USDT,1h,61034.04000000,61950.00000000,60960.00000000,61564.01000000,1340.16125000
2026-06-10T13:00:00+00:00,BTC/USDT,1h,61564.00000000,62446.00000000,61444.87000000,62146.42000000,1199.64944000
2026-06-10T14:00:00+00:00,BTC/USDT,1h,62146.43000000,62258.01000000,61814.79000000,62195.99000000,902.47236000
2026-06-10T15:00:00+00:00,BTC/USDT,1h,62195.99000000,62857.99000000,61852.00000000,62639.23000000,1341.51604000
2026-06-10T16:00:00+00:00,BTC/USDT,1h,62639.23000000,62646.00000000,61930.00000000,62219.33000000,748.11357000
2026-06-10T17:00:00+00:00,BTC/USDT,1h,62219.33000000,62360.00000000,61654.54000000,61969.99000000,885.28682000
2026-06-10T18:00:00+00:00,BTC/USDT,1h,61969.99000000,62162.90000000,61588.80000000,61882.00000000,641.17730000
2026-06-10T19:00:00+00:00,BTC/USDT,1h,61881.99000000,62062.98000000,61673.79000000,61942.44000000,400.79146000
2026-06-10T20:00:00+00:00,BTC/USDT,1h,61942.45000000,61949.21000000,61688.00000000,61805.51000000,307.34434000
2026-06-10T21:00:00+00:00,BTC/USDT,1h,61805.50000000,61805.51000000,61179.19000000,61356.18000000,571.34637000
2026-06-10T22:00:00+00:00,BTC/USDT,1h,61356.18000000,61574.00000000,61104.24000000,61381.46000000,578.03926000
2026-06-10T23:00:00+00:00,BTC/USDT,1h,61381.46000000,61604.00000000,61166.00000000,61510.99000000,327.64659000
2026-06-11T00:00:00+00:00,BTC/USDT,1h,61510.99000000,61974.70000000,61510.99000000,61812.00000000,597.44488000
2026-06-11T01:00:00+00:00,BTC/USDT,1h,61812.00000000,62378.00000000,61812.00000000,62206.01000000,839.43174000
2026-06-11T02:00:00+00:00,BTC/USDT,1h,62206.01000000,62304.00000000,61944.19000000,62148.00000000,429.18601000
2026-06-11T03:00:00+00:00,BTC/USDT,1h,62148.01000000,62848.00000000,62012.00000000,62689.48000000,986.08995000
2026-06-11T04:00:00+00:00,BTC/USDT,1h,62689.47000000,62854.00000000,62546.34000000,62726.86000000,589.32674000
2026-06-11T05:00:00+00:00,BTC/USDT,1h,62726.85000000,62726.86000000,62556.84000000,62610.00000000,295.46093000
2026-06-11T06:00:00+00:00,BTC/USDT,1h,62610.00000000,62997.53000000,62544.89000000,62772.00000000,1198.75098000
2026-06-11T07:00:00+00:00,BTC/USDT,1h,62772.01000000,62842.92000000,62612.01000000,62719.39000000,399.47563000
2026-06-11T08:00:00+00:00,BTC/USDT,1h,62719.39000000,63050.00000000,62719.38000000,62957.99000000,546.92925000
2026-06-11T09:00:00+00:00,BTC/USDT,1h,62958.00000000,62989.97000000,62790.00000000,62927.49000000,401.22464000
2026-06-11T10:00:00+00:00,BTC/USDT,1h,62927.49000000,63214.97000000,62789.62000000,63148.00000000,666.36315000
2026-06-11T11:00:00+00:00,BTC/USDT,1h,63148.00000000,63257.21000000,63040.01000000,63108.00000000,563.58106000
2026-06-11T12:00:00+00:00,BTC/USDT,1h,63108.01000000,63190.00000000,62500.00000000,63010.01000000,1835.01045000
2026-06-11T13:00:00+00:00,BTC/USDT,1h,63010.00000000,63239.43000000,62677.84000000,63077.57000000,1087.23984000
2026-06-11T14:00:00+00:00,BTC/USDT,1h,63077.71000000,63100.00000000,62732.60000000,62734.02000000,782.87001000
2026-06-11T15:00:00+00:00,BTC/USDT,1h,62734.02000000,62887.88000000,62518.10000000,62749.44000000,633.18968000
2026-06-11T16:00:00+00:00,BTC/USDT,1h,62749.44000000,62842.00000000,62548.79000000,62582.45000000,564.46406000
2026-06-11T17:00:00+00:00,BTC/USDT,1h,62582.45000000,63655.83000000,62348.00000000,63644.19000000,1821.97042000
2026-06-11T18:00:00+00:00,BTC/USDT,1h,63644.18000000,63788.00000000,63324.35000000,63461.12000000,793.20489000
2026-06-11T19:00:00+00:00,BTC/USDT,1h,63461.12000000,63933.02000000,63390.00000000,63605.68000000,946.18552000
2026-06-11T20:00:00+00:00,BTC/USDT,1h,63605.69000000,63663.40000000,63270.00000000,63393.67000000,556.54606000
2026-06-11T21:00:00+00:00,BTC/USDT,1h,63393.67000000,63599.99000000,63393.66000000,63519.99000000,269.29173000
2026-06-11T22:00:00+00:00,BTC/USDT,1h,63519.99000000,63670.00000000,63462.00000000,63500.01000000,226.24918000
2026-06-11T23:00:00+00:00,BTC/USDT,1h,63500.00000000,63700.00000000,63362.00000000,63625.99000000,351.45962000
2026-06-12T00:00:00+00:00,BTC/USDT,1h,63626.00000000,63810.01000000,63520.86000000,63648.80000000,1229.60050000
2026-06-12T01:00:00+00:00,BTC/USDT,1h,63648.80000000,63648.80000000,63301.53000000,63426.20000000,745.50942000
2026-06-12T02:00:00+00:00,BTC/USDT,1h,63426.21000000,63779.11000000,63426.20000000,63624.07000000,398.45121000
2026-06-12T03:00:00+00:00,BTC/USDT,1h,63624.07000000,63649.99000000,63357.70000000,63524.82000000,280.54894000
2026-06-12T04:00:00+00:00,BTC/USDT,1h,63524.81000000,63863.98000000,63426.48000000,63700.00000000,742.01132000
2026-06-12T05:00:00+00:00,BTC/USDT,1h,63700.00000000,63721.31000000,63310.00000000,63358.20000000,603.70673000
2026-06-12T06:00:00+00:00,BTC/USDT,1h,63358.20000000,63411.50000000,62829.81000000,62980.45000000,1027.41759000
2026-06-12T07:00:00+00:00,BTC/USDT,1h,62980.46000000,63211.74000000,62956.00000000,63100.80000000,852.55681000
2026-06-12T08:00:00+00:00,BTC/USDT,1h,63100.80000000,63615.84000000,63100.80000000,63470.81000000,600.81984000
2026-06-12T09:00:00+00:00,BTC/USDT,1h,63470.81000000,63953.84000000,63438.00000000,63752.93000000,524.52211000
2026-06-12T10:00:00+00:00,BTC/USDT,1h,63752.93000000,63852.00000000,63588.34000000,63702.01000000,872.53513000
2026-06-12T11:00:00+00:00,BTC/USDT,1h,63702.01000000,63884.49000000,63684.44000000,63766.01000000,380.80932000
2026-06-12T12:00:00+00:00,BTC/USDT,1h,63766.01000000,63775.00000000,63378.00000000,63465.51000000,515.59574000
2026-06-12T13:00:00+00:00,BTC/USDT,1h,63465.52000000,63532.59000000,63045.29000000,63229.10000000,851.49099000
2026-06-12T14:00:00+00:00,BTC/USDT,1h,63229.10000000,64000.00000000,63190.00000000,63999.99000000,1065.08825000
2026-06-12T15:00:00+00:00,BTC/USDT,1h,63999.99000000,64394.44000000,63551.90000000,63593.02000000,1669.96199000
2026-06-12T16:00:00+00:00,BTC/USDT,1h,63593.02000000,63996.00000000,63510.16000000,63982.48000000,776.01025000
2026-06-12T17:00:00+00:00,BTC/USDT,1h,63982.48000000,64111.10000000,63745.99000000,63865.44000000,456.29271000
2026-06-12T18:00:00+00:00,BTC/USDT,1h,63865.45000000,63934.34000000,63686.00000000,63694.00000000,561.84193000
2026-06-12T19:00:00+00:00,BTC/USDT,1h,63694.01000000,63830.93000000,63589.27000000,63589.27000000,462.65176000
2026-06-12T20:00:00+00:00,BTC/USDT,1h,63589.28000000,63696.41000000,63400.00000000,63449.00000000,328.72463000
2026-06-12T21:00:00+00:00,BTC/USDT,1h,63449.01000000,63624.62000000,63440.01000000,63472.00000000,330.50626000
2026-06-12T22:00:00+00:00,BTC/USDT,1h,63471.99000000,63658.00000000,63471.99000000,63502.00000000,711.15075000
2026-06-12T23:00:00+00:00,BTC/USDT,1h,63502.00000000,63580.01000000,63426.83000000,63580.01000000,409.24822000
2026-06-13T00:00:00+00:00,BTC/USDT,1h,63580.00000000,63652.11000000,63507.39000000,63600.01000000,578.94188000
2026-06-13T01:00:00+00:00,BTC/USDT,1h,63600.01000000,63840.00000000,63600.01000000,63837.89000000,509.63359000
2026-06-13T02:00:00+00:00,BTC/USDT,1h,63837.88000000,63837.89000000,63558.00000000,63646.01000000,450.79285000
2026-06-13T03:00:00+00:00,BTC/USDT,1h,63646.01000000,63720.88000000,63418.66000000,63532.00000000,268.55023000
2026-06-13T04:00:00+00:00,BTC/USDT,1h,63532.00000000,63663.91000000,63484.00000000,63512.01000000,144.15296000
2026-06-13T05:00:00+00:00,BTC/USDT,1h,63512.01000000,63596.00000000,63493.16000000,63584.03000000,658.62782000
2026-06-13T06:00:00+00:00,BTC/USDT,1h,63584.03000000,63740.00000000,63550.51000000,63735.74000000,299.54013000
2026-06-13T07:00:00+00:00,BTC/USDT,1h,63736.00000000,63883.47000000,63674.98000000,63846.00000000,436.97737000
2026-06-13T08:00:00+00:00,BTC/USDT,1h,63845.99000000,63910.00000000,63766.18000000,63806.00000000,227.43934000
2026-06-13T09:00:00+00:00,BTC/USDT,1h,63806.00000000,63867.65000000,63742.57000000,63743.12000000,301.95833000
2026-06-13T10:00:00+00:00,BTC/USDT,1h,63743.13000000,63908.48000000,63726.57000000,63843.01000000,188.76787000
2026-06-13T11:00:00+00:00,BTC/USDT,1h,63843.01000000,63984.53000000,63843.01000000,63971.28000000,479.05156000
2026-06-13T12:00:00+00:00,BTC/USDT,1h,63971.28000000,64214.00000000,63921.33000000,64133.12000000,878.04841000
2026-06-13T13:00:00+00:00,BTC/USDT,1h,64133.12000000,64245.88000000,64060.00000000,64102.69000000,499.73169000
2026-06-13T14:00:00+00:00,BTC/USDT,1h,64102.61000000,64233.73000000,64090.09000000,64220.97000000,206.46033000
2026-06-13T15:00:00+00:00,BTC/USDT,1h,64220.96000000,64350.00000000,64186.97000000,64296.15000000,584.92205000
2026-06-13T16:00:00+00:00,BTC/USDT,1h,64296.15000000,64307.52000000,63920.05000000,64029.17000000,720.74810000
2026-06-13T17:00:00+00:00,BTC/USDT,1h,64029.17000000,64120.00000000,63944.00000000,63971.19000000,301.75645000
2026-06-13T18:00:00+00:00,BTC/USDT,1h,63971.20000000,64282.19000000,63971.19000000,64161.46000000,278.72154000
2026-06-13T19:00:00+00:00,BTC/USDT,1h,64161.46000000,64333.62000000,64152.00000000,64296.59000000,308.71810000
2026-06-13T20:00:00+00:00,BTC/USDT,1h,64296.59000000,64296.60000000,64226.83000000,64278.31000000,179.31890000
2026-06-13T21:00:00+00:00,BTC/USDT,1h,64278.31000000,64762.77000000,64226.38000000,64471.04000000,552.39519000
2026-06-13T22:00:00+00:00,BTC/USDT,1h,64471.04000000,64556.00000000,64383.61000000,64456.47000000,316.27120000
2026-06-13T23:00:00+00:00,BTC/USDT,1h,64456.46000000,64596.99000000,64382.42000000,64458.01000000,589.21574000
2026-06-14T00:00:00+00:00,BTC/USDT,1h,64458.01000000,64579.03000000,64380.70000000,64565.00000000,595.05205000
2026-06-14T01:00:00+00:00,BTC/USDT,1h,64565.01000000,64710.00000000,64507.25000000,64563.00000000,821.19702000
2026-06-14T02:00:00+00:00,BTC/USDT,1h,64563.00000000,64636.00000000,64476.01000000,64490.01000000,260.23317000
2026-06-14T03:00:00+00:00,BTC/USDT,1h,64490.01000000,64545.40000000,64466.00000000,64545.30000000,155.67419000
2026-06-14T04:00:00+00:00,BTC/USDT,1h,64545.30000000,64563.48000000,64325.61000000,64339.07000000,253.74802000
2026-06-14T05:00:00+00:00,BTC/USDT,1h,64339.07000000,64411.20000000,64293.41000000,64338.00000000,429.46847000
2026-06-14T06:00:00+00:00,BTC/USDT,1h,64338.00000000,64487.80000000,64232.12000000,64286.10000000,839.75348000
2026-06-14T07:00:00+00:00,BTC/USDT,1h,64286.10000000,64445.95000000,64214.00000000,64429.39000000,256.82492000
2026-06-14T08:00:00+00:00,BTC/USDT,1h,64429.39000000,64513.82000000,64392.00000000,64456.33000000,192.66954000
2026-06-14T09:00:00+00:00,BTC/USDT,1h,64456.33000000,64617.99000000,64321.18000000,64616.00000000,237.38130000
2026-06-14T10:00:00+00:00,BTC/USDT,1h,64616.00000000,64664.00000000,64498.01000000,64521.13000000,184.13016000
2026-06-14T11:00:00+00:00,BTC/USDT,1h,64521.13000000,64641.90000000,64460.00000000,64546.00000000,228.11339000
2026-06-14T12:00:00+00:00,BTC/USDT,1h,64546.01000000,64560.66000000,64295.06000000,64327.53000000,334.09454000
2026-06-14T13:00:00+00:00,BTC/USDT,1h,64327.54000000,64398.14000000,64244.00000000,64317.99000000,308.61157000
2026-06-14T14:00:00+00:00,BTC/USDT,1h,64318.00000000,64341.43000000,63866.66000000,63983.55000000,781.47067000
2026-06-14T15:00:00+00:00,BTC/USDT,1h,63983.56000000,64153.75000000,63980.35000000,64025.07000000,366.74561000
2026-06-14T16:00:00+00:00,BTC/USDT,1h,64025.06000000,64208.92000000,63936.00000000,63942.63000000,256.58722000
2026-06-14T17:00:00+00:00,BTC/USDT,1h,63942.63000000,64019.38000000,63694.11000000,63732.64000000,617.57994000
2026-06-14T18:00:00+00:00,BTC/USDT,1h,63732.65000000,63813.30000000,63678.83000000,63813.30000000,258.88821000
2026-06-14T19:00:00+00:00,BTC/USDT,1h,63813.30000000,63861.86000000,63734.71000000,63802.00000000,107.59400000
2026-06-14T20:00:00+00:00,BTC/USDT,1h,63801.99000000,64092.40000000,63794.09000000,64008.64000000,243.20360000
2026-06-14T21:00:00+00:00,BTC/USDT,1h,64008.64000000,65666.00000000,64007.24000000,65311.59000000,2955.01268000
2026-06-14T22:00:00+00:00,BTC/USDT,1h,65311.59000000,65580.00000000,64946.12000000,65426.78000000,1554.15469000
2026-06-14T23:00:00+00:00,BTC/USDT,1h,65426.78000000,65800.00000000,65256.21000000,65746.45000000,964.84531000
2026-06-15T00:00:00+00:00,BTC/USDT,1h,65746.45000000,65923.00000000,65480.69000000,65625.99000000,1043.52596000
2026-06-15T01:00:00+00:00,BTC/USDT,1h,65626.00000000,65734.87000000,65354.00000000,65525.00000000,855.38843000
2026-06-15T02:00:00+00:00,BTC/USDT,1h,65525.01000000,65775.15000000,65415.02000000,65472.01000000,587.73145000
2026-06-15T03:00:00+00:00,BTC/USDT,1h,65472.01000000,65995.00000000,65422.83000000,65927.10000000,767.65798000
2026-06-15T04:00:00+00:00,BTC/USDT,1h,65927.11000000,65927.11000000,65633.28000000,65644.01000000,564.25779000
2026-06-15T05:00:00+00:00,BTC/USDT,1h,65644.00000000,65872.00000000,65611.01000000,65858.01000000,477.26671000
2026-06-15T06:00:00+00:00,BTC/USDT,1h,65858.00000000,65967.27000000,65775.45000000,65812.01000000,365.24859000
2026-06-15T07:00:00+00:00,BTC/USDT,1h,65812.01000000,66000.00000000,65628.45000000,65674.76000000,574.31747000
2026-06-15T08:00:00+00:00,BTC/USDT,1h,65674.76000000,65800.00000000,65620.00000000,65662.01000000,363.00480000
2026-06-15T09:00:00+00:00,BTC/USDT,1h,65662.00000000,65779.50000000,65512.00000000,65596.86000000,344.30264000
2026-06-15T10:00:00+00:00,BTC/USDT,1h,65596.86000000,65973.15000000,65584.37000000,65917.37000000,544.78922000
2026-06-15T11:00:00+00:00,BTC/USDT,1h,65917.37000000,66385.12000000,65832.78000000,66233.90000000,1293.72734000
2026-06-15T12:00:00+00:00,BTC/USDT,1h,66233.89000000,66600.91000000,66106.00000000,66563.49000000,987.26981000
2026-06-15T13:00:00+00:00,BTC/USDT,1h,66563.48000000,66949.22000000,66412.00000000,66447.05000000,1919.26303000
2026-06-15T14:00:00+00:00,BTC/USDT,1h,66447.06000000,66675.83000000,66251.58000000,66591.55000000,940.84640000
2026-06-15T15:00:00+00:00,BTC/USDT,1h,66591.54000000,67292.15000000,66580.42000000,67292.14000000,1466.95790000
2026-06-15T16:00:00+00:00,BTC/USDT,1h,67292.15000000,67292.15000000,67088.83000000,67157.99000000,1096.95936000
2026-06-15T17:00:00+00:00,BTC/USDT,1h,67158.00000000,67158.00000000,66585.26000000,66851.79000000,1340.24388000
2026-06-15T18:00:00+00:00,BTC/USDT,1h,66851.80000000,66933.86000000,66715.61000000,66766.12000000,590.69175000
2026-06-15T19:00:00+00:00,BTC/USDT,1h,66766.13000000,66889.85000000,66348.00000000,66614.35000000,780.39583000
2026-06-15T20:00:00+00:00,BTC/USDT,1h,66615.98000000,66681.30000000,66489.86000000,66519.98000000,339.47285000
2026-06-15T21:00:00+00:00,BTC/USDT,1h,66519.99000000,66567.38000000,66314.34000000,66368.15000000,347.81382000
2026-06-15T22:00:00+00:00,BTC/USDT,1h,66368.15000000,66476.64000000,66076.56000000,66206.34000000,520.15584000
2026-06-15T23:00:00+00:00,BTC/USDT,1h,66206.34000000,66368.00000000,66116.59000000,66328.74000000,448.51217000
2026-06-16T00:00:00+00:00,BTC/USDT,1h,66328.74000000,66463.26000000,66242.00000000,66250.00000000,457.62239000
2026-06-16T01:00:00+00:00,BTC/USDT,1h,66250.00000000,66418.01000000,66248.93000000,66346.52000000,456.63949000
2026-06-16T02:00:00+00:00,BTC/USDT,1h,66346.51000000,66367.69000000,65678.14000000,65741.99000000,964.73227000
2026-06-16T03:00:00+00:00,BTC/USDT,1h,65742.00000000,66166.61000000,65650.00000000,66165.21000000,802.10485000
2026-06-16T04:00:00+00:00,BTC/USDT,1h,66165.21000000,66301.83000000,65802.00000000,65840.09000000,694.50218000
2026-06-16T05:00:00+00:00,BTC/USDT,1h,65840.10000000,66150.22000000,65840.09000000,66045.00000000,739.41945000
2026-06-16T06:00:00+00:00,BTC/USDT,1h,66044.99000000,66572.99000000,66044.99000000,66446.00000000,556.56171000
2026-06-16T07:00:00+00:00,BTC/USDT,1h,66446.01000000,66527.23000000,66300.10000000,66372.00000000,385.79165000
2026-06-16T08:00:00+00:00,BTC/USDT,1h,66372.00000000,66992.00000000,66345.06000000,66899.61000000,688.96018000
2026-06-16T09:00:00+00:00,BTC/USDT,1h,66899.61000000,66923.99000000,66474.74000000,66510.00000000,600.75927000
2026-06-16T10:00:00+00:00,BTC/USDT,1h,66510.01000000,66778.00000000,66486.38000000,66514.00000000,387.22813000
2026-06-16T11:00:00+00:00,BTC/USDT,1h,66514.01000000,66643.23000000,66368.36000000,66481.73000000,467.23900000
2026-06-16T12:00:00+00:00,BTC/USDT,1h,66481.73000000,66818.00000000,66368.00000000,66429.83000000,562.31913000
2026-06-16T13:00:00+00:00,BTC/USDT,1h,66429.84000000,66463.13000000,65928.16000000,66052.00000000,1347.85119000
2026-06-16T14:00:00+00:00,BTC/USDT,1h,66052.01000000,66265.80000000,65360.92000000,65654.90000000,1491.76291000
2026-06-16T15:00:00+00:00,BTC/USDT,1h,65654.90000000,65999.78000000,65614.30000000,65859.76000000,788.81576000
2026-06-16T16:00:00+00:00,BTC/USDT,1h,65859.76000000,65953.97000000,65706.00000000,65758.07000000,338.72091000
2026-06-16T17:00:00+00:00,BTC/USDT,1h,65758.07000000,66011.47000000,65710.34000000,65978.79000000,383.38742000
2026-06-16T18:00:00+00:00,BTC/USDT,1h,65978.78000000,66248.69000000,65802.00000000,65847.99000000,522.72648000
2026-06-16T19:00:00+00:00,BTC/USDT,1h,65848.00000000,65848.00000000,65560.00000000,65675.88000000,617.37667000
2026-06-16T20:00:00+00:00,BTC/USDT,1h,65675.89000000,65865.92000000,65592.00000000,65854.00000000,261.11445000
2026-06-16T21:00:00+00:00,BTC/USDT,1h,65854.00000000,65938.00000000,65654.90000000,65776.97000000,351.42219000
2026-06-16T22:00:00+00:00,BTC/USDT,1h,65776.97000000,65882.00000000,65680.00000000,65780.00000000,228.62751000
2026-06-16T23:00:00+00:00,BTC/USDT,1h,65780.01000000,65834.19000000,65626.90000000,65675.01000000,206.37282000
2026-06-17T00:00:00+00:00,BTC/USDT,1h,65675.02000000,65848.00000000,65675.02000000,65700.00000000,332.30374000
2026-06-17T01:00:00+00:00,BTC/USDT,1h,65700.00000000,65956.56000000,65477.50000000,65940.00000000,549.42502000
2026-06-17T02:00:00+00:00,BTC/USDT,1h,65940.00000000,66200.00000000,65788.00000000,65904.00000000,974.93815000
2026-06-17T03:00:00+00:00,BTC/USDT,1h,65903.99000000,65904.00000000,65703.45000000,65851.99000000,563.57309000
2026-06-17T04:00:00+00:00,BTC/USDT,1h,65852.00000000,66048.19000000,65788.31000000,65892.00000000,473.33682000
2026-06-17T05:00:00+00:00,BTC/USDT,1h,65892.01000000,65978.00000000,65746.51000000,65836.30000000,536.04504000
2026-06-17T06:00:00+00:00,BTC/USDT,1h,65836.30000000,65896.45000000,65582.63000000,65624.00000000,378.80773000
2026-06-17T07:00:00+00:00,BTC/USDT,1h,65624.01000000,65710.00000000,65251.00000000,65539.50000000,697.28548000
2026-06-17T08:00:00+00:00,BTC/USDT,1h,65539.51000000,65574.00000000,64833.07000000,64926.02000000,992.25057000
2026-06-17T09:00:00+00:00,BTC/USDT,1h,64926.02000000,65076.76000000,64842.01000000,64909.44000000,859.97592000
2026-06-17T10:00:00+00:00,BTC/USDT,1h,64909.44000000,64993.97000000,64768.00000000,64798.00000000,597.73840000
2026-06-17T11:00:00+00:00,BTC/USDT,1h,64798.00000000,64868.21000000,64565.00000000,64810.01000000,641.24645000
2026-06-17T12:00:00+00:00,BTC/USDT,1h,64810.01000000,65108.00000000,64590.53000000,65040.88000000,557.73466000
2026-06-17T13:00:00+00:00,BTC/USDT,1h,65040.88000000,65369.53000000,64850.00000000,65278.00000000,961.56723000
2026-06-17T14:00:00+00:00,BTC/USDT,1h,65278.00000000,65461.38000000,64772.72000000,65101.45000000,799.61288000
2026-06-17T15:00:00+00:00,BTC/USDT,1h,65101.45000000,65855.66000000,64987.74000000,65752.00000000,1172.17515000
2026-06-17T16:00:00+00:00,BTC/USDT,1h,65751.99000000,66445.93000000,65722.00000000,65864.12000000,1421.90632000
2026-06-17T17:00:00+00:00,BTC/USDT,1h,65864.13000000,66191.98000000,65800.00000000,66104.08000000,377.59846000
2026-06-17T18:00:00+00:00,BTC/USDT,1h,66107.99000000,66107.99000000,64800.00000000,65516.00000000,2242.57142000
2026-06-17T19:00:00+00:00,BTC/USDT,1h,65516.00000000,65666.00000000,63998.35000000,64301.85000000,2173.56430000
2026-06-17T20:00:00+00:00,BTC/USDT,1h,64301.85000000,64488.96000000,64181.33000000,64434.36000000,504.85432000
2026-06-17T21:00:00+00:00,BTC/USDT,1h,64434.36000000,64452.00000000,64142.00000000,64257.77000000,458.08471000
2026-06-17T22:00:00+00:00,BTC/USDT,1h,64257.77000000,64434.84000000,63915.77000000,64300.01000000,492.23769000
2026-06-17T23:00:00+00:00,BTC/USDT,1h,64300.01000000,64529.20000000,64248.00000000,64509.40000000,289.82054000
2026-06-18T00:00:00+00:00,BTC/USDT,1h,64509.40000000,64702.00000000,64457.67000000,64468.01000000,396.79150000
2026-06-18T01:00:00+00:00,BTC/USDT,1h,64468.01000000,64806.00000000,64466.30000000,64548.74000000,382.95414000
2026-06-18T02:00:00+00:00,BTC/USDT,1h,64548.75000000,64776.66000000,64488.00000000,64689.50000000,323.93999000
2026-06-18T03:00:00+00:00,BTC/USDT,1h,64689.50000000,64689.50000000,64267.86000000,64282.82000000,548.57792000
2026-06-18T04:00:00+00:00,BTC/USDT,1h,64282.82000000,64347.09000000,63826.93000000,63883.41000000,831.20199000
2026-06-18T05:00:00+00:00,BTC/USDT,1h,63883.26000000,64020.00000000,63696.29000000,63994.00000000,597.91477000
2026-06-18T06:00:00+00:00,BTC/USDT,1h,63994.00000000,64134.33000000,63850.00000000,64083.41000000,767.55142000
2026-06-18T07:00:00+00:00,BTC/USDT,1h,64084.00000000,64510.50000000,64015.42000000,64510.44000000,524.85633000
2026-06-18T08:00:00+00:00,BTC/USDT,1h,64510.45000000,64646.75000000,64378.25000000,64399.92000000,714.20438000
2026-06-18T09:00:00+00:00,BTC/USDT,1h,64399.93000000,64478.00000000,64196.14000000,64199.53000000,300.31875000
2026-06-18T10:00:00+00:00,BTC/USDT,1h,64199.53000000,64223.79000000,63910.00000000,64078.61000000,445.57306000
2026-06-18T11:00:00+00:00,BTC/USDT,1h,64078.61000000,64196.00000000,63878.14000000,63974.40000000,378.00473000
2026-06-18T12:00:00+00:00,BTC/USDT,1h,63974.40000000,64402.01000000,63922.00000000,64378.07000000,417.60478000
2026-06-18T13:00:00+00:00,BTC/USDT,1h,64378.06000000,64445.19000000,63800.00000000,63984.00000000,984.80789000
2026-06-18T14:00:00+00:00,BTC/USDT,1h,63983.99000000,64203.66000000,63587.30000000,63816.61000000,998.41474000
2026-06-18T15:00:00+00:00,BTC/USDT,1h,63816.61000000,63825.99000000,62293.76000000,62369.44000000,2793.66043000
2026-06-18T16:00:00+00:00,BTC/USDT,1h,62369.43000000,62814.00000000,62349.42000000,62688.00000000,1271.71361000
2026-06-18T17:00:00+00:00,BTC/USDT,1h,62688.00000000,62750.00000000,62272.07000000,62606.00000000,1003.68212000
2026-06-18T18:00:00+00:00,BTC/USDT,1h,62606.00000000,62959.75000000,62580.01000000,62708.92000000,727.06223000
2026-06-18T19:00:00+00:00,BTC/USDT,1h,62708.93000000,63008.33000000,62636.00000000,62950.79000000,577.63764000
2026-06-18T20:00:00+00:00,BTC/USDT,1h,62950.79000000,63274.19000000,62950.79000000,63086.00000000,684.93429000
2026-06-18T21:00:00+00:00,BTC/USDT,1h,63086.00000000,63121.81000000,62870.39000000,62971.32000000,466.34172000
2026-06-18T22:00:00+00:00,BTC/USDT,1h,62971.32000000,62990.00000000,62742.00000000,62885.85000000,290.36064000
2026-06-18T23:00:00+00:00,BTC/USDT,1h,62885.84000000,62985.12000000,62756.60000000,62958.01000000,507.48754000
2026-06-19T00:00:00+00:00,BTC/USDT,1h,62958.01000000,63086.00000000,62840.00000000,63020.00000000,786.22825000
2026-06-19T01:00:00+00:00,BTC/USDT,1h,63020.00000000,63100.00000000,62852.01000000,63021.86000000,542.43308000
2026-06-19T02:00:00+00:00,BTC/USDT,1h,63021.86000000,63110.29000000,62893.71000000,63006.00000000,304.81800000
2026-06-19T03:00:00+00:00,BTC/USDT,1h,63006.01000000,63029.64000000,62386.90000000,62773.51000000,835.44020000
2026-06-19T04:00:00+00:00,BTC/USDT,1h,62773.52000000,62916.66000000,62409.55000000,62452.01000000,390.96231000
2026-06-19T05:00:00+00:00,BTC/USDT,1h,62452.01000000,62744.92000000,62452.00000000,62739.20000000,361.83315000
2026-06-19T06:00:00+00:00,BTC/USDT,1h,62739.20000000,62914.73000000,62728.00000000,62894.08000000,252.94439000
2026-06-19T07:00:00+00:00,BTC/USDT,1h,62894.09000000,62917.32000000,62504.27000000,62629.99000000,636.21109000
2026-06-19T08:00:00+00:00,BTC/USDT,1h,62630.00000000,62782.00000000,62533.33000000,62603.99000000,431.84041000
2026-06-19T09:00:00+00:00,BTC/USDT,1h,62604.00000000,62654.00000000,62316.44000000,62390.00000000,921.67320000
2026-06-19T10:00:00+00:00,BTC/USDT,1h,62390.01000000,62587.27000000,62383.76000000,62533.25000000,761.99981000
2026-06-19T11:00:00+00:00,BTC/USDT,1h,62533.24000000,62684.00000000,62452.52000000,62626.00000000,1001.15104000
2026-06-19T12:00:00+00:00,BTC/USDT,1h,62626.00000000,62872.99000000,62353.00000000,62830.01000000,630.52118000
2026-06-19T13:00:00+00:00,BTC/USDT,1h,62830.01000000,63415.00000000,62666.00000000,63210.00000000,1078.35943000
2026-06-19T14:00:00+00:00,BTC/USDT,1h,63210.00000000,63419.27000000,63010.00000000,63203.53000000,665.42698000
2026-06-19T15:00:00+00:00,BTC/USDT,1h,63203.54000000,63283.86000000,63019.26000000,63214.01000000,527.20600000
2026-06-19T16:00:00+00:00,BTC/USDT,1h,63214.01000000,63387.80000000,62918.98000000,62971.99000000,1021.41110000
2026-06-19T17:00:00+00:00,BTC/USDT,1h,62972.00000000,63263.49000000,62866.99000000,63198.01000000,840.75861000
2026-06-19T18:00:00+00:00,BTC/USDT,1h,63198.00000000,63201.95000000,62991.37000000,63110.01000000,341.96414000
2026-06-19T19:00:00+00:00,BTC/USDT,1h,63110.01000000,63140.00000000,62942.00000000,63021.60000000,283.46164000
2026-06-19T20:00:00+00:00,BTC/USDT,1h,63021.60000000,63274.00000000,62958.59000000,63250.01000000,217.92541000
2026-06-19T21:00:00+00:00,BTC/USDT,1h,63250.01000000,63275.64000000,63060.00000000,63075.98000000,181.69443000
2026-06-19T22:00:00+00:00,BTC/USDT,1h,63075.99000000,63369.48000000,63048.00000000,63315.28000000,541.93138000
2026-06-19T23:00:00+00:00,BTC/USDT,1h,63315.29000000,63666.00000000,63276.00000000,63543.91000000,689.22877000
2026-06-20T00:00:00+00:00,BTC/USDT,1h,63543.90000000,63777.00000000,63470.00000000,63530.01000000,640.14667000
2026-06-20T01:00:00+00:00,BTC/USDT,1h,63530.01000000,63616.23000000,63404.00000000,63586.28000000,348.64849000
2026-06-20T02:00:00+00:00,BTC/USDT,1h,63586.27000000,63586.27000000,63336.01000000,63340.57000000,358.87789000
2026-06-20T03:00:00+00:00,BTC/USDT,1h,63340.58000000,63510.00000000,63320.14000000,63476.79000000,268.88477000
2026-06-20T04:00:00+00:00,BTC/USDT,1h,63476.79000000,63613.59000000,63402.00000000,63583.53000000,228.62975000
2026-06-20T05:00:00+00:00,BTC/USDT,1h,63583.53000000,63907.07000000,63543.46000000,63678.07000000,477.24749000
2026-06-20T06:00:00+00:00,BTC/USDT,1h,63678.07000000,63761.99000000,63640.36000000,63744.61000000,191.88822000
2026-06-20T07:00:00+00:00,BTC/USDT,1h,63744.61000000,63800.00000000,63594.37000000,63655.21000000,448.48290000
2026-06-20T08:00:00+00:00,BTC/USDT,1h,63655.21000000,63664.39000000,63392.41000000,63417.97000000,547.04803000
2026-06-20T09:00:00+00:00,BTC/USDT,1h,63417.98000000,63787.74000000,63417.98000000,63741.16000000,349.02093000
2026-06-20T10:00:00+00:00,BTC/USDT,1h,63741.16000000,63777.50000000,63592.44000000,63674.70000000,270.16920000
2026-06-20T11:00:00+00:00,BTC/USDT,1h,63674.71000000,63798.76000000,63620.74000000,63688.00000000,315.13807000
2026-06-20T12:00:00+00:00,BTC/USDT,1h,63688.00000000,63785.76000000,63537.99000000,63655.09000000,292.10361000
2026-06-20T13:00:00+00:00,BTC/USDT,1h,63655.10000000,63655.10000000,63278.00000000,63397.78000000,412.69589000
2026-06-20T14:00:00+00:00,BTC/USDT,1h,63397.77000000,64150.00000000,63184.21000000,63949.90000000,1101.98952000
2026-06-20T15:00:00+00:00,BTC/USDT,1h,63949.90000000,64388.00000000,63836.00000000,64160.04000000,916.57166000
2026-06-20T16:00:00+00:00,BTC/USDT,1h,64160.04000000,64167.26000000,63902.58000000,64034.31000000,403.42996000
2026-06-20T17:00:00+00:00,BTC/USDT,1h,64034.31000000,64041.07000000,63730.21000000,63834.70000000,482.18112000
2026-06-20T18:00:00+00:00,BTC/USDT,1h,63834.70000000,63928.40000000,63788.00000000,63805.89000000,119.99479000
2026-06-20T19:00:00+00:00,BTC/USDT,1h,63805.90000000,63968.00000000,63798.00000000,63936.00000000,173.41555000
2026-06-20T20:00:00+00:00,BTC/USDT,1h,63935.99000000,63981.09000000,63853.31000000,63925.99000000,210.00109000
2026-06-20T21:00:00+00:00,BTC/USDT,1h,63926.00000000,64092.91000000,63918.29000000,64012.40000000,272.00511000
2026-06-20T22:00:00+00:00,BTC/USDT,1h,64012.39000000,64350.00000000,63978.12000000,64272.01000000,446.43904000
2026-06-20T23:00:00+00:00,BTC/USDT,1h,64272.00000000,64336.91000000,64250.02000000,64298.01000000,247.09349000
2026-06-21T00:00:00+00:00,BTC/USDT,1h,64298.01000000,64322.91000000,64237.31000000,64294.00000000,425.19081000
2026-06-21T01:00:00+00:00,BTC/USDT,1h,64294.00000000,64323.68000000,64206.17000000,64248.00000000,486.06931000
2026-06-21T02:00:00+00:00,BTC/USDT,1h,64248.00000000,64275.12000000,64216.05000000,64241.25000000,230.06330000
2026-06-21T03:00:00+00:00,BTC/USDT,1h,64241.26000000,64472.99000000,64234.00000000,64426.00000000,409.22163000
2026-06-21T04:00:00+00:00,BTC/USDT,1h,64426.00000000,64588.00000000,64269.45000000,64276.12000000,379.39058000
2026-06-21T05:00:00+00:00,BTC/USDT,1h,64276.12000000,64365.43000000,64225.60000000,64256.55000000,166.55047000
2026-06-21T06:00:00+00:00,BTC/USDT,1h,64256.56000000,64323.99000000,64200.00000000,64303.46000000,142.55901000
2026-06-21T07:00:00+00:00,BTC/USDT,1h,64303.47000000,64303.47000000,64173.08000000,64191.07000000,302.97907000
2026-06-21T08:00:00+00:00,BTC/USDT,1h,64191.06000000,64228.00000000,63900.17000000,64014.00000000,328.07237000
2026-06-21T09:00:00+00:00,BTC/USDT,1h,64014.00000000,64246.00000000,63961.28000000,64209.16000000,221.03822000
2026-06-21T10:00:00+00:00,BTC/USDT,1h,64209.16000000,64408.00000000,64204.00000000,64365.99000000,286.23088000
2026-06-21T11:00:00+00:00,BTC/USDT,1h,64366.00000000,64483.95000000,64112.01000000,64176.00000000,438.27788000
2026-06-21T12:00:00+00:00,BTC/USDT,1h,64176.00000000,64235.13000000,63952.00000000,64200.00000000,359.32606000
2026-06-21T13:00:00+00:00,BTC/USDT,1h,64200.00000000,64200.00000000,64020.01000000,64146.00000000,161.65202000
2026-06-21T14:00:00+00:00,BTC/USDT,1h,64146.00000000,64154.00000000,64004.00000000,64145.97000000,189.32902000
2026-06-21T15:00:00+00:00,BTC/USDT,1h,64145.97000000,64355.88000000,64120.00000000,64224.00000000,390.79222000
2026-06-21T16:00:00+00:00,BTC/USDT,1h,64224.00000000,64254.38000000,64046.00000000,64145.31000000,236.79134000
2026-06-21T17:00:00+00:00,BTC/USDT,1h,64145.32000000,64221.44000000,64080.00000000,64151.46000000,205.04149000
2026-06-21T18:00:00+00:00,BTC/USDT,1h,64151.47000000,64240.00000000,63933.47000000,64213.81000000,270.92869000
2026-06-21T19:00:00+00:00,BTC/USDT,1h,64213.82000000,64298.84000000,64168.73000000,64207.12000000,189.28721000
2026-06-21T20:00:00+00:00,BTC/USDT,1h,64207.13000000,64271.21000000,63700.00000000,63848.00000000,420.72845000
2026-06-21T21:00:00+00:00,BTC/USDT,1h,63848.00000000,63969.59000000,63510.00000000,63808.01000000,752.88497000
2026-06-21T22:00:00+00:00,BTC/USDT,1h,63808.00000000,63864.00000000,63575.04000000,63801.59000000,437.50041000
2026-06-21T23:00:00+00:00,BTC/USDT,1h,63801.60000000,63801.60000000,63270.00000000,63311.99000000,604.75792000
2026-06-22T00:00:00+00:00,BTC/USDT,1h,63312.00000000,64094.00000000,63312.00000000,63896.01000000,709.82748000
2026-06-22T01:00:00+00:00,BTC/USDT,1h,63896.00000000,64823.52000000,63850.80000000,64606.00000000,1331.90666000
2026-06-22T02:00:00+00:00,BTC/USDT,1h,64606.00000000,64663.99000000,64250.00000000,64257.99000000,370.38632000
2026-06-22T03:00:00+00:00,BTC/USDT,1h,64258.00000000,64459.44000000,63894.98000000,63974.01000000,796.48727000
2026-06-22T04:00:00+00:00,BTC/USDT,1h,63974.01000000,64116.44000000,63868.41000000,64100.02000000,327.45142000
2026-06-22T05:00:00+00:00,BTC/USDT,1h,64100.01000000,64344.17000000,64088.64000000,64247.74000000,1091.63692000
2026-06-22T06:00:00+00:00,BTC/USDT,1h,64247.74000000,64326.00000000,63946.00000000,63989.95000000,416.90070000
2026-06-22T07:00:00+00:00,BTC/USDT,1h,63989.96000000,64397.57000000,63968.23000000,64211.19000000,352.41080000
2026-06-22T08:00:00+00:00,BTC/USDT,1h,64211.20000000,64350.58000000,64044.00000000,64165.99000000,368.11506000
2026-06-22T09:00:00+00:00,BTC/USDT,1h,64166.00000000,64256.20000000,64052.17000000,64145.39000000,200.06309000
2026-06-22T10:00:00+00:00,BTC/USDT,1h,64145.40000000,64272.00000000,64065.18000000,64139.21000000,240.08620000
2026-06-22T11:00:00+00:00,BTC/USDT,1h,64139.21000000,64768.46000000,64097.08000000,64657.22000000,1063.60877000
2026-06-22T12:00:00+00:00,BTC/USDT,1h,64657.22000000,65222.45000000,64579.08000000,65149.57000000,1156.05989000
2026-06-22T13:00:00+00:00,BTC/USDT,1h,65149.58000000,65589.76000000,64945.53000000,65578.00000000,1368.64481000
2026-06-22T14:00:00+00:00,BTC/USDT,1h,65577.99000000,65622.83000000,64835.00000000,64980.39000000,1096.28772000
2026-06-22T15:00:00+00:00,BTC/USDT,1h,64980.39000000,65146.00000000,64757.11000000,64836.95000000,593.12998000
2026-06-22T16:00:00+00:00,BTC/USDT,1h,64836.95000000,64862.00000000,64519.00000000,64719.77000000,680.43904000
2026-06-22T17:00:00+00:00,BTC/USDT,1h,64719.77000000,64769.98000000,64388.16000000,64602.00000000,523.74444000
2026-06-22T18:00:00+00:00,BTC/USDT,1h,64602.00000000,64730.15000000,64311.00000000,64334.01000000,548.78709000
2026-06-22T19:00:00+00:00,BTC/USDT,1h,64334.01000000,64499.28000000,64276.00000000,64472.00000000,579.92511000
2026-06-22T20:00:00+00:00,BTC/USDT,1h,64472.51000000,64659.43000000,64356.95000000,64433.80000000,399.51938000
2026-06-22T21:00:00+00:00,BTC/USDT,1h,64433.80000000,64480.00000000,64134.39000000,64320.57000000,263.43420000
2026-06-22T22:00:00+00:00,BTC/USDT,1h,64320.57000000,64396.45000000,63804.59000000,63971.12000000,510.07647000
2026-06-22T23:00:00+00:00,BTC/USDT,1h,63971.13000000,64053.33000000,63877.61000000,64020.01000000,434.17969000
2026-06-23T00:00:00+00:00,BTC/USDT,1h,64020.01000000,64162.02000000,63828.93000000,64154.99000000,679.20038000
2026-06-23T01:00:00+00:00,BTC/USDT,1h,64154.99000000,64273.09000000,63893.33000000,64156.00000000,540.18098000
2026-06-23T02:00:00+00:00,BTC/USDT,1h,64156.00000000,64275.38000000,64042.01000000,64204.01000000,319.75420000
2026-06-23T03:00:00+00:00,BTC/USDT,1h,64204.01000000,64204.01000000,63968.42000000,64065.35000000,236.76285000
2026-06-23T04:00:00+00:00,BTC/USDT,1h,64065.34000000,64095.55000000,63612.62000000,63623.02000000,408.12990000
2026-06-23T05:00:00+00:00,BTC/USDT,1h,63623.03000000,63728.00000000,63342.34000000,63400.00000000,850.99416000
2026-06-23T06:00:00+00:00,BTC/USDT,1h,63400.00000000,63400.00000000,62568.90000000,62936.01000000,1620.65692000
2026-06-23T07:00:00+00:00,BTC/USDT,1h,62936.01000000,63095.00000000,62872.00000000,62886.03000000,1074.96381000
2026-06-23T08:00:00+00:00,BTC/USDT,1h,62886.04000000,62945.08000000,61938.00000000,62385.99000000,4988.90507000
2026-06-23T09:00:00+00:00,BTC/USDT,1h,62386.00000000,62528.13000000,62350.44000000,62386.00000000,613.23414000
2026-06-23T10:00:00+00:00,BTC/USDT,1h,62386.00000000,62586.00000000,62247.20000000,62328.01000000,387.47153000
2026-06-23T11:00:00+00:00,BTC/USDT,1h,62328.01000000,62643.99000000,62328.00000000,62507.06000000,456.80185000
2026-06-23T12:00:00+00:00,BTC/USDT,1h,62507.05000000,62558.00000000,62189.42000000,62256.60000000,873.94501000
2026-06-23T13:00:00+00:00,BTC/USDT,1h,62256.61000000,62538.72000000,61960.00000000,62475.99000000,1294.09387000
2026-06-23T14:00:00+00:00,BTC/USDT,1h,62476.00000000,62855.98000000,62406.25000000,62493.63000000,1302.27666000
2026-06-23T15:00:00+00:00,BTC/USDT,1h,62493.63000000,62507.99000000,62198.00000000,62487.79000000,630.16435000
2026-06-23T16:00:00+00:00,BTC/USDT,1h,62487.79000000,62846.00000000,62428.01000000,62558.00000000,728.22737000
2026-06-23T17:00:00+00:00,BTC/USDT,1h,62558.00000000,62693.48000000,62327.95000000,62358.02000000,533.28034000
2026-06-23T18:00:00+00:00,BTC/USDT,1h,62358.03000000,62445.21000000,62104.70000000,62241.99000000,492.79838000
2026-06-23T19:00:00+00:00,BTC/USDT,1h,62242.00000000,62480.00000000,62230.00000000,62388.49000000,707.45732000
2026-06-23T20:00:00+00:00,BTC/USDT,1h,62388.49000000,62531.27000000,62380.25000000,62470.70000000,373.02429000
2026-06-23T21:00:00+00:00,BTC/USDT,1h,62470.70000000,62658.93000000,62470.70000000,62599.77000000,367.76027000
2026-06-23T22:00:00+00:00,BTC/USDT,1h,62599.77000000,62779.82000000,62526.00000000,62590.00000000,430.92568000
2026-06-23T23:00:00+00:00,BTC/USDT,1h,62590.00000000,62799.99000000,62480.39000000,62734.57000000,311.98359000
2026-06-24T00:00:00+00:00,BTC/USDT,1h,62734.57000000,63024.40000000,62733.29000000,63014.00000000,799.18478000
2026-06-24T01:00:00+00:00,BTC/USDT,1h,63014.00000000,63119.45000000,62772.15000000,62932.19000000,599.06927000
2026-06-24T02:00:00+00:00,BTC/USDT,1h,62932.19000000,63013.12000000,62606.09000000,62630.00000000,593.50541000
2026-06-24T03:00:00+00:00,BTC/USDT,1h,62630.01000000,62830.00000000,62461.87000000,62729.78000000,770.64134000
2026-06-24T04:00:00+00:00,BTC/USDT,1h,62729.78000000,62799.62000000,62525.49000000,62744.42000000,650.06924000
2026-06-24T05:00:00+00:00,BTC/USDT,1h,62744.41000000,63073.44000000,62706.00000000,62890.00000000,366.02730000
2026-06-24T06:00:00+00:00,BTC/USDT,1h,62889.99000000,62909.98000000,62728.73000000,62780.00000000,219.51090000
2026-06-24T07:00:00+00:00,BTC/USDT,1h,62780.01000000,62844.00000000,62610.11000000,62657.99000000,589.75592000
2026-06-24T08:00:00+00:00,BTC/USDT,1h,62658.00000000,62807.46000000,62605.28000000,62800.00000000,475.30761000
2026-06-24T09:00:00+00:00,BTC/USDT,1h,62800.00000000,62800.01000000,62637.08000000,62681.70000000,493.71643000
2026-06-24T10:00:00+00:00,BTC/USDT,1h,62681.70000000,62681.70000000,62412.05000000,62445.99000000,530.71886000
2026-06-24T11:00:00+00:00,BTC/USDT,1h,62445.99000000,63239.06000000,62318.88000000,62921.19000000,815.18681000
2026-06-24T12:00:00+00:00,BTC/USDT,1h,62921.19000000,62973.20000000,62585.20000000,62618.31000000,517.25346000
2026-06-24T13:00:00+00:00,BTC/USDT,1h,62618.31000000,62628.75000000,61255.74000000,61338.01000000,2775.24015000
2026-06-24T14:00:00+00:00,BTC/USDT,1h,61338.00000000,61456.00000000,60888.00000000,61113.10000000,2839.40106000
2026-06-24T15:00:00+00:00,BTC/USDT,1h,61113.10000000,61150.13000000,60249.82000000,60250.00000000,3237.99155000
2026-06-24T16:00:00+00:00,BTC/USDT,1h,60250.00000000,60678.10000000,59622.00000000,59850.00000000,4274.39737000
2026-06-24T17:00:00+00:00,BTC/USDT,1h,59850.00000000,60057.18000000,59102.70000000,59404.00000000,3790.18060000
2026-06-24T18:00:00+00:00,BTC/USDT,1h,59404.00000000,59930.00000000,59310.85000000,59599.99000000,1583.51728000
2026-06-24T19:00:00+00:00,BTC/USDT,1h,59600.00000000,60000.00000000,59530.00000000,59958.30000000,1195.52715000
2026-06-24T20:00:00+00:00,BTC/USDT,1h,59958.30000000,61208.48000000,59854.00000000,60956.00000000,1821.39287000
2026-06-24T21:00:00+00:00,BTC/USDT,1h,60956.00000000,61144.63000000,60665.75000000,61110.00000000,801.00882000
2026-06-24T22:00:00+00:00,BTC/USDT,1h,61109.99000000,61276.00000000,60802.66000000,60873.99000000,523.65642000
2026-06-24T23:00:00+00:00,BTC/USDT,1h,60874.00000000,61112.00000000,60830.01000000,61077.99000000,416.02483000
2026-06-25T00:00:00+00:00,BTC/USDT,1h,61078.00000000,61163.16000000,60726.77000000,60832.00000000,766.62145000
2026-06-25T01:00:00+00:00,BTC/USDT,1h,60832.00000000,60988.00000000,60720.23000000,60928.00000000,615.84376000
2026-06-25T02:00:00+00:00,BTC/USDT,1h,60928.00000000,60966.00000000,60700.01000000,60799.08000000,580.03112000
2026-06-25T03:00:00+00:00,BTC/USDT,1h,60799.08000000,60910.63000000,60684.94000000,60883.65000000,479.47033000
2026-06-25T04:00:00+00:00,BTC/USDT,1h,60883.66000000,61410.00000000,60792.00000000,61357.63000000,536.03927000
2026-06-25T05:00:00+00:00,BTC/USDT,1h,61357.63000000,61807.04000000,61280.00000000,61600.01000000,1223.40590000
2026-06-25T06:00:00+00:00,BTC/USDT,1h,61600.02000000,61869.02000000,61600.01000000,61732.06000000,539.28770000
2026-06-25T07:00:00+00:00,BTC/USDT,1h,61732.06000000,61962.40000000,61670.00000000,61911.04000000,937.71339000
2026-06-25T08:00:00+00:00,BTC/USDT,1h,61911.03000000,61920.00000000,61684.87000000,61712.35000000,337.43778000
2026-06-25T09:00:00+00:00,BTC/USDT,1h,61712.36000000,61792.00000000,61614.32000000,61739.29000000,327.48572000
2026-06-25T10:00:00+00:00,BTC/USDT,1h,61739.29000000,61751.07000000,61257.79000000,61269.94000000,686.26895000
2026-06-25T11:00:00+00:00,BTC/USDT,1h,61269.95000000,61422.52000000,61066.00000000,61282.01000000,605.95603000
2026-06-25T12:00:00+00:00,BTC/USDT,1h,61282.00000000,61761.35000000,61080.00000000,61244.01000000,1124.99959000
2026-06-25T13:00:00+00:00,BTC/USDT,1h,61244.01000000,61369.18000000,58115.01000000,58290.17000000,6396.00513000
2026-06-25T14:00:00+00:00,BTC/USDT,1h,58291.70000000,60485.51000000,58291.70000000,59471.50000000,6002.27451000
2026-06-25T15:00:00+00:00,BTC/USDT,1h,59471.49000000,59655.86000000,58874.85000000,59557.99000000,2456.01373000
2026-06-25T16:00:00+00:00,BTC/USDT,1h,59557.99000000,60067.00000000,59157.63000000,59312.64000000,1765.10919000
2026-06-25T17:00:00+00:00,BTC/USDT,1h,59312.64000000,59740.90000000,59139.96000000,59676.01000000,1062.87634000
2026-06-25T18:00:00+00:00,BTC/USDT,1h,59676.00000000,59793.34000000,59364.00000000,59512.71000000,978.75101000
2026-06-25T19:00:00+00:00,BTC/USDT,1h,59512.71000000,59516.00000000,59168.82000000,59320.00000000,917.28893000
2026-06-25T20:00:00+00:00,BTC/USDT,1h,59319.99000000,59741.95000000,59319.99000000,59456.62000000,539.40098000
2026-06-25T21:00:00+00:00,BTC/USDT,1h,59456.62000000,60273.81000000,59452.01000000,60211.87000000,617.22274000
2026-06-25T22:00:00+00:00,BTC/USDT,1h,60211.86000000,60211.86000000,59740.00000000,59851.27000000,431.60976000
2026-06-25T23:00:00+00:00,BTC/USDT,1h,59851.27000000,60191.55000000,59739.99000000,59794.00000000,458.89363000
2026-06-26T00:00:00+00:00,BTC/USDT,1h,59794.64000000,59906.71000000,59642.77000000,59667.09000000,875.61527000
2026-06-26T01:00:00+00:00,BTC/USDT,1h,59667.09000000,59789.07000000,59228.00000000,59431.50000000,833.71293000
2026-06-26T02:00:00+00:00,BTC/USDT,1h,59431.49000000,59456.00000000,58358.77000000,58561.99000000,2633.68350000
2026-06-26T03:00:00+00:00,BTC/USDT,1h,58562.00000000,60131.37000000,58337.00000000,60036.01000000,1886.07235000
2026-06-26T04:00:00+00:00,BTC/USDT,1h,60036.00000000,60238.77000000,59836.17000000,59920.47000000,843.97840000
2026-06-26T05:00:00+00:00,BTC/USDT,1h,59920.47000000,60047.68000000,59736.00000000,59953.30000000,883.13649000
2026-06-26T06:00:00+00:00,BTC/USDT,1h,59953.30000000,60459.55000000,59702.00000000,60324.00000000,1504.97927000
2026-06-26T07:00:00+00:00,BTC/USDT,1h,60324.00000000,60759.99000000,60283.08000000,60532.00000000,2153.07079000
2026-06-26T08:00:00+00:00,BTC/USDT,1h,60532.00000000,60580.00000000,60150.56000000,60245.67000000,803.85464000
2026-06-26T09:00:00+00:00,BTC/USDT,1h,60245.90000000,60259.37000000,59583.33000000,59736.01000000,832.22202000
2026-06-26T10:00:00+00:00,BTC/USDT,1h,59736.01000000,59858.93000000,59239.78000000,59313.26000000,1050.97441000
2026-06-26T11:00:00+00:00,BTC/USDT,1h,59313.26000000,59588.00000000,59259.78000000,59413.24000000,1048.33290000
2026-06-26T12:00:00+00:00,BTC/USDT,1h,59413.24000000,60007.91000000,58969.90000000,59185.02000000,1710.35381000
2026-06-26T13:00:00+00:00,BTC/USDT,1h,59185.02000000,60216.14000000,58500.10000000,60175.43000000,2730.33879000
2026-06-26T14:00:00+00:00,BTC/USDT,1h,60175.42000000,60294.00000000,59390.00000000,59590.73000000,1745.27867000
2026-06-26T15:00:00+00:00,BTC/USDT,1h,59590.73000000,60500.00000000,59584.01000000,60328.32000000,1582.87088000
2026-06-26T16:00:00+00:00,BTC/USDT,1h,60328.18000000,60583.00000000,59970.00000000,60041.75000000,1128.46917000
2026-06-26T17:00:00+00:00,BTC/USDT,1h,60041.76000000,60287.90000000,59952.00000000,60023.97000000,546.63522000
2026-06-26T18:00:00+00:00,BTC/USDT,1h,60023.96000000,60158.00000000,59556.00000000,59668.01000000,504.21141000
2026-06-26T19:00:00+00:00,BTC/USDT,1h,59668.01000000,60098.00000000,59617.37000000,59751.97000000,708.47753000
2026-06-26T20:00:00+00:00,BTC/USDT,1h,59751.96000000,59994.00000000,59571.31000000,59718.00000000,454.05927000
2026-06-26T21:00:00+00:00,BTC/USDT,1h,59717.99000000,60050.00000000,59678.00000000,59918.70000000,287.90036000
2026-06-26T22:00:00+00:00,BTC/USDT,1h,59918.70000000,60080.00000000,59754.00000000,60048.00000000,335.92054000
2026-06-26T23:00:00+00:00,BTC/USDT,1h,60048.00000000,60117.64000000,59923.27000000,60097.27000000,319.40861000
2026-06-27T00:00:00+00:00,BTC/USDT,1h,60097.27000000,60197.00000000,59876.22000000,60059.07000000,360.77885000
2026-06-27T01:00:00+00:00,BTC/USDT,1h,60059.09000000,60068.00000000,59936.07000000,59945.53000000,245.35114000
2026-06-27T02:00:00+00:00,BTC/USDT,1h,59945.53000000,60378.23000000,59921.68000000,60290.01000000,695.38686000
2026-06-27T03:00:00+00:00,BTC/USDT,1h,60290.01000000,60412.00000000,60159.91000000,60305.73000000,438.61125000
2026-06-27T04:00:00+00:00,BTC/USDT,1h,60305.73000000,60482.00000000,60217.26000000,60239.99000000,303.30454000
2026-06-27T05:00:00+00:00,BTC/USDT,1h,60240.00000000,60311.00000000,60136.00000000,60236.76000000,444.91930000
2026-06-27T06:00:00+00:00,BTC/USDT,1h,60236.75000000,60500.00000000,60093.33000000,60370.62000000,581.81791000
2026-06-27T07:00:00+00:00,BTC/USDT,1h,60370.63000000,60574.00000000,60300.00000000,60548.07000000,825.68653000
2026-06-27T08:00:00+00:00,BTC/USDT,1h,60548.06000000,60548.74000000,60371.62000000,60456.00000000,470.55782000
2026-06-27T09:00:00+00:00,BTC/USDT,1h,60456.00000000,60511.99000000,60289.55000000,60414.62000000,307.96541000
2026-06-27T10:00:00+00:00,BTC/USDT,1h,60414.62000000,60487.31000000,60380.00000000,60420.28000000,137.85110000
2026-06-27T11:00:00+00:00,BTC/USDT,1h,60420.28000000,60447.80000000,60198.94000000,60363.65000000,275.39332000
2026-06-27T12:00:00+00:00,BTC/USDT,1h,60363.65000000,60430.01000000,60257.03000000,60430.00000000,349.04570000
2026-06-27T13:00:00+00:00,BTC/USDT,1h,60430.00000000,60665.74000000,60394.00000000,60588.35000000,434.13389000
2026-06-27T14:00:00+00:00,BTC/USDT,1h,60588.35000000,60728.00000000,60510.00000000,60611.50000000,306.64293000
2026-06-27T15:00:00+00:00,BTC/USDT,1h,60611.49000000,60941.17000000,60570.00000000,60840.06000000,606.25294000
2026-06-27T16:00:00+00:00,BTC/USDT,1h,60840.06000000,60855.03000000,60673.64000000,60807.99000000,239.69380000
2026-06-27T17:00:00+00:00,BTC/USDT,1h,60808.00000000,60818.76000000,60413.15000000,60524.88000000,548.67896000
2026-06-27T18:00:00+00:00,BTC/USDT,1h,60524.89000000,60576.03000000,60446.25000000,60570.86000000,229.00634000
2026-06-27T19:00:00+00:00,BTC/USDT,1h,60570.86000000,60605.41000000,60085.88000000,60175.95000000,414.61342000
2026-06-27T20:00:00+00:00,BTC/USDT,1h,60175.95000000,60306.00000000,60173.07000000,60300.00000000,220.12001000
2026-06-27T21:00:00+00:00,BTC/USDT,1h,60300.00000000,60482.18000000,60142.00000000,60203.82000000,280.50282000
2026-06-27T22:00:00+00:00,BTC/USDT,1h,60203.83000000,60256.56000000,59855.16000000,60228.95000000,377.17485000
2026-06-27T23:00:00+00:00,BTC/USDT,1h,60228.96000000,60320.00000000,59952.00000000,60029.00000000,493.73947000
2026-06-28T00:00:00+00:00,BTC/USDT,1h,60029.01000000,60190.00000000,60018.00000000,60146.00000000,462.24707000
2026-06-28T01:00:00+00:00,BTC/USDT,1h,60146.00000000,60273.38000000,59986.00000000,60222.22000000,267.56528000
2026-06-28T02:00:00+00:00,BTC/USDT,1h,60222.21000000,60339.99000000,60054.00000000,60150.45000000,403.64282000
2026-06-28T03:00:00+00:00,BTC/USDT,1h,60150.46000000,60275.00000000,60150.45000000,60197.04000000,255.71231000
2026-06-28T04:00:00+00:00,BTC/USDT,1h,60197.03000000,60231.83000000,60088.04000000,60133.00000000,191.50597000
2026-06-28T05:00:00+00:00,BTC/USDT,1h,60133.01000000,60140.00000000,59753.48000000,59989.17000000,345.08439000
2026-06-28T06:00:00+00:00,BTC/USDT,1h,59989.18000000,60030.00000000,59808.00000000,60002.82000000,217.95005000
2026-06-28T07:00:00+00:00,BTC/USDT,1h,60002.82000000,60259.68000000,60000.00000000,60219.99000000,361.83587000
2026-06-28T08:00:00+00:00,BTC/USDT,1h,60220.00000000,60545.01000000,60140.14000000,60370.00000000,491.60840000
2026-06-28T09:00:00+00:00,BTC/USDT,1h,60370.01000000,60462.00000000,60250.81000000,60258.84000000,222.40620000
2026-06-28T10:00:00+00:00,BTC/USDT,1h,60258.85000000,60292.48000000,60068.00000000,60166.71000000,181.18756000
2026-06-28T11:00:00+00:00,BTC/USDT,1h,60166.71000000,60374.05000000,60100.00000000,60342.00000000,225.05378000
2026-06-28T12:00:00+00:00,BTC/USDT,1h,60341.99000000,60457.02000000,60190.00000000,60293.51000000,212.93540000
2026-06-28T13:00:00+00:00,BTC/USDT,1h,60293.50000000,60293.51000000,59963.86000000,60071.88000000,369.88204000
2026-06-28T14:00:00+00:00,BTC/USDT,1h,60071.89000000,60250.00000000,60018.00000000,60033.00000000,318.13606000
2026-06-28T15:00:00+00:00,BTC/USDT,1h,60033.01000000,60130.00000000,59817.28000000,59890.00000000,467.03244000
2026-06-28T16:00:00+00:00,BTC/USDT,1h,59890.35000000,59943.90000000,59582.34000000,59690.62000000,567.70369000
2026-06-28T17:00:00+00:00,BTC/USDT,1h,59690.62000000,59848.00000000,59403.77000000,59586.01000000,519.06441000
2026-06-28T18:00:00+00:00,BTC/USDT,1h,59586.00000000,59700.00000000,59502.00000000,59614.46000000,272.01169000
2026-06-28T19:00:00+00:00,BTC/USDT,1h,59614.46000000,59682.00000000,59270.26000000,59481.79000000,301.99561000
2026-06-28T20:00:00+00:00,BTC/USDT,1h,59481.78000000,59765.90000000,59474.28000000,59660.00000000,227.14803000
2026-06-28T21:00:00+00:00,BTC/USDT,1h,59660.00000000,59796.66000000,59333.33000000,59445.95000000,531.65984000
2026-06-28T22:00:00+00:00,BTC/USDT,1h,59445.96000000,59906.00000000,58905.00000000,59067.01000000,983.67622000
2026-06-28T23:00:00+00:00,BTC/USDT,1h,59067.00000000,59848.00000000,59011.99000000,59577.01000000,510.09283000
2026-06-29T00:00:00+00:00,BTC/USDT,1h,59577.01000000,59700.00000000,59000.01000000,59667.01000000,549.31747000
2026-06-29T01:00:00+00:00,BTC/USDT,1h,59667.00000000,59697.00000000,59206.00000000,59440.95000000,647.05387000
2026-06-29T02:00:00+00:00,BTC/USDT,1h,59440.95000000,59812.00000000,58900.01000000,59757.46000000,1223.86338000
2026-06-29T03:00:00+00:00,BTC/USDT,1h,59757.47000000,60233.00000000,59757.47000000,60049.46000000,780.88525000
2026-06-29T04:00:00+00:00,BTC/USDT,1h,60049.45000000,60053.99000000,59746.00000000,59830.00000000,361.46912000
2026-06-29T05:00:00+00:00,BTC/USDT,1h,59830.01000000,60102.80000000,59392.02000000,60102.80000000,496.75535000
2026-06-29T06:00:00+00:00,BTC/USDT,1h,60102.80000000,60346.27000000,60050.67000000,60075.49000000,683.16036000
2026-06-29T07:00:00+00:00,BTC/USDT,1h,60075.50000000,60186.94000000,59936.00000000,60026.00000000,536.94262000
2026-06-29T08:00:00+00:00,BTC/USDT,1h,60026.01000000,60093.99000000,59745.46000000,59840.00000000,550.67382000
2026-06-29T09:00:00+00:00,BTC/USDT,1h,59840.01000000,60104.00000000,59778.76000000,60057.00000000,747.08903000
2026-06-29T10:00:00+00:00,BTC/USDT,1h,60057.00000000,60311.95000000,60056.99000000,60088.00000000,441.90219000
2026-06-29T11:00:00+00:00,BTC/USDT,1h,60088.00000000,60216.00000000,59796.00000000,59956.05000000,515.67042000
2026-06-29T12:00:00+00:00,BTC/USDT,1h,59956.05000000,60780.57000000,59595.09000000,59948.78000000,2600.10754000
2026-06-29T13:00:00+00:00,BTC/USDT,1h,59948.79000000,60340.00000000,59319.90000000,59580.00000000,2144.25430000
2026-06-29T14:00:00+00:00,BTC/USDT,1h,59580.00000000,59699.99000000,59011.00000000,59469.67000000,1999.07246000
2026-06-29T15:00:00+00:00,BTC/USDT,1h,59469.45000000,59960.00000000,59097.58000000,59824.01000000,1368.05680000
2026-06-29T16:00:00+00:00,BTC/USDT,1h,59824.01000000,60030.00000000,59584.48000000,59892.86000000,663.03532000
2026-06-29T17:00:00+00:00,BTC/USDT,1h,59892.87000000,60683.84000000,59892.00000000,60413.99000000,1795.75633000
2026-06-29T18:00:00+00:00,BTC/USDT,1h,60413.99000000,60520.00000000,60193.87000000,60295.00000000,525.48841000
2026-06-29T19:00:00+00:00,BTC/USDT,1h,60295.00000000,60557.50000000,60153.35000000,60433.49000000,501.01522000
2026-06-29T20:00:00+00:00,BTC/USDT,1h,60433.50000000,60553.06000000,60295.32000000,60296.00000000,312.86249000
2026-06-29T21:00:00+00:00,BTC/USDT,1h,60296.01000000,60585.99000000,60261.89000000,60479.72000000,294.76243000
2026-06-29T22:00:00+00:00,BTC/USDT,1h,60479.71000000,60516.00000000,60350.00000000,60352.31000000,211.76202000
2026-06-29T23:00:00+00:00,BTC/USDT,1h,60352.31000000,60379.23000000,60194.01000000,60260.21000000,252.18558000
2026-06-30T00:00:00+00:00,BTC/USDT,1h,60260.20000000,60276.54000000,59700.00000000,59838.01000000,709.83194000
2026-06-30T01:00:00+00:00,BTC/USDT,1h,59838.01000000,60048.98000000,59771.00000000,59939.94000000,341.19535000
2026-06-30T02:00:00+00:00,BTC/USDT,1h,59939.94000000,60042.54000000,59755.00000000,59948.24000000,424.27619000
2026-06-30T03:00:00+00:00,BTC/USDT,1h,59948.24000000,60031.75000000,59600.00000000,59627.48000000,381.85931000
2026-06-30T04:00:00+00:00,BTC/USDT,1h,59627.47000000,59700.00000000,59433.36000000,59492.01000000,774.84820000
2026-06-30T05:00:00+00:00,BTC/USDT,1h,59492.01000000,59656.89000000,59360.00000000,59652.13000000,807.92024000
2026-06-30T06:00:00+00:00,BTC/USDT,1h,59652.13000000,59712.88000000,59513.72000000,59592.00000000,708.76994000
2026-06-30T07:00:00+00:00,BTC/USDT,1h,59592.00000000,59632.00000000,59444.00000000,59524.01000000,762.40668000
2026-06-30T08:00:00+00:00,BTC/USDT,1h,59524.01000000,59551.03000000,59189.00000000,59311.92000000,879.64073000
2026-06-30T09:00:00+00:00,BTC/USDT,1h,59311.26000000,59420.00000000,59252.00000000,59374.96000000,442.65865000
2026-06-30T10:00:00+00:00,BTC/USDT,1h,59374.96000000,59420.00000000,59286.36000000,59334.01000000,300.40182000
2026-06-30T11:00:00+00:00,BTC/USDT,1h,59334.01000000,59413.27000000,59123.01000000,59192.70000000,466.77156000
2026-06-30T12:00:00+00:00,BTC/USDT,1h,59192.71000000,59192.71000000,58403.51000000,58412.00000000,2043.39825000
2026-06-30T13:00:00+00:00,BTC/USDT,1h,58411.99000000,58802.66000000,58228.33000000,58737.18000000,2504.50868000
2026-06-30T14:00:00+00:00,BTC/USDT,1h,58737.17000000,59276.60000000,58433.00000000,58482.81000000,1779.99006000
2026-06-30T15:00:00+00:00,BTC/USDT,1h,58482.81000000,58796.00000000,58201.00000000,58381.99000000,1563.15031000
2026-06-30T16:00:00+00:00,BTC/USDT,1h,58382.00000000,58632.00000000,58241.79000000,58497.65000000,1178.89718000
2026-06-30T17:00:00+00:00,BTC/USDT,1h,58497.65000000,58618.65000000,58310.72000000,58417.99000000,632.53618000
2026-06-30T18:00:00+00:00,BTC/USDT,1h,58417.99000000,58699.98000000,58351.56000000,58680.87000000,605.07781000
2026-06-30T19:00:00+00:00,BTC/USDT,1h,58680.86000000,58839.16000000,58586.01000000,58818.05000000,678.64150000
2026-06-30T20:00:00+00:00,BTC/USDT,1h,58818.00000000,58874.99000000,58648.26000000,58732.01000000,428.82351000
2026-06-30T21:00:00+00:00,BTC/USDT,1h,58732.00000000,58770.00000000,58509.99000000,58639.99000000,398.14222000
2026-06-30T22:00:00+00:00,BTC/USDT,1h,58639.99000000,58806.91000000,58513.80000000,58607.99000000,274.43078000
2026-06-30T23:00:00+00:00,BTC/USDT,1h,58607.99000000,58664.00000000,58555.00000000,58624.71000000,551.65078000
2026-07-01T00:00:00+00:00,BTC/USDT,1h,58624.71000000,58750.68000000,58310.00000000,58576.00000000,670.64661000
2026-07-01T01:00:00+00:00,BTC/USDT,1h,58575.99000000,59022.81000000,57800.19000000,58770.57000000,2987.12539000
2026-07-01T02:00:00+00:00,BTC/USDT,1h,58770.58000000,59171.63000000,58663.95000000,59085.00000000,692.74758000
2026-07-01T03:00:00+00:00,BTC/USDT,1h,59085.00000000,59318.00000000,58850.00000000,59197.13000000,715.44075000
2026-07-01T04:00:00+00:00,BTC/USDT,1h,59197.12000000,59457.00000000,59062.00000000,59339.99000000,480.11636000
2026-07-01T05:00:00+00:00,BTC/USDT,1h,59339.99000000,59376.48000000,59126.42000000,59154.33000000,432.30487000
2026-07-01T06:00:00+00:00,BTC/USDT,1h,59154.33000000,59156.00000000,58534.31000000,58755.80000000,794.13401000
2026-07-01T07:00:00+00:00,BTC/USDT,1h,58755.80000000,58823.90000000,58600.00000000,58768.65000000,479.85852000
2026-07-01T08:00:00+00:00,BTC/USDT,1h,58768.64000000,58984.00000000,58500.00000000,58973.99000000,381.93254000
2026-07-01T09:00:00+00:00,BTC/USDT,1h,58973.99000000,59091.99000000,58825.61000000,58944.55000000,417.79405000
2026-07-01T10:00:00+00:00,BTC/USDT,1h,58944.55000000,58948.47000000,58624.00000000,58659.98000000,405.70309000
2026-07-01T11:00:00+00:00,BTC/USDT,1h,58659.97000000,58755.90000000,58550.00000000,58622.03000000,396.69177000
2026-07-01T12:00:00+00:00,BTC/USDT,1h,58622.02000000,58676.00000000,58326.00000000,58538.01000000,1716.61119000
2026-07-01T13:00:00+00:00,BTC/USDT,1h,58538.00000000,59508.00000000,58536.00000000,59498.03000000,2321.79547000
2026-07-01T14:00:00+00:00,BTC/USDT,1h,59498.03000000,60092.00000000,59278.00000000,59542.00000000,3726.20910000
2026-07-01T15:00:00+00:00,BTC/USDT,1h,59541.99000000,60536.55000000,59520.51000000,60147.15000000,2322.06211000
2026-07-01T16:00:00+00:00,BTC/USDT,1h,60147.15000000,60267.17000000,59865.75000000,59920.00000000,862.80045000
2026-07-01T17:00:00+00:00,BTC/USDT,1h,59920.00000000,60239.84000000,59787.35000000,60190.60000000,480.08928000
2026-07-01T18:00:00+00:00,BTC/USDT,1h,60190.59000000,60298.00000000,60016.40000000,60171.16000000,343.31457000
2026-07-01T19:00:00+00:00,BTC/USDT,1h,60171.16000000,60352.93000000,60000.00000000,60028.67000000,548.14825000
2026-07-01T20:00:00+00:00,BTC/USDT,1h,60029.39000000,60198.00000000,59876.00000000,60126.00000000,313.10277000
2026-07-01T21:00:00+00:00,BTC/USDT,1h,60126.00000000,60846.95000000,60124.89000000,60815.99000000,1153.57611000
2026-07-01T22:00:00+00:00,BTC/USDT,1h,60815.99000000,61334.00000000,60339.00000000,60478.01000000,1877.61599000
2026-07-01T23:00:00+00:00,BTC/USDT,1h,60478.00000000,60478.00000000,59984.86000000,60024.00000000,573.62579000
2026-07-02T00:00:00+00:00,BTC/USDT,1h,60024.00000000,60028.00000000,59588.00000000,59761.73000000,857.93081000
2026-07-02T01:00:00+00:00,BTC/USDT,1h,59761.74000000,60324.99000000,59715.80000000,60175.92000000,634.42084000
2026-07-02T02:00:00+00:00,BTC/USDT,1h,60175.91000000,60495.24000000,60015.68000000,60423.10000000,520.93970000
2026-07-02T03:00:00+00:00,BTC/USDT,1h,60423.11000000,61121.78000000,60300.02000000,61058.00000000,891.65369000
2026-07-02T04:00:00+00:00,BTC/USDT,1h,61057.99000000,61058.00000000,60728.00000000,60787.98000000,793.20588000
2026-07-02T05:00:00+00:00,BTC/USDT,1h,60787.98000000,60877.69000000,60488.00000000,60504.54000000,836.16486000
2026-07-02T06:00:00+00:00,BTC/USDT,1h,60504.54000000,60652.74000000,60260.00000000,60274.01000000,838.53408000
2026-07-02T07:00:00+00:00,BTC/USDT,1h,60274.01000000,60315.93000000,60104.00000000,60149.99000000,593.99067000
2026-07-02T08:00:00+00:00,BTC/USDT,1h,60149.99000000,60555.06000000,60132.51000000,60511.99000000,573.38622000
2026-07-02T09:00:00+00:00,BTC/USDT,1h,60512.00000000,61437.49000000,60376.13000000,61184.00000000,1895.63178000
2026-07-02T10:00:00+00:00,BTC/USDT,1h,61184.00000000,61350.00000000,61051.07000000,61263.68000000,711.10860000
2026-07-02T11:00:00+00:00,BTC/USDT,1h,61263.93000000,61388.00000000,61125.58000000,61358.01000000,823.29588000
2026-07-02T12:00:00+00:00,BTC/USDT,1h,61358.00000000,61614.00000000,61147.23000000,61542.53000000,1476.64291000
2026-07-02T13:00:00+00:00,BTC/USDT,1h,61542.53000000,62053.00000000,61506.00000000,61939.04000000,2503.04906000
2026-07-02T14:00:00+00:00,BTC/USDT,1h,61939.04000000,62200.00000000,61394.49000000,61696.61000000,1834.43153000
2026-07-02T15:00:00+00:00,BTC/USDT,1h,61696.61000000,61850.86000000,61427.39000000,61612.93000000,955.08900000
2026-07-02T16:00:00+00:00,BTC/USDT,1h,61612.93000000,61790.13000000,61108.99000000,61682.34000000,1526.68052000
2026-07-02T17:00:00+00:00,BTC/USDT,1h,61682.34000000,61962.43000000,61619.69000000,61667.39000000,742.84693000
2026-07-02T18:00:00+00:00,BTC/USDT,1h,61667.40000000,61900.29000000,61664.39000000,61761.36000000,457.24217000
2026-07-02T19:00:00+00:00,BTC/USDT,1h,61761.36000000,61763.81000000,61424.00000000,61479.60000000,567.93379000
2026-07-02T20:00:00+00:00,BTC/USDT,1h,61479.59000000,61596.00000000,61342.00000000,61584.78000000,435.70751000
2026-07-02T21:00:00+00:00,BTC/USDT,1h,61584.77000000,61653.43000000,61516.00000000,61592.26000000,335.09994000
2026-07-02T22:00:00+00:00,BTC/USDT,1h,61592.26000000,61596.62000000,61406.28000000,61465.26000000,313.41399000
2026-07-02T23:00:00+00:00,BTC/USDT,1h,61465.26000000,61606.00000000,61350.02000000,61560.00000000,263.74127000
2026-07-03T00:00:00+00:00,BTC/USDT,1h,61560.00000000,61578.00000000,61248.86000000,61308.75000000,803.35853000
2026-07-03T01:00:00+00:00,BTC/USDT,1h,61308.75000000,61733.11000000,61286.00000000,61588.00000000,365.29608000
2026-07-03T02:00:00+00:00,BTC/USDT,1h,61588.00000000,61664.62000000,61294.00000000,61440.01000000,718.15053000
2026-07-03T03:00:00+00:00,BTC/USDT,1h,61440.01000000,61575.15000000,61324.00000000,61434.00000000,592.37701000
2026-07-03T04:00:00+00:00,BTC/USDT,1h,61434.00000000,61524.01000000,61332.76000000,61448.00000000,597.68744000
2026-07-03T05:00:00+00:00,BTC/USDT,1h,61448.00000000,61808.00000000,61430.00000000,61700.49000000,669.42027000
2026-07-03T06:00:00+00:00,BTC/USDT,1h,61700.49000000,61850.00000000,61612.00000000,61710.01000000,821.56550000
2026-07-03T07:00:00+00:00,BTC/USDT,1h,61710.01000000,61864.99000000,61659.32000000,61750.47000000,1075.23435000
2026-07-03T08:00:00+00:00,BTC/USDT,1h,61750.47000000,61896.99000000,61554.07000000,61584.00000000,341.60269000
2026-07-03T09:00:00+00:00,BTC/USDT,1h,61583.99000000,61783.89000000,61510.01000000,61718.68000000,336.50784000
2026-07-03T10:00:00+00:00,BTC/USDT,1h,61718.69000000,62038.00000000,61663.98000000,61916.46000000,481.39402000
2026-07-03T11:00:00+00:00,BTC/USDT,1h,61916.46000000,62103.10000000,61840.00000000,62024.02000000,549.87382000
2026-07-03T12:00:00+00:00,BTC/USDT,1h,62024.01000000,62174.47000000,61871.66000000,61983.99000000,627.72129000
2026-07-03T13:00:00+00:00,BTC/USDT,1h,61984.00000000,62282.00000000,61944.00000000,62116.01000000,790.28341000
2026-07-03T14:00:00+00:00,BTC/USDT,1h,62116.00000000,62280.00000000,61700.00000000,62167.48000000,768.79968000
2026-07-03T15:00:00+00:00,BTC/USDT,1h,62167.47000000,62400.00000000,61820.00000000,61922.72000000,627.67216000
2026-07-03T16:00:00+00:00,BTC/USDT,1h,61922.71000000,62125.99000000,61911.65000000,62104.81000000,308.09730000
2026-07-03T17:00:00+00:00,BTC/USDT,1h,62104.81000000,62292.51000000,62068.78000000,62194.00000000,345.47791000
2026-07-03T18:00:00+00:00,BTC/USDT,1h,62193.99000000,62250.00000000,62118.00000000,62204.01000000,298.61687000
2026-07-03T19:00:00+00:00,BTC/USDT,1h,62204.00000000,62317.64000000,62146.00000000,62210.00000000,345.20311000
2026-07-03T20:00:00+00:00,BTC/USDT,1h,62210.00000000,62907.77000000,62186.01000000,62776.92000000,1103.81636000
2026-07-03T21:00:00+00:00,BTC/USDT,1h,62776.91000000,62979.86000000,62518.72000000,62732.00000000,530.36622000
2026-07-03T22:00:00+00:00,BTC/USDT,1h,62732.00000000,62748.01000000,62538.47000000,62578.00000000,461.77097000
2026-07-03T23:00:00+00:00,BTC/USDT,1h,62578.00000000,62707.67000000,62529.03000000,62583.26000000,488.69291000
2026-07-04T00:00:00+00:00,BTC/USDT,1h,62583.26000000,62946.00000000,62578.55000000,62756.29000000,451.82518000
2026-07-04T01:00:00+00:00,BTC/USDT,1h,62756.29000000,62756.29000000,62404.25000000,62468.44000000,740.55394000
2026-07-04T02:00:00+00:00,BTC/USDT,1h,62468.44000000,62576.00000000,62432.00000000,62538.96000000,288.40853000
2026-07-04T03:00:00+00:00,BTC/USDT,1h,62538.96000000,62750.00000000,62484.01000000,62627.29000000,272.87320000
2026-07-04T04:00:00+00:00,BTC/USDT,1h,62627.28000000,62749.97000000,62590.06000000,62700.00000000,372.06056000
2026-07-04T05:00:00+00:00,BTC/USDT,1h,62700.00000000,62700.01000000,62441.29000000,62471.52000000,289.90978000
2026-07-04T06:00:00+00:00,BTC/USDT,1h,62471.53000000,62559.43000000,62328.24000000,62500.01000000,328.21302000
2026-07-04T07:00:00+00:00,BTC/USDT,1h,62500.01000000,62634.24000000,62470.00000000,62576.00000000,488.37245000
2026-07-04T08:00:00+00:00,BTC/USDT,1h,62576.00000000,62674.47000000,62516.46000000,62553.78000000,325.39629000
2026-07-04T09:00:00+00:00,BTC/USDT,1h,62553.78000000,62583.99000000,62415.87000000,62494.00000000,256.44372000
2026-07-04T10:00:00+00:00,BTC/USDT,1h,62494.01000000,62545.02000000,62445.38000000,62513.00000000,261.05012000
2026-07-04T11:00:00+00:00,BTC/USDT,1h,62512.99000000,62563.84000000,62456.24000000,62482.01000000,236.75332000
2026-07-04T12:00:00+00:00,BTC/USDT,1h,62482.00000000,62696.78000000,62482.00000000,62664.01000000,160.12973000
2026-07-04T13:00:00+00:00,BTC/USDT,1h,62664.01000000,62776.92000000,62542.00000000,62588.84000000,234.91268000
2026-07-04T14:00:00+00:00,BTC/USDT,1h,62588.84000000,62738.28000000,62585.53000000,62693.99000000,214.12592000
2026-07-04T15:00:00+00:00,BTC/USDT,1h,62693.99000000,63075.46000000,62687.89000000,62943.29000000,746.82104000
2026-07-04T16:00:00+00:00,BTC/USDT,1h,62943.29000000,62968.29000000,62786.00000000,62927.29000000,446.26160000
2026-07-04T17:00:00+00:00,BTC/USDT,1h,62927.30000000,63439.62000000,62803.00000000,63280.38000000,752.34234000
2026-07-04T18:00:00+00:00,BTC/USDT,1h,63280.38000000,63346.00000000,63092.02000000,63172.78000000,347.58599000
2026-07-04T19:00:00+00:00,BTC/USDT,1h,63172.79000000,63461.99000000,63123.49000000,63294.72000000,328.68996000
2026-07-04T20:00:00+00:00,BTC/USDT,1h,63294.72000000,63392.00000000,63155.37000000,63233.78000000,287.12408000
2026-07-04T21:00:00+00:00,BTC/USDT,1h,63233.79000000,63448.00000000,63202.00000000,63297.84000000,239.07967000
2026-07-04T22:00:00+00:00,BTC/USDT,1h,63297.83000000,63310.00000000,63160.00000000,63184.99000000,486.87752000
2026-07-04T23:00:00+00:00,BTC/USDT,1h,63185.00000000,63241.33000000,62927.98000000,63144.01000000,584.01676000
2026-07-05T00:00:00+00:00,BTC/USDT,1h,63144.01000000,63144.01000000,62888.86000000,62991.29000000,348.66174000
2026-07-05T01:00:00+00:00,BTC/USDT,1h,62991.30000000,63043.15000000,62800.00000000,62887.94000000,447.61772000
2026-07-05T02:00:00+00:00,BTC/USDT,1h,62887.93000000,62926.00000000,62596.08000000,62693.56000000,307.64194000
2026-07-05T03:00:00+00:00,BTC/USDT,1h,62693.57000000,62796.39000000,62658.00000000,62769.04000000,211.72564000
2026-07-05T04:00:00+00:00,BTC/USDT,1h,62769.03000000,62952.93000000,62712.00000000,62815.99000000,288.42759000
2026-07-05T05:00:00+00:00,BTC/USDT,1h,62815.99000000,62815.99000000,62659.65000000,62740.50000000,312.61219000
2026-07-05T06:00:00+00:00,BTC/USDT,1h,62740.50000000,62819.91000000,62669.99000000,62782.18000000,269.63913000
2026-07-05T07:00:00+00:00,BTC/USDT,1h,62782.18000000,63059.99000000,62718.31000000,63020.21000000,393.71695000
2026-07-05T08:00:00+00:00,BTC/USDT,1h,63020.21000000,63104.00000000,62900.00000000,62915.00000000,337.45972000
2026-07-05T09:00:00+00:00,BTC/USDT,1h,62915.00000000,62930.16000000,62436.59000000,62622.18000000,562.27226000
2026-07-05T10:00:00+00:00,BTC/USDT,1h,62622.18000000,62756.25000000,62536.57000000,62756.12000000,183.32618000
2026-07-05T11:00:00+00:00,BTC/USDT,1h,62756.12000000,62812.00000000,62600.03000000,62658.92000000,268.20384000
2026-07-05T12:00:00+00:00,BTC/USDT,1h,62658.92000000,62772.00000000,62569.37000000,62745.01000000,294.54856000
2026-07-05T13:00:00+00:00,BTC/USDT,1h,62745.00000000,62819.66000000,62644.12000000,62792.00000000,337.44331000
2026-07-05T14:00:00+00:00,BTC/USDT,1h,62791.99000000,62818.37000000,62656.02000000,62812.25000000,219.35892000
2026-07-05T15:00:00+00:00,BTC/USDT,1h,62812.25000000,62943.59000000,62679.76000000,62740.01000000,243.82359000
2026-07-05T16:00:00+00:00,BTC/USDT,1h,62740.01000000,62772.86000000,62590.02000000,62637.48000000,344.55738000
2026-07-05T17:00:00+00:00,BTC/USDT,1h,62637.48000000,62820.00000000,62594.38000000,62624.93000000,275.09476000
2026-07-05T18:00:00+00:00,BTC/USDT,1h,62624.93000000,62880.00000000,62616.00000000,62820.33000000,372.13939000
2026-07-05T19:00:00+00:00,BTC/USDT,1h,62820.33000000,62888.14000000,62714.98000000,62768.88000000,297.34041000
2026-07-05T20:00:00+00:00,BTC/USDT,1h,62768.87000000,62836.01000000,62700.00000000,62730.61000000,164.56380000
2026-07-05T21:00:00+00:00,BTC/USDT,1h,62730.61000000,63220.00000000,62609.47000000,63092.01000000,428.51084000
2026-07-05T22:00:00+00:00,BTC/USDT,1h,63092.00000000,63964.48000000,63005.04000000,63736.00000000,1512.51245000
2026-07-05T23:00:00+00:00,BTC/USDT,1h,63735.99000000,63999.00000000,63577.36000000,63650.00000000,750.87927000
2026-07-06T00:00:00+00:00,BTC/USDT,1h,63650.01000000,63772.52000000,63350.00000000,63761.99000000,854.38324000
2026-07-06T01:00:00+00:00,BTC/USDT,1h,63761.98000000,63920.00000000,63550.00000000,63576.00000000,432.97670000
2026-07-06T02:00:00+00:00,BTC/USDT,1h,63576.00000000,63669.45000000,63373.13000000,63460.01000000,398.01222000
2026-07-06T03:00:00+00:00,BTC/USDT,1h,63460.01000000,63495.14000000,63136.01000000,63294.00000000,420.90012000
2026-07-06T04:00:00+00:00,BTC/USDT,1h,63294.00000000,63402.77000000,63187.98000000,63267.99000000,278.63053000
2026-07-06T05:00:00+00:00,BTC/USDT,1h,63267.99000000,63268.00000000,62950.00000000,63114.00000000,702.75025000
2026-07-06T06:00:00+00:00,BTC/USDT,1h,63113.99000000,63152.70000000,62972.00000000,62976.00000000,622.44998000
2026-07-06T07:00:00+00:00,BTC/USDT,1h,62976.00000000,63120.00000000,62890.00000000,63089.42000000,529.35201000
2026-07-06T08:00:00+00:00,BTC/USDT,1h,63089.42000000,63244.00000000,62800.13000000,62904.01000000,536.06880000
2026-07-06T09:00:00+00:00,BTC/USDT,1h,62904.01000000,62914.00000000,62630.85000000,62664.77000000,432.26087000
2026-07-06T10:00:00+00:00,BTC/USDT,1h,62664.77000000,63030.00000000,62664.76000000,62822.06000000,454.82776000
2026-07-06T11:00:00+00:00,BTC/USDT,1h,62822.07000000,63000.00000000,62483.83000000,62483.84000000,610.79996000
2026-07-06T12:00:00+00:00,BTC/USDT,1h,62483.84000000,62487.98000000,61668.20000000,61754.01000000,2426.65551000
2026-07-06T13:00:00+00:00,BTC/USDT,1h,61754.01000000,62034.00000000,61306.84000000,61768.21000000,3623.91016000
2026-07-06T14:00:00+00:00,BTC/USDT,1h,61768.20000000,62411.41000000,61712.54000000,62052.00000000,1203.78704000
2026-07-06T15:00:00+00:00,BTC/USDT,1h,62052.00000000,63550.00000000,62052.00000000,63545.98000000,2153.37389000
2026-07-06T16:00:00+00:00,BTC/USDT,1h,63545.98000000,63863.00000000,63386.01000000,63732.00000000,1748.98599000
2026-07-06T17:00:00+00:00,BTC/USDT,1h,63732.00000000,63976.16000000,63570.16000000,63587.38000000,885.44922000
2026-07-06T18:00:00+00:00,BTC/USDT,1h,63587.38000000,63886.00000000,63560.00000000,63696.40000000,345.76423000
2026-07-06T19:00:00+00:00,BTC/USDT,1h,63696.40000000,63887.93000000,63652.42000000,63738.52000000,308.11427000
2026-07-06T20:00:00+00:00,BTC/USDT,1h,63738.52000000,63892.65000000,63589.41000000,63828.00000000,314.93037000
2026-07-06T21:00:00+00:00,BTC/USDT,1h,63828.00000000,64700.00000000,63810.00000000,64489.98000000,1489.51024000
2026-07-06T22:00:00+00:00,BTC/USDT,1h,64489.97000000,64500.00000000,64151.01000000,64244.00000000,313.47871000
2026-07-06T23:00:00+00:00,BTC/USDT,1h,64244.00000000,64340.76000000,64017.78000000,64042.02000000,347.91230000
2026-07-07T00:00:00+00:00,BTC/USDT,1h,64042.93000000,64314.00000000,63997.50000000,64203.99000000,545.80462000
2026-07-07T01:00:00+00:00,BTC/USDT,1h,64203.99000000,64204.00000000,63767.04000000,63840.00000000,600.78470000
2026-07-07T02:00:00+00:00,BTC/USDT,1h,63840.00000000,63908.00000000,63288.01000000,63322.01000000,624.33941000
2026-07-07T03:00:00+00:00,BTC/USDT,1h,63322.01000000,63414.00000000,63150.00000000,63191.01000000,378.30046000
2026-07-07T04:00:00+00:00,BTC/USDT,1h,63191.01000000,63288.33000000,63064.00000000,63100.01000000,658.55856000
2026-07-07T05:00:00+00:00,BTC/USDT,1h,63100.00000000,63278.99000000,62800.00000000,63128.01000000,725.48406000
2026-07-07T06:00:00+00:00,BTC/USDT,1h,63128.00000000,63400.00000000,62984.42000000,63340.00000000,869.08707000
2026-07-07T07:00:00+00:00,BTC/USDT,1h,63340.01000000,63445.70000000,63072.10000000,63083.18000000,615.24857000
2026-07-07T08:00:00+00:00,BTC/USDT,1h,63083.19000000,63184.00000000,62984.58000000,63104.00000000,444.01670000
2026-07-07T09:00:00+00:00,BTC/USDT,1h,63104.00000000,63348.73000000,63063.28000000,63256.00000000,320.22634000
2026-07-07T10:00:00+00:00,BTC/USDT,1h,63256.01000000,63467.15000000,63228.17000000,63284.00000000,496.91971000
2026-07-07T11:00:00+00:00,BTC/USDT,1h,63284.00000000,63452.00000000,63116.02000000,63406.00000000,399.36572000
2026-07-07T12:00:00+00:00,BTC/USDT,1h,63405.99000000,63872.00000000,63396.58000000,63481.39000000,618.18499000
2026-07-07T13:00:00+00:00,BTC/USDT,1h,63481.39000000,63482.50000000,63000.00000000,63056.00000000,1055.47861000
2026-07-07T14:00:00+00:00,BTC/USDT,1h,63056.00000000,63634.00000000,62671.39000000,63562.05000000,1684.44273000
2026-07-07T15:00:00+00:00,BTC/USDT,1h,63562.05000000,64105.00000000,63376.22000000,63930.51000000,2129.05569000
2026-07-07T16:00:00+00:00,BTC/USDT,1h,63930.50000000,64243.75000000,63810.00000000,63983.27000000,825.13640000
2026-07-07T17:00:00+00:00,BTC/USDT,1h,63983.28000000,64232.00000000,63896.21000000,64186.00000000,713.19138000
2026-07-07T18:00:00+00:00,BTC/USDT,1h,64185.99000000,64188.00000000,63672.01000000,63679.99000000,804.35069000
2026-07-07T19:00:00+00:00,BTC/USDT,1h,63679.99000000,63894.58000000,63379.69000000,63817.99000000,809.87318000
2026-07-07T20:00:00+00:00,BTC/USDT,1h,63818.00000000,63901.75000000,63585.00000000,63697.99000000,461.15497000
2026-07-07T21:00:00+00:00,BTC/USDT,1h,63698.00000000,63866.00000000,63313.10000000,63423.94000000,445.13714000
2026-07-07T22:00:00+00:00,BTC/USDT,1h,63423.93000000,63660.00000000,63218.00000000,63551.02000000,344.82337000
2026-07-07T23:00:00+00:00,BTC/USDT,1h,63551.02000000,63708.00000000,63320.00000000,63363.99000000,265.24316000
2026-07-08T00:00:00+00:00,BTC/USDT,1h,63364.00000000,63761.99000000,63307.36000000,63612.77000000,656.59812000
2026-07-08T01:00:00+00:00,BTC/USDT,1h,63612.78000000,63649.50000000,62921.78000000,63038.01000000,690.76172000
2026-07-08T02:00:00+00:00,BTC/USDT,1h,63038.00000000,63066.00000000,62525.47000000,62979.99000000,1271.45366000
2026-07-08T03:00:00+00:00,BTC/USDT,1h,62979.98000000,63094.00000000,62700.18000000,62766.00000000,326.19539000
2026-07-08T04:00:00+00:00,BTC/USDT,1h,62766.00000000,62901.49000000,62676.00000000,62800.00000000,435.16461000
2026-07-08T05:00:00+00:00,BTC/USDT,1h,62800.01000000,62876.95000000,62558.00000000,62637.88000000,716.63481000
2026-07-08T06:00:00+00:00,BTC/USDT,1h,62637.88000000,62746.00000000,62477.04000000,62657.81000000,457.84929000
2026-07-08T07:00:00+00:00,BTC/USDT,1h,62657.82000000,62894.89000000,62550.00000000,62888.35000000,483.72380000
2026-07-08T08:00:00+00:00,BTC/USDT,1h,62888.34000000,62941.46000000,61855.26000000,62018.36000000,1707.68860000
2026-07-08T09:00:00+00:00,BTC/USDT,1h,62018.36000000,62190.01000000,61743.83000000,62057.67000000,2058.44174000
2026-07-08T10:00:00+00:00,BTC/USDT,1h,62057.68000000,62199.97000000,61903.45000000,62183.12000000,934.16537000
2026-07-08T11:00:00+00:00,BTC/USDT,1h,62183.11000000,62392.04000000,62055.63000000,62299.99000000,576.86496000
2026-07-08T12:00:00+00:00,BTC/USDT,1h,62300.00000000,62451.08000000,61953.58000000,61957.73000000,877.49143000
2026-07-08T13:00:00+00:00,BTC/USDT,1h,61957.74000000,62090.00000000,61632.23000000,61945.49000000,1130.99240000
2026-07-08T14:00:00+00:00,BTC/USDT,1h,61945.49000000,62173.56000000,61712.00000000,61889.83000000,1415.74086000
2026-07-08T15:00:00+00:00,BTC/USDT,1h,61889.83000000,61922.00000000,61544.56000000,61704.01000000,1055.91275000
2026-07-08T16:00:00+00:00,BTC/USDT,1h,61704.01000000,62164.60000000,61692.00000000,62113.03000000,762.49481000
2026-07-08T17:00:00+00:00,BTC/USDT,1h,62113.02000000,62394.32000000,62032.00000000,62104.62000000,518.57431000
2026-07-08T18:00:00+00:00,BTC/USDT,1h,62104.62000000,62351.97000000,62045.20000000,62185.32000000,301.10629000
2026-07-08T19:00:00+00:00,BTC/USDT,1h,62185.33000000,62292.19000000,62068.00000000,62277.98000000,295.91802000
2026-07-08T20:00:00+00:00,BTC/USDT,1h,62277.98000000,62306.54000000,62082.80000000,62099.61000000,601.65946000
2026-07-08T21:00:00+00:00,BTC/USDT,1h,62099.62000000,62251.22000000,61956.00000000,62187.17000000,844.23046000
2026-07-08T22:00:00+00:00,BTC/USDT,1h,62187.17000000,62350.63000000,62178.00000000,62330.40000000,268.90980000
2026-07-08T23:00:00+00:00,BTC/USDT,1h,62330.40000000,62346.60000000,62174.00000000,62290.00000000,231.52530000
2026-07-09T00:00:00+00:00,BTC/USDT,1h,62290.01000000,62309.88000000,62058.51000000,62129.99000000,419.84137000
2026-07-09T01:00:00+00:00,BTC/USDT,1h,62129.99000000,62642.00000000,61837.10000000,61916.00000000,891.27709000
2026-07-09T02:00:00+00:00,BTC/USDT,1h,61916.00000000,62121.21000000,61705.29000000,61788.80000000,588.18699000
2026-07-09T03:00:00+00:00,BTC/USDT,1h,61788.79000000,62062.99000000,61730.00000000,61974.34000000,608.39784000
2026-07-09T04:00:00+00:00,BTC/USDT,1h,61974.34000000,62456.29000000,61956.46000000,62453.74000000,475.51774000
2026-07-09T05:00:00+00:00,BTC/USDT,1h,62453.74000000,62624.61000000,62236.00000000,62589.61000000,907.85360000
2026-07-09T06:00:00+00:00,BTC/USDT,1h,62589.61000000,62980.00000000,62485.58000000,62959.96000000,790.33126000
2026-07-09T07:00:00+00:00,BTC/USDT,1h,62959.96000000,63283.26000000,62788.06000000,63000.00000000,902.61366000
2026-07-09T08:00:00+00:00,BTC/USDT,1h,62999.99000000,63100.10000000,62855.63000000,62903.65000000,872.78917000
2026-07-09T09:00:00+00:00,BTC/USDT,1h,62903.66000000,63002.00000000,62786.82000000,62953.40000000,549.43771000
2026-07-09T10:00:00+00:00,BTC/USDT,1h,62953.40000000,63056.98000000,62688.00000000,62786.04000000,490.23056000
2026-07-09T11:00:00+00:00,BTC/USDT,1h,62786.05000000,62830.00000000,62614.66000000,62786.34000000,613.79257000
2026-07-09T12:00:00+00:00,BTC/USDT,1h,62786.33000000,62952.00000000,62465.39000000,62614.02000000,2694.46367000
2026-07-09T13:00:00+00:00,BTC/USDT,1h,62614.01000000,63240.15000000,62523.08000000,63028.35000000,732.96491000
2026-07-09T14:00:00+00:00,BTC/USDT,1h,63028.36000000,63144.79000000,62666.66000000,63016.00000000,598.40365000
2026-07-09T15:00:00+00:00,BTC/USDT,1h,63016.00000000,63261.00000000,62811.10000000,62868.05000000,857.13379000
2026-07-09T16:00:00+00:00,BTC/USDT,1h,62868.06000000,62996.00000000,62559.59000000,62700.01000000,532.13757000
2026-07-09T17:00:00+00:00,BTC/USDT,1h,62700.01000000,63165.12000000,62668.00000000,63142.79000000,730.95491000
2026-07-09T18:00:00+00:00,BTC/USDT,1h,63142.79000000,63500.00000000,63080.00000000,63219.03000000,776.88222000
2026-07-09T19:00:00+00:00,BTC/USDT,1h,63219.03000000,63375.73000000,63118.45000000,63248.10000000,606.23375000
2026-07-09T20:00:00+00:00,BTC/USDT,1h,63248.09000000,63330.85000000,63177.36000000,63313.38000000,236.61262000
2026-07-09T21:00:00+00:00,BTC/USDT,1h,63313.38000000,63397.94000000,63208.91000000,63274.59000000,261.44616000
2026-07-09T22:00:00+00:00,BTC/USDT,1h,63274.60000000,63418.00000000,63218.77000000,63218.78000000,274.28375000
2026-07-09T23:00:00+00:00,BTC/USDT,1h,63218.78000000,63325.00000000,63060.91000000,63230.00000000,331.02016000
2026-07-10T00:00:00+00:00,BTC/USDT,1h,63230.01000000,63255.49000000,62926.01000000,63113.93000000,626.86453000
2026-07-10T01:00:00+00:00,BTC/USDT,1h,63113.92000000,63999.99000000,62962.00000000,63749.86000000,1229.10229000
2026-07-10T02:00:00+00:00,BTC/USDT,1h,63749.86000000,64050.23000000,63692.76000000,63961.99000000,1017.85326000
2026-07-10T03:00:00+00:00,BTC/USDT,1h,63961.99000000,64050.00000000,63822.80000000,63947.20000000,410.93478000
2026-07-10T04:00:00+00:00,BTC/USDT,1h,63947.20000000,64176.86000000,63857.64000000,64047.88000000,567.80609000
2026-07-10T05:00:00+00:00,BTC/USDT,1h,64047.89000000,64200.00000000,63944.05000000,64115.99000000,507.93600000
2026-07-10T06:00:00+00:00,BTC/USDT,1h,64116.00000000,64162.00000000,63836.00000000,63854.71000000,352.90834000
2026-07-10T07:00:00+00:00,BTC/USDT,1h,63854.71000000,64011.90000000,63802.02000000,63963.00000000,566.09840000
2026-07-10T08:00:00+00:00,BTC/USDT,1h,63963.00000000,64392.00000000,63962.99000000,64246.01000000,945.88564000
2026-07-10T09:00:00+00:00,BTC/USDT,1h,64246.00000000,64480.01000000,64102.00000000,64385.09000000,1051.00850000
2026-07-10T10:00:00+00:00,BTC/USDT,1h,64385.09000000,64494.84000000,64274.47000000,64407.80000000,400.85807000
2026-07-10T11:00:00+00:00,BTC/USDT,1h,64407.80000000,64480.00000000,64341.83000000,64425.18000000,337.28843000
2026-07-10T12:00:00+00:00,BTC/USDT,1h,64425.18000000,64608.00000000,63999.00000000,64286.64000000,1081.95063000
2026-07-10T13:00:00+00:00,BTC/USDT,1h,64286.65000000,64692.83000000,64152.84000000,64484.00000000,826.67946000
2026-07-10T14:00:00+00:00,BTC/USDT,1h,64484.00000000,64516.00000000,63793.43000000,63914.87000000,1338.73193000
2026-07-10T15:00:00+00:00,BTC/USDT,1h,63914.88000000,64210.00000000,63898.00000000,64040.00000000,737.82713000
2026-07-10T16:00:00+00:00,BTC/USDT,1h,64039.99000000,64220.00000000,63826.57000000,64140.01000000,671.46586000
2026-07-10T17:00:00+00:00,BTC/USDT,1h,64140.00000000,64158.58000000,63821.88000000,63823.99000000,491.57909000
2026-07-10T18:00:00+00:00,BTC/USDT,1h,63824.00000000,64003.99000000,63732.66000000,63810.00000000,566.18067000
2026-07-10T19:00:00+00:00,BTC/USDT,1h,63809.99000000,64077.56000000,63780.00000000,63917.88000000,1227.53052000
2026-07-10T20:00:00+00:00,BTC/USDT,1h,63917.88000000,63946.36000000,63656.00000000,63841.25000000,1126.81538000
2026-07-10T21:00:00+00:00,BTC/USDT,1h,63841.25000000,64099.56000000,63835.05000000,64011.99000000,307.30047000
2026-07-10T22:00:00+00:00,BTC/USDT,1h,64012.00000000,64169.39000000,63981.37000000,64112.29000000,508.14182000
2026-07-10T23:00:00+00:00,BTC/USDT,1h,64112.30000000,64222.61000000,64024.00000000,64161.72000000,690.25393000
2026-07-11T00:00:00+00:00,BTC/USDT,1h,64161.72000000,64168.49000000,64028.43000000,64124.00000000,315.78502000
2026-07-11T01:00:00+00:00,BTC/USDT,1h,64123.99000000,64310.00000000,64004.01000000,64012.95000000,405.42387000
2026-07-11T02:00:00+00:00,BTC/USDT,1h,64012.95000000,64166.00000000,63984.07000000,64158.04000000,205.49018000
2026-07-11T03:00:00+00:00,BTC/USDT,1h,64158.04000000,64195.04000000,64068.00000000,64150.42000000,174.79238000
2026-07-11T04:00:00+00:00,BTC/USDT,1h,64150.42000000,64213.55000000,64080.26000000,64152.00000000,223.52551000
2026-07-11T05:00:00+00:00,BTC/USDT,1h,64152.00000000,64221.99000000,64121.07000000,64176.01000000,535.97468000
2026-07-11T06:00:00+00:00,BTC/USDT,1h,64176.00000000,64278.00000000,64124.00000000,64219.10000000,302.84507000
2026-07-11T07:00:00+00:00,BTC/USDT,1h,64219.09000000,64256.55000000,64152.00000000,64162.18000000,422.67072000
2026-07-11T08:00:00+00:00,BTC/USDT,1h,64162.18000000,64300.00000000,64153.87000000,64265.98000000,169.11443000
2026-07-11T09:00:00+00:00,BTC/USDT,1h,64265.98000000,64300.00000000,64159.70000000,64167.34000000,347.53946000
2026-07-11T10:00:00+00:00,BTC/USDT,1h,64167.35000000,64204.02000000,64129.99000000,64196.00000000,421.25234000
2026-07-11T11:00:00+00:00,BTC/USDT,1h,64196.00000000,64215.32000000,64167.99000000,64198.00000000,417.44096000
2026-07-11T12:00:00+00:00,BTC/USDT,1h,64197.99000000,64228.00000000,64130.65000000,64195.49000000,408.31399000
2026-07-11T13:00:00+00:00,BTC/USDT,1h,64195.48000000,64266.00000000,64159.99000000,64235.66000000,352.18455000
2026-07-11T14:00:00+00:00,BTC/USDT,1h,64235.67000000,64504.11000000,64235.66000000,64350.07000000,551.43161000
2026-07-11T15:00:00+00:00,BTC/USDT,1h,64350.07000000,64484.01000000,63896.18000000,64175.75000000,1185.62457000
2026-07-11T16:00:00+00:00,BTC/USDT,1h,64175.75000000,64273.63000000,64084.00000000,64180.01000000,468.52631000
2026-07-11T17:00:00+00:00,BTC/USDT,1h,64180.00000000,64402.00000000,64164.08000000,64315.53000000,272.95245000
2026-07-11T18:00:00+00:00,BTC/USDT,1h,64315.53000000,64395.17000000,64288.91000000,64327.99000000,274.24491000
2026-07-11T19:00:00+00:00,BTC/USDT,1h,64327.99000000,64338.00000000,64233.23000000,64286.00000000,202.32307000
2026-07-11T20:00:00+00:00,BTC/USDT,1h,64286.00000000,64463.83000000,64285.99000000,64382.45000000,197.23083000
2026-07-11T21:00:00+00:00,BTC/USDT,1h,64382.44000000,64427.56000000,64338.09000000,64355.99000000,116.51883000
2026-07-11T22:00:00+00:00,BTC/USDT,1h,64355.99000000,64424.03000000,64144.47000000,64203.08000000,303.31895000
2026-07-11T23:00:00+00:00,BTC/USDT,1h,64203.09000000,64246.00000000,63819.00000000,63819.00000000,877.44963000
2026-07-12T00:00:00+00:00,BTC/USDT,1h,63819.01000000,63909.92000000,63702.16000000,63828.47000000,2302.50352000
2026-07-12T01:00:00+00:00,BTC/USDT,1h,63828.48000000,64172.66000000,63812.00000000,64133.61000000,394.25068000
2026-07-12T02:00:00+00:00,BTC/USDT,1h,64133.61000000,64133.62000000,64029.51000000,64070.39000000,908.56961000
2026-07-12T03:00:00+00:00,BTC/USDT,1h,64070.40000000,64223.74000000,64035.68000000,64223.73000000,488.95119000
2026-07-12T04:00:00+00:00,BTC/USDT,1h,64223.73000000,64245.87000000,63943.68000000,63999.93000000,412.91320000
2026-07-12T05:00:00+00:00,BTC/USDT,1h,63999.94000000,64024.48000000,63900.00000000,63959.93000000,291.33944000
2026-07-12T06:00:00+00:00,BTC/USDT,1h,63959.93000000,63962.85000000,63640.83000000,63762.46000000,526.52081000
2026-07-12T07:00:00+00:00,BTC/USDT,1h,63762.47000000,63908.39000000,63740.12000000,63885.27000000,506.72582000
2026-07-12T08:00:00+00:00,BTC/USDT,1h,63885.28000000,64100.32000000,63884.20000000,63983.18000000,1349.77159000
2026-07-12T09:00:00+00:00,BTC/USDT,1h,63983.18000000,64062.17000000,63764.00000000,63961.61000000,3089.49803000
2026-07-12T10:00:00+00:00,BTC/USDT,1h,63961.60000000,63961.60000000,63843.40000000,63865.76000000,250.37178000
2026-07-12T11:00:00+00:00,BTC/USDT,1h,63865.76000000,64030.00000000,63826.01000000,64018.01000000,158.66802000
2026-07-12T12:00:00+00:00,BTC/USDT,1h,64018.00000000,64135.00000000,63970.55000000,64026.00000000,320.06272000
2026-07-12T13:00:00+00:00,BTC/USDT,1h,64026.01000000,64097.99000000,63987.40000000,64023.14000000,369.91648000
2026-07-12T14:00:00+00:00,BTC/USDT,1h,64023.13000000,64290.11000000,63958.71000000,64203.08000000,261.44826000
2026-07-12T15:00:00+00:00,BTC/USDT,1h,64203.08000000,64262.15000000,64117.97000000,64176.00000000,230.70025000
2026-07-12T16:00:00+00:00,BTC/USDT,1h,64176.00000000,64209.64000000,64042.00000000,64177.70000000,260.32939000
2026-07-12T17:00:00+00:00,BTC/USDT,1h,64177.70000000,64177.74000000,64029.12000000,64078.00000000,243.96602000
2026-07-12T18:00:00+00:00,BTC/USDT,1h,64078.00000000,64150.00000000,64018.69000000,64147.99000000,207.74726000
2026-07-12T19:00:00+00:00,BTC/USDT,1h,64148.00000000,64270.00000000,64147.30000000,64228.59000000,178.32690000
2026-07-12T20:00:00+00:00,BTC/USDT,1h,64228.59000000,64254.00000000,64178.03000000,64198.89000000,158.24040000
2026-07-12T21:00:00+00:00,BTC/USDT,1h,64198.90000000,64232.02000000,63891.84000000,63920.40000000,317.29013000
2026-07-12T22:00:00+00:00,BTC/USDT,1h,63920.40000000,63923.99000000,63668.00000000,63886.87000000,425.91972000
2026-07-12T23:00:00+00:00,BTC/USDT,1h,63886.86000000,63914.85000000,63726.62000000,63780.00000000,260.80581000
2026-07-13T00:00:00+00:00,BTC/USDT,1h,63780.00000000,64425.00000000,63568.00000000,64072.01000000,1134.90308000
2026-07-13T01:00:00+00:00,BTC/USDT,1h,64072.00000000,64072.01000000,63376.53000000,63412.01000000,1113.66129000
2026-07-13T02:00:00+00:00,BTC/USDT,1h,63412.01000000,63541.94000000,63237.26000000,63375.99000000,621.99474000
2026-07-13T03:00:00+00:00,BTC/USDT,1h,63376.00000000,63382.95000000,62741.04000000,62806.41000000,1068.82271000
2026-07-13T04:00:00+00:00,BTC/USDT,1h,62806.41000000,62911.94000000,62620.13000000,62672.00000000,670.25607000
2026-07-13T05:00:00+00:00,BTC/USDT,1h,62672.00000000,62905.68000000,62500.76000000,62799.00000000,816.14848000
2026-07-13T06:00:00+00:00,BTC/USDT,1h,62799.01000000,62880.00000000,62710.45000000,62797.55000000,385.11506000
2026-07-13T07:00:00+00:00,BTC/USDT,1h,62797.55000000,63070.01000000,62753.69000000,62985.52000000,1476.18790000
2026-07-13T08:00:00+00:00,BTC/USDT,1h,62985.53000000,63302.88000000,62935.92000000,63206.97000000,1893.03927000
2026-07-13T09:00:00+00:00,BTC/USDT,1h,63206.98000000,63210.00000000,63086.12000000,63100.02000000,663.43575000
2026-07-13T10:00:00+00:00,BTC/USDT,1h,63100.02000000,63157.85000000,62862.28000000,62867.89000000,788.29364000
2026-07-13T11:00:00+00:00,BTC/USDT,1h,62867.90000000,63135.55000000,62867.90000000,62901.99000000,458.30123000
2026-07-13T12:00:00+00:00,BTC/USDT,1h,62901.99000000,62990.04000000,62570.00000000,62625.15000000,689.69237000
2026-07-13T13:00:00+00:00,BTC/USDT,1h,62625.15000000,62766.37000000,62164.00000000,62318.00000000,2175.34811000
2026-07-13T14:00:00+00:00,BTC/USDT,1h,62318.01000000,62794.97000000,62101.00000000,62791.85000000,1780.86024000
2026-07-13T15:00:00+00:00,BTC/USDT,1h,62791.85000000,62983.83000000,62559.58000000,62618.01000000,1226.00074000
2026-07-13T16:00:00+00:00,BTC/USDT,1h,62618.00000000,62629.35000000,62212.00000000,62276.00000000,970.69108000
2026-07-13T17:00:00+00:00,BTC/USDT,1h,62276.01000000,62370.00000000,61900.00000000,61904.99000000,1161.78052000
2026-07-13T18:00:00+00:00,BTC/USDT,1h,61904.99000000,62100.00000000,61824.97000000,62020.00000000,662.51495000
2026-07-13T19:00:00+00:00,BTC/USDT,1h,62020.00000000,62292.84000000,61990.00000000,62288.23000000,503.43262000
2026-07-13T20:00:00+00:00,BTC/USDT,1h,62288.23000000,62324.74000000,62050.71000000,62210.99000000,294.43026000
2026-07-13T21:00:00+00:00,BTC/USDT,1h,62211.00000000,62216.35000000,61897.45000000,62065.06000000,385.18322000
2026-07-13T22:00:00+00:00,BTC/USDT,1h,62065.05000000,62224.00000000,61911.31000000,61924.00000000,386.45256000
2026-07-13T23:00:00+00:00,BTC/USDT,1h,61924.00000000,62347.46000000,61882.88000000,62334.52000000,355.95615000
2026-07-14T00:00:00+00:00,BTC/USDT,1h,62334.52000000,62666.66000000,62272.20000000,62549.54000000,827.98236000
2026-07-14T01:00:00+00:00,BTC/USDT,1h,62549.55000000,62640.00000000,62460.03000000,62540.42000000,471.32047000
2026-07-14T02:00:00+00:00,BTC/USDT,1h,62540.41000000,62645.00000000,62329.98000000,62544.00000000,510.10327000
2026-07-14T03:00:00+00:00,BTC/USDT,1h,62544.00000000,62604.00000000,62314.00000000,62572.89000000,439.89615000
2026-07-14T04:00:00+00:00,BTC/USDT,1h,62572.88000000,62768.95000000,62539.71000000,62745.23000000,314.71779000
2026-07-14T05:00:00+00:00,BTC/USDT,1h,62745.24000000,62872.00000000,62697.69000000,62737.00000000,625.42470000
2026-07-14T06:00:00+00:00,BTC/USDT,1h,62737.00000000,62772.48000000,62566.01000000,62624.05000000,742.03175000
2026-07-14T07:00:00+00:00,BTC/USDT,1h,62624.06000000,62655.99000000,62516.93000000,62560.92000000,406.16223000
2026-07-14T08:00:00+00:00,BTC/USDT,1h,62560.92000000,62807.94000000,62500.00000000,62713.85000000,377.86259000
2026-07-14T09:00:00+00:00,BTC/USDT,1h,62713.85000000,62742.00000000,62534.29000000,62629.55000000,614.55321000
2026-07-14T10:00:00+00:00,BTC/USDT,1h,62629.56000000,62908.80000000,62609.47000000,62800.00000000,437.22084000
2026-07-14T11:00:00+00:00,BTC/USDT,1h,62800.01000000,62923.06000000,62713.60000000,62844.99000000,302.90008000
2026-07-14T12:00:00+00:00,BTC/USDT,1h,62844.99000000,63989.54000000,62780.84000000,63960.00000000,3109.78866000
2026-07-14T13:00:00+00:00,BTC/USDT,1h,63959.99000000,64181.99000000,63699.03000000,63840.01000000,1522.71413000
2026-07-14T14:00:00+00:00,BTC/USDT,1h,63840.01000000,64346.49000000,63580.99000000,64305.02000000,1089.85313000
2026-07-14T15:00:00+00:00,BTC/USDT,1h,64305.01000000,64966.43000000,64194.64000000,64743.99000000,3074.26518000
2026-07-14T16:00:00+00:00,BTC/USDT,1h,64744.00000000,64896.86000000,64606.00000000,64730.00000000,1264.07966000
2026-07-14T17:00:00+00:00,BTC/USDT,1h,64730.01000000,64730.01000000,64231.77000000,64621.43000000,1156.00933000
2026-07-14T18:00:00+00:00,BTC/USDT,1h,64621.43000000,64648.88000000,64477.23000000,64571.98000000,502.24971000
2026-07-14T19:00:00+00:00,BTC/USDT,1h,64571.99000000,64704.00000000,64487.38000000,64569.59000000,367.96179000
2026-07-14T20:00:00+00:00,BTC/USDT,1h,64569.59000000,64599.00000000,64419.99000000,64572.02000000,281.25074000
2026-07-14T21:00:00+00:00,BTC/USDT,1h,64572.02000000,64893.92000000,64526.00000000,64676.90000000,427.49727000
2026-07-14T22:00:00+00:00,BTC/USDT,1h,64676.89000000,65100.00000000,64516.00000000,64860.89000000,1268.06322000
2026-07-14T23:00:00+00:00,BTC/USDT,1h,64860.89000000,65048.00000000,64782.00000000,65043.98000000,418.50558000
2026-07-15T00:00:00+00:00,BTC/USDT,1h,65043.99000000,65065.01000000,64765.12000000,64824.58000000,352.45343000
2026-07-15T01:00:00+00:00,BTC/USDT,1h,64824.57000000,64853.08000000,64644.48000000,64674.35000000,610.20031000
2026-07-15T02:00:00+00:00,BTC/USDT,1h,64674.35000000,64755.99000000,64488.00000000,64490.87000000,350.99185000
2026-07-15T03:00:00+00:00,BTC/USDT,1h,64490.87000000,64840.00000000,64490.86000000,64792.01000000,379.79444000
2026-07-15T04:00:00+00:00,BTC/USDT,1h,64792.00000000,64885.99000000,64714.00000000,64746.01000000,289.24746000
2026-07-15T05:00:00+00:00,BTC/USDT,1h,64746.01000000,64964.96000000,64602.50000000,64944.06000000,686.50940000
2026-07-15T06:00:00+00:00,BTC/USDT,1h,64944.06000000,65277.37000000,64814.00000000,64814.00000000,974.06143000
2026-07-15T07:00:00+00:00,BTC/USDT,1h,64814.01000000,64876.00000000,64485.00000000,64549.34000000,1209.74716000
2026-07-15T08:00:00+00:00,BTC/USDT,1h,64549.33000000,64797.02000000,64549.33000000,64768.01000000,958.47053000
2026-07-15T09:00:00+00:00,BTC/USDT,1h,64768.00000000,64917.94000000,64653.18000000,64671.83000000,542.47841000
2026-07-15T10:00:00+00:00,BTC/USDT,1h,64671.84000000,64855.56000000,64614.00000000,64663.00000000,316.30209000
2026-07-15T11:00:00+00:00,BTC/USDT,1h,64663.00000000,64767.37000000,64616.11000000,64732.15000000,500.13863000
2026-07-15T12:00:00+00:00,BTC/USDT,1h,64732.15000000,65249.90000000,64606.00000000,65164.00000000,1837.40143000
2026-07-15T13:00:00+00:00,BTC/USDT,1h,65164.00000000,65577.00000000,64888.00000000,65117.99000000,1942.12357000
2026-07-15T14:00:00+00:00,BTC/USDT,1h,65118.00000000,65517.05000000,65070.00000000,65399.81000000,1187.13269000
2026-07-15T15:00:00+00:00,BTC/USDT,1h,65399.80000000,65600.00000000,65261.71000000,65427.61000000,1153.25811000
2026-07-15T16:00:00+00:00,BTC/USDT,1h,65427.60000000,65470.00000000,64784.83000000,65120.79000000,1423.19665000
2026-07-15T17:00:00+00:00,BTC/USDT,1h,65120.80000000,65194.72000000,64972.95000000,65056.10000000,1119.69712000
2026-07-15T18:00:00+00:00,BTC/USDT,1h,65056.10000000,65143.57000000,64847.42000000,64860.00000000,1076.85531000
2026-07-15T19:00:00+00:00,BTC/USDT,1h,64860.00000000,65000.00000000,64738.49000000,64977.34000000,377.96921000
2026-07-15T20:00:00+00:00,BTC/USDT,1h,64977.34000000,65055.39000000,64899.00000000,64968.01000000,239.51973000
2026-07-15T21:00:00+00:00,BTC/USDT,1h,64968.02000000,65018.74000000,64789.89000000,64834.31000000,289.23644000
2026-07-15T22:00:00+00:00,BTC/USDT,1h,64834.31000000,64982.47000000,64772.00000000,64866.93000000,275.16571000
2026-07-15T23:00:00+00:00,BTC/USDT,1h,64866.93000000,64938.00000000,64691.89000000,64756.28000000,309.94630000
2026-07-16T00:00:00+00:00,BTC/USDT,1h,64756.28000000,64845.50000000,64500.00000000,64584.07000000,762.20624000
2026-07-16T01:00:00+00:00,BTC/USDT,1h,64584.07000000,64830.00000000,64392.01000000,64730.01000000,462.87658000
2026-07-16T02:00:00+00:00,BTC/USDT,1h,64730.00000000,64735.09000000,64574.02000000,64642.01000000,327.49099000
2026-07-16T03:00:00+00:00,BTC/USDT,1h,64642.00000000,64745.55000000,64555.00000000,64619.95000000,221.04888000
2026-07-16T04:00:00+00:00,BTC/USDT,1h,64619.96000000,64692.00000000,64544.04000000,64650.05000000,615.61718000
2026-07-16T05:00:00+00:00,BTC/USDT,1h,64650.05000000,64997.52000000,64592.67000000,64917.99000000,618.60530000
2026-07-16T06:00:00+00:00,BTC/USDT,1h,64917.99000000,64978.00000000,64630.01000000,64777.32000000,355.62558000
2026-07-16T07:00:00+00:00,BTC/USDT,1h,64777.33000000,64777.33000000,64086.12000000,64238.00000000,1138.76345000
2026-07-16T08:00:00+00:00,BTC/USDT,1h,64238.00000000,64380.00000000,63888.00000000,64126.85000000,3967.60650000
2026-07-16T09:00:00+00:00,BTC/USDT,1h,64126.86000000,64186.83000000,64019.02000000,64090.00000000,3387.73889000
2026-07-16T10:00:00+00:00,BTC/USDT,1h,64090.00000000,64269.42000000,64077.75000000,64221.34000000,351.18175000
2026-07-16T11:00:00+00:00,BTC/USDT,1h,64221.34000000,64269.42000000,64101.00000000,64256.53000000,377.01841000
2026-07-16T12:00:00+00:00,BTC/USDT,1h,64256.52000000,64256.52000000,63838.28000000,63966.01000000,728.30687000
2026-07-16T13:00:00+00:00,BTC/USDT,1h,63966.01000000,64480.00000000,63961.14000000,64376.00000000,827.04997000
2026-07-16T14:00:00+00:00,BTC/USDT,1h,64375.99000000,64863.07000000,64332.57000000,64543.51000000,993.97642000
2026-07-16T15:00:00+00:00,BTC/USDT,1h,64543.51000000,64896.00000000,64320.00000000,64704.73000000,620.57363000
2026-07-16T16:00:00+00:00,BTC/USDT,1h,64704.73000000,64712.00000000,64333.33000000,64484.00000000,523.57946000
2026-07-16T17:00:00+00:00,BTC/USDT,1h,64484.01000000,64484.01000000,63984.09000000,64069.03000000,616.12218000
2026-07-16T18:00:00+00:00,BTC/USDT,1h,64069.04000000,64330.00000000,64052.14000000,64246.01000000,275.58322000
2026-07-16T19:00:00+00:00,BTC/USDT,1h,64246.01000000,64301.99000000,64152.00000000,64271.84000000,368.59969000
2026-07-16T20:00:00+00:00,BTC/USDT,1h,64271.85000000,64276.00000000,64108.00000000,64114.27000000,169.71905000
2026-07-16T21:00:00+00:00,BTC/USDT,1h,64114.25000000,64253.25000000,64101.18000000,64161.99000000,188.09780000
2026-07-16T22:00:00+00:00,BTC/USDT,1h,64162.00000000,64240.12000000,63950.01000000,63968.00000000,351.60652000
2026-07-16T23:00:00+00:00,BTC/USDT,1h,63968.01000000,64010.58000000,63748.74000000,63830.20000000,515.53223000
2026-07-17T00:00:00+00:00,BTC/USDT,1h,63830.20000000,63912.00000000,63612.62000000,63886.00000000,435.36884000
2026-07-17T01:00:00+00:00,BTC/USDT,1h,63886.00000000,64067.69000000,63476.00000000,63546.24000000,735.77497000
2026-07-17T02:00:00+00:00,BTC/USDT,1h,63546.25000000,63657.99000000,63380.28000000,63482.00000000,818.39465000
2026-07-17T03:00:00+00:00,BTC/USDT,1h,63482.00000000,63720.00000000,63482.00000000,63570.00000000,676.04775000
2026-07-17T04:00:00+00:00,BTC/USDT,1h,63570.00000000,63576.00000000,63320.00000000,63486.01000000,490.83509000
2026-07-17T05:00:00+00:00,BTC/USDT,1h,63486.01000000,63486.01000000,62804.30000000,62839.76000000,1190.44758000
2026-07-17T06:00:00+00:00,BTC/USDT,1h,62839.77000000,62998.52000000,62710.00000000,62948.00000000,1200.24888000
2026-07-17T07:00:00+00:00,BTC/USDT,1h,62948.00000000,62983.99000000,62800.00000000,62828.11000000,1288.47496000
2026-07-17T08:00:00+00:00,BTC/USDT,1h,62828.11000000,62939.04000000,62666.00000000,62888.00000000,838.15570000
2026-07-17T09:00:00+00:00,BTC/USDT,1h,62888.01000000,63069.06000000,62852.89000000,62989.46000000,603.45822000
2026-07-17T10:00:00+00:00,BTC/USDT,1h,62989.47000000,63201.91000000,62989.47000000,63179.92000000,534.56662000
2026-07-17T11:00:00+00:00,BTC/USDT,1h,63179.91000000,63361.70000000,63063.67000000,63298.01000000,617.19974000
2026-07-17T12:00:00+00:00,BTC/USDT,1h,63298.00000000,63348.00000000,63069.09000000,63099.75000000,618.64826000
2026-07-17T13:00:00+00:00,BTC/USDT,1h,63099.75000000,63180.00000000,62537.56000000,63153.99000000,1381.50027000
2026-07-17T14:00:00+00:00,BTC/USDT,1h,63154.00000000,63518.00000000,63051.77000000,63174.00000000,1199.38162000
2026-07-17T15:00:00+00:00,BTC/USDT,1h,63174.01000000,63452.00000000,62856.16000000,63452.00000000,702.84059000
2026-07-17T16:00:00+00:00,BTC/USDT,1h,63452.00000000,63706.75000000,63312.01000000,63594.00000000,881.75053000
2026-07-17T17:00:00+00:00,BTC/USDT,1h,63594.00000000,64228.27000000,63594.00000000,64049.86000000,1210.18889000
2026-07-17T18:00:00+00:00,BTC/USDT,1h,64049.85000000,64387.99000000,63894.00000000,64259.73000000,761.86335000
2026-07-17T19:00:00+00:00,BTC/USDT,1h,64259.73000000,64259.73000000,63981.20000000,64160.80000000,578.45246000
2026-07-17T20:00:00+00:00,BTC/USDT,1h,64160.80000000,64192.57000000,63958.19000000,64120.00000000,456.18305000
2026-07-17T21:00:00+00:00,BTC/USDT,1h,64120.01000000,64216.61000000,64064.00000000,64110.00000000,284.21145000
2026-07-17T22:00:00+00:00,BTC/USDT,1h,64110.01000000,64147.00000000,63903.63000000,63986.00000000,255.88006000
2026-07-17T23:00:00+00:00,BTC/USDT,1h,63986.01000000,64011.08000000,63884.35000000,63931.67000000,430.02036000
2026-07-18T00:00:00+00:00,BTC/USDT,1h,63931.67000000,64012.39000000,63895.33000000,63910.04000000,217.92923000
2026-07-18T01:00:00+00:00,BTC/USDT,1h,63910.05000000,64000.00000000,63886.65000000,63952.98000000,200.93158000
2026-07-18T02:00:00+00:00,BTC/USDT,1h,63952.97000000,64032.60000000,63930.54000000,63967.61000000,372.49980000
2026-07-18T03:00:00+00:00,BTC/USDT,1h,63967.61000000,64017.85000000,63928.15000000,64017.84000000,578.99589000
2026-07-18T04:00:00+00:00,BTC/USDT,1h,64017.84000000,64017.85000000,63947.09000000,63967.99000000,311.74394000
2026-07-18T05:00:00+00:00,BTC/USDT,1h,63968.00000000,63998.00000000,63926.39000000,63967.95000000,153.28461000
2026-07-18T06:00:00+00:00,BTC/USDT,1h,63967.95000000,64005.99000000,63950.00000000,63979.67000000,193.68533000
2026-07-18T07:00:00+00:00,BTC/USDT,1h,63979.67000000,64026.03000000,63974.94000000,64002.75000000,290.38620000
2026-07-18T08:00:00+00:00,BTC/USDT,1h,64002.75000000,64019.64000000,63960.00000000,64006.01000000,293.43528000
2026-07-18T09:00:00+00:00,BTC/USDT,1h,64006.01000000,64006.01000000,63887.73000000,63987.76000000,286.53507000
2026-07-18T10:00:00+00:00,BTC/USDT,1h,63987.77000000,64026.39000000,63982.34000000,64016.43000000,264.09470000
2026-07-18T11:00:00+00:00,BTC/USDT,1h,64016.43000000,64097.22000000,64010.99000000,64069.89000000,259.43503000
2026-07-18T12:00:00+00:00,BTC/USDT,1h,64069.89000000,64274.47000000,64057.27000000,64218.00000000,554.94465000
2026-07-18T13:00:00+00:00,BTC/USDT,1h,64218.01000000,64218.01000000,63963.00000000,64106.00000000,300.90627000
2026-07-18T14:00:00+00:00,BTC/USDT,1h,64105.99000000,64195.01000000,64101.42000000,64126.00000000,182.82691000
2026-07-18T15:00:00+00:00,BTC/USDT,1h,64126.00000000,64163.99000000,64037.45000000,64123.12000000,202.91031000
2026-07-18T16:00:00+00:00,BTC/USDT,1h,64123.13000000,64314.00000000,64091.48000000,64303.47000000,325.76583000
2026-07-18T17:00:00+00:00,BTC/USDT,1h,64303.48000000,64492.00000000,64280.22000000,64480.29000000,572.40254000
2026-07-18T18:00:00+00:00,BTC/USDT,1h,64480.28000000,64669.50000000,64462.00000000,64512.41000000,531.00754000
2026-07-18T19:00:00+00:00,BTC/USDT,1h,64512.41000000,64597.90000000,64482.00000000,64552.79000000,294.01495000
2026-07-18T20:00:00+00:00,BTC/USDT,1h,64552.80000000,64739.64000000,64528.69000000,64693.01000000,554.55726000
2026-07-18T21:00:00+00:00,BTC/USDT,1h,64693.02000000,64846.83000000,64614.36000000,64731.72000000,365.29033000
2026-07-18T22:00:00+00:00,BTC/USDT,1h,64731.73000000,64865.00000000,64712.29000000,64805.05000000,503.12891000
2026-07-18T23:00:00+00:00,BTC/USDT,1h,64805.04000000,64843.30000000,64709.28000000,64834.22000000,220.46796000
2026-07-19T00:00:00+00:00,BTC/USDT,1h,64834.21000000,64906.40000000,64769.47000000,64792.08000000,443.04046000
2026-07-19T01:00:00+00:00,BTC/USDT,1h,64792.08000000,64792.09000000,64765.99000000,64765.99000000,211.03912000
2026-07-19T02:00:00+00:00,BTC/USDT,1h,64766.00000000,64967.25000000,64700.84000000,64826.01000000,574.09127000
2026-07-19T03:00:00+00:00,BTC/USDT,1h,64826.01000000,64842.92000000,64620.44000000,64706.18000000,416.11384000
2026-07-19T04:00:00+00:00,BTC/USDT,1h,64706.18000000,64795.43000000,64610.89000000,64720.17000000,249.31584000
2026-07-19T05:00:00+00:00,BTC/USDT,1h,64720.17000000,64815.65000000,64676.00000000,64724.01000000,206.27533000
2026-07-19T06:00:00+00:00,BTC/USDT,1h,64724.00000000,64759.33000000,64694.66000000,64711.69000000,244.79532000
2026-07-19T07:00:00+00:00,BTC/USDT,1h,64711.69000000,64784.00000000,64675.00000000,64711.05000000,401.27453000
2026-07-19T08:00:00+00:00,BTC/USDT,1h,64711.04000000,64743.00000000,64631.54000000,64707.49000000,602.66232000
2026-07-19T09:00:00+00:00,BTC/USDT,1h,64707.48000000,64725.74000000,64500.00000000,64509.99000000,392.93472000
2026-07-19T10:00:00+00:00,BTC/USDT,1h,64510.00000000,64700.00000000,64482.00000000,64595.00000000,334.64364000
2026-07-19T11:00:00+00:00,BTC/USDT,1h,64595.00000000,64636.28000000,64445.00000000,64467.64000000,208.69371000
2026-07-19T12:00:00+00:00,BTC/USDT,1h,64467.65000000,64467.65000000,64285.24000000,64441.15000000,549.28590000
2026-07-19T13:00:00+00:00,BTC/USDT,1h,64441.16000000,64516.33000000,64307.72000000,64483.31000000,325.94592000
2026-07-19T14:00:00+00:00,BTC/USDT,1h,64483.32000000,64663.04000000,64425.24000000,64593.07000000,328.97060000
2026-07-19T15:00:00+00:00,BTC/USDT,1h,64593.07000000,64620.00000000,64500.00000000,64585.32000000,260.30458000
2026-07-19T16:00:00+00:00,BTC/USDT,1h,64585.33000000,64644.00000000,64505.21000000,64538.72000000,321.63819000
2026-07-19T17:00:00+00:00,BTC/USDT,1h,64538.72000000,64752.00000000,64406.30000000,64547.86000000,402.19584000
2026-07-19T18:00:00+00:00,BTC/USDT,1h,64547.86000000,64554.00000000,64280.00000000,64419.99000000,321.71164000
2026-07-19T19:00:00+00:00,BTC/USDT,1h,64420.00000000,64467.82000000,64352.00000000,64462.58000000,115.02705000
2026-07-19T20:00:00+00:00,BTC/USDT,1h,64462.58000000,64560.00000000,64462.57000000,64535.99000000,100.52602000
2026-07-19T21:00:00+00:00,BTC/USDT,1h,64536.00000000,64562.55000000,64350.00000000,64415.75000000,221.49991000
2026-07-19T22:00:00+00:00,BTC/USDT,1h,64415.75000000,64900.00000000,64347.89000000,64674.67000000,828.28879000
2026-07-19T23:00:00+00:00,BTC/USDT,1h,64674.66000000,64772.00000000,64572.00000000,64722.54000000,319.64020000
2026-07-20T00:00:00+00:00,BTC/USDT,1h,64722.55000000,65107.99000000,64416.00000000,64553.84000000,736.05935000
2026-07-20T01:00:00+00:00,BTC/USDT,1h,64553.85000000,65029.40000000,64506.00000000,64628.01000000,401.29098000
2026-07-20T02:00:00+00:00,BTC/USDT,1h,64628.01000000,64964.00000000,64585.00000000,64827.20000000,378.92701000
2026-07-20T03:00:00+00:00,BTC/USDT,1h,64827.19000000,64914.93000000,64644.01000000,64869.80000000,340.53514000
2026-07-20T04:00:00+00:00,BTC/USDT,1h,64869.79000000,64869.99000000,64540.00000000,64540.01000000,333.38076000
2026-07-20T05:00:00+00:00,BTC/USDT,1h,64540.00000000,64562.00000000,64082.70000000,64128.00000000,978.47191000
2026-07-20T06:00:00+00:00,BTC/USDT,1h,64128.01000000,64220.00000000,63765.83000000,63917.98000000,852.13818000
2026-07-20T07:00:00+00:00,BTC/USDT,1h,63917.99000000,64315.96000000,63896.00000000,64280.01000000,998.28115000
2026-07-20T08:00:00+00:00,BTC/USDT,1h,64280.01000000,64356.00000000,63100.00000000,64049.99000000,3901.45477000
2026-07-20T09:00:00+00:00,BTC/USDT,1h,64050.00000000,64276.00000000,64012.80000000,64199.50000000,508.64903000
2026-07-20T10:00:00+00:00,BTC/USDT,1h,64199.51000000,64415.42000000,64162.00000000,64301.18000000,339.54836000
2026-07-20T11:00:00+00:00,BTC/USDT,1h,64301.18000000,65068.00000000,64273.33000000,65002.01000000,1040.02207000
2026-07-20T12:00:00+00:00,BTC/USDT,1h,65002.00000000,65002.83000000,64599.89000000,64640.00000000,1301.45682000
2026-07-20T13:00:00+00:00,BTC/USDT,1h,64640.00000000,64763.67000000,64208.00000000,64344.01000000,1171.73283000
2026-07-20T14:00:00+00:00,BTC/USDT,1h,64344.01000000,64575.37000000,64077.76000000,64416.01000000,811.23879000
2026-07-20T15:00:00+00:00,BTC/USDT,1h,64416.01000000,65666.80000000,64398.15000000,65598.75000000,2563.16846000
2026-07-20T16:00:00+00:00,BTC/USDT,1h,65598.75000000,65637.70000000,65336.00000000,65508.50000000,1056.62117000
2026-07-20T17:00:00+00:00,BTC/USDT,1h,65508.50000000,65646.55000000,65342.52000000,65587.98000000,673.41436000
2026-07-20T18:00:00+00:00,BTC/USDT,1h,65587.99000000,65799.00000000,65204.00000000,65240.01000000,708.20295000
2026-07-20T19:00:00+00:00,BTC/USDT,1h,65240.01000000,65274.58000000,65041.05000000,65142.00000000,856.15121000
2026-07-20T20:00:00+00:00,BTC/USDT,1h,65142.00000000,65438.00000000,65061.92000000,65367.58000000,339.09983000
2026-07-20T21:00:00+00:00,BTC/USDT,1h,65367.57000000,65445.27000000,65272.32000000,65286.02000000,264.99229000
2026-07-20T22:00:00+00:00,BTC/USDT,1h,65286.02000000,65286.02000000,65092.66000000,65141.99000000,333.37114000
2026-07-20T23:00:00+00:00,BTC/USDT,1h,65142.00000000,65272.21000000,65128.17000000,65255.51000000,435.27846000
2026-07-21T00:00:00+00:00,BTC/USDT,1h,65255.51000000,65585.00000000,65148.75000000,65568.01000000,685.78688000
2026-07-21T01:00:00+00:00,BTC/USDT,1h,65568.00000000,65658.78000000,65232.65000000,65235.55000000,421.88460000
2026-07-21T02:00:00+00:00,BTC/USDT,1h,65235.56000000,65500.00000000,65176.20000000,65414.01000000,382.21075000
2026-07-21T03:00:00+00:00,BTC/USDT,1h,65414.01000000,65593.11000000,65411.74000000,65566.78000000,795.51369000
2026-07-21T04:00:00+00:00,BTC/USDT,1h,65566.77000000,65742.58000000,65471.69000000,65522.01000000,600.76388000
2026-07-21T05:00:00+00:00,BTC/USDT,1h,65522.00000000,65933.24000000,65485.55000000,65751.56000000,864.81950000
2026-07-21T06:00:00+00:00,BTC/USDT,1h,65751.56000000,65991.05000000,65634.00000000,65913.00000000,733.43884000
2026-07-21T07:00:00+00:00,BTC/USDT,1h,65913.00000000,66245.64000000,65866.00000000,66186.86000000,1338.71722000
2026-07-21T08:00:00+00:00,BTC/USDT,1h,66186.86000000,66354.00000000,66129.19000000,66226.44000000,1032.71252000
2026-07-21T09:00:00+00:00,BTC/USDT,1h,66226.43000000,66350.00000000,66144.00000000,66291.99000000,472.96398000
2026-07-21T10:00:00+00:00,BTC/USDT,1h,66292.00000000,66420.65000000,66176.55000000,66180.00000000,1179.04438000
2026-07-21T11:00:00+00:00,BTC/USDT,1h,66180.00000000,66350.00000000,66147.82000000,66345.59000000,752.24871000
2026-07-21T12:00:00+00:00,BTC/USDT,1h,66345.59000000,66640.00000000,66255.73000000,66558.82000000,1002.49408000
2026-07-21T13:00:00+00:00,BTC/USDT,1h,66558.81000000,66810.97000000,66315.62000000,66786.00000000,1358.43796000
2026-07-21T14:00:00+00:00,BTC/USDT,1h,66786.00000000,66956.15000000,66648.27000000,66842.30000000,1722.33044000
2026-07-21T15:00:00+00:00,BTC/USDT,1h,66842.29000000,66842.30000000,66517.52000000,66676.54000000,948.73464000
2026-07-21T16:00:00+00:00,BTC/USDT,1h,66676.53000000,66764.00000000,66462.32000000,66542.01000000,672.73654000
2026-07-21T17:00:00+00:00,BTC/USDT,1h,66542.01000000,66567.59000000,66052.63000000,66207.95000000,1024.80980000
2026-07-21T18:00:00+00:00,BTC/USDT,1h,66207.96000000,66358.00000000,66098.71000000,66319.95000000,619.31647000
2026-07-21T19:00:00+00:00,BTC/USDT,1h,66319.96000000,66502.80000000,66264.12000000,66444.76000000,623.55174000
2026-07-21T20:00:00+00:00,BTC/USDT,1h,66444.76000000,66496.00000000,66359.30000000,66406.57000000,288.41886000
2026-07-21T21:00:00+00:00,BTC/USDT,1h,66406.58000000,66408.26000000,66290.00000000,66385.00000000,330.71956000
2026-07-21T22:00:00+00:00,BTC/USDT,1h,66385.00000000,66388.35000000,66204.00000000,66304.02000000,432.07240000
2026-07-21T23:00:00+00:00,BTC/USDT,1h,66304.02000000,66576.00000000,66228.55000000,66556.16000000,334.55343000
2026-07-22T00:00:00+00:00,BTC/USDT,1h,66556.15000000,66739.89000000,66525.54000000,66620.97000000,961.25987000
2026-07-22T01:00:00+00:00,BTC/USDT,1h,66620.97000000,66661.79000000,66282.65000000,66433.30000000,801.84590000
2026-07-22T02:00:00+00:00,BTC/USDT,1h,66433.29000000,66532.26000000,66298.00000000,66314.12000000,584.20390000
2026-07-22T03:00:00+00:00,BTC/USDT,1h,66314.12000000,66371.27000000,66176.00000000,66210.00000000,535.35393000
2026-07-22T04:00:00+00:00,BTC/USDT,1h,66209.99000000,66424.00000000,66198.00000000,66381.05000000,1016.50384000
2026-07-22T05:00:00+00:00,BTC/USDT,1h,66381.05000000,66381.05000000,65944.51000000,65974.90000000,732.84767000
2026-07-22T06:00:00+00:00,BTC/USDT,1h,65974.90000000,66026.93000000,65830.94000000,65934.33000000,677.13061000
2026-07-22T07:00:00+00:00,BTC/USDT,1h,65934.34000000,65968.90000000,65701.00000000,65843.48000000,1698.20928000
2026-07-22T08:00:00+00:00,BTC/USDT,1h,65843.48000000,66164.57000000,65843.47000000,65987.96000000,1762.03259000
2026-07-22T09:00:00+00:00,BTC/USDT,1h,65987.97000000,66082.50000000,65850.00000000,65928.00000000,1983.57551000
2026-07-22T10:00:00+00:00,BTC/USDT,1h,65928.01000000,66116.36000000,65898.00000000,66046.02000000,636.27622000
2026-07-22T11:00:00+00:00,BTC/USDT,1h,66046.01000000,66092.59000000,65909.16000000,66013.36000000,789.42664000
2026-07-22T12:00:00+00:00,BTC/USDT,1h,66013.36000000,66013.37000000,65553.67000000,65636.01000000,572.31956000
2026-07-22T13:00:00+00:00,BTC/USDT,1h,65636.01000000,65982.28000000,65559.66000000,65951.39000000,762.44551000
2026-07-22T14:00:00+00:00,BTC/USDT,1h,65951.38000000,66204.98000000,65588.00000000,65793.98000000,977.66799000
2026-07-22T15:00:00+00:00,BTC/USDT,1h,65793.98000000,66125.00000000,65793.98000000,66047.39000000,689.66439000
2026-07-22T16:00:00+00:00,BTC/USDT,1h,66047.38000000,66384.00000000,65911.60000000,66229.01000000,531.34681000
2026-07-22T17:00:00+00:00,BTC/USDT,1h,66229.01000000,66275.29000000,65944.00000000,66024.03000000,332.68865000
2026-07-22T18:00:00+00:00,BTC/USDT,1h,66024.02000000,66075.91000000,65726.08000000,65895.46000000,372.67709000
2026-07-22T19:00:00+00:00,BTC/USDT,1h,65895.46000000,65958.56000000,65691.93000000,65923.19000000,284.49057000
2026-07-22T20:00:00+00:00,BTC/USDT,1h,65923.19000000,65986.00000000,65791.79000000,65919.68000000,303.33342000
2026-07-22T21:00:00+00:00,BTC/USDT,1h,65919.67000000,66133.98000000,65892.64000000,66072.47000000,345.28683000
2026-07-22T22:00:00+00:00,BTC/USDT,1h,66072.48000000,66080.94000000,65932.00000000,66044.17000000,283.82490000
2026-07-22T23:00:00+00:00,BTC/USDT,1h,66044.17000000,66138.24000000,65844.30000000,66114.49000000,440.45434000
2026-07-23T00:00:00+00:00,BTC/USDT,1h,66114.50000000,66313.14000000,66054.58000000,66058.19000000,818.52742000
2026-07-23T01:00:00+00:00,BTC/USDT,1h,66058.20000000,66208.00000000,65751.00000000,65830.00000000,911.89269000
2026-07-23T02:00:00+00:00,BTC/USDT,1h,65830.00000000,65843.25000000,65653.23000000,65805.34000000,489.67764000
2026-07-23T03:00:00+00:00,BTC/USDT,1h,65805.35000000,65816.00000000,65585.11000000,65662.53000000,518.12407000
2026-07-23T04:00:00+00:00,BTC/USDT,1h,65662.53000000,65738.99000000,65590.12000000,65616.48000000,673.83221000
2026-07-23T05:00:00+00:00,BTC/USDT,1h,65616.49000000,65797.93000000,65570.12000000,65691.01000000,258.16071000
2026-07-23T06:00:00+00:00,BTC/USDT,1h,65691.01000000,65821.17000000,65625.20000000,65790.00000000,198.22051000
2026-07-23T07:00:00+00:00,BTC/USDT,1h,65790.00000000,65790.00000000,65351.02000000,65442.13000000,625.49860000
2026-07-23T08:00:00+00:00,BTC/USDT,1h,65442.12000000,65665.99000000,65419.75000000,65633.00000000,617.22753000
2026-07-23T09:00:00+00:00,BTC/USDT,1h,65632.99000000,65757.99000000,65608.18000000,65638.92000000,505.16907000
2026-07-23T10:00:00+00:00,BTC/USDT,1h,65638.92000000,65792.09000000,65589.69000000,65740.00000000,314.19369000
2026-07-23T11:00:00+00:00,BTC/USDT,1h,65740.00000000,65740.01000000,65540.93000000,65555.21000000,260.87827000
2026-07-23T12:00:00+00:00,BTC/USDT,1h,65555.21000000,65589.41000000,64988.05000000,65167.04000000,1080.21623000
2026-07-23T13:00:00+00:00,BTC/USDT,1h,65167.05000000,65221.29000000,64863.62000000,64880.00000000,1019.68548000
2026-07-23T14:00:00+00:00,BTC/USDT,1h,64880.00000000,65216.24000000,64822.13000000,64909.99000000,1122.58373000
2026-07-23T15:00:00+00:00,BTC/USDT,1h,64910.00000000,65023.68000000,64728.00000000,64958.36000000,1087.45523000
2026-07-23T16:00:00+00:00,BTC/USDT,1h,64958.37000000,64961.15000000,64704.57000000,64756.84000000,823.97347000
2026-07-23T17:00:00+00:00,BTC/USDT,1h,64756.84000000,64900.00000000,64650.00000000,64681.27000000,610.54166000
2026-07-23T18:00:00+00:00,BTC/USDT,1h,64681.26000000,64948.05000000,64680.00000000,64869.12000000,473.57506000
2026-07-23T19:00:00+00:00,BTC/USDT,1h,64869.13000000,64934.75000000,64686.56000000,64846.94000000,525.37224000
2026-07-23T20:00:00+00:00,BTC/USDT,1h,64846.93000000,65217.93000000,64834.52000000,65147.50000000,435.69297000
2026-07-23T21:00:00+00:00,BTC/USDT,1h,65147.50000000,65210.35000000,65014.00000000,65169.81000000,348.67820000
2026-07-23T22:00:00+00:00,BTC/USDT,1h,65169.82000000,65227.99000000,65013.94000000,65195.43000000,465.02672000
2026-07-23T23:00:00+00:00,BTC/USDT,1h,65195.43000000,65235.43000000,65052.01000000,65098.97000000,514.02333000
2026-07-24T00:00:00+00:00,BTC/USDT,1h,65098.98000000,65113.86000000,64762.18000000,64973.99000000,343.41298000
2026-07-24T01:00:00+00:00,BTC/USDT,1h,64974.00000000,65168.00000000,64944.37000000,65086.00000000,666.39562000
2026-07-24T02:00:00+00:00,BTC/USDT,1h,65086.00000000,65187.57000000,64925.45000000,65116.99000000,432.37390000
2026-07-24T03:00:00+00:00,BTC/USDT,1h,65116.99000000,65464.35000000,65078.00000000,65456.70000000,382.69980000
2026-07-24T04:00:00+00:00,BTC/USDT,1h,65456.70000000,65469.86000000,65272.26000000,65318.00000000,299.69580000
2026-07-24T05:00:00+00:00,BTC/USDT,1h,65318.01000000,65394.00000000,65248.00000000,65325.00000000,372.30415000
2026-07-24T06:00:00+00:00,BTC/USDT,1h,65325.01000000,65519.93000000,65278.07000000,65472.00000000,914.26438000
2026-07-24T07:00:00+00:00,BTC/USDT,1h,65472.00000000,65808.59000000,65320.69000000,65499.95000000,1219.60281000
2026-07-24T08:00:00+00:00,BTC/USDT,1h,65499.94000000,65508.17000000,65302.18000000,65302.18000000,306.26025000
2026-07-24T09:00:00+00:00,BTC/USDT,1h,65302.18000000,65314.66000000,64952.38000000,65113.13000000,478.93491000
2026-07-24T10:00:00+00:00,BTC/USDT,1h,65113.13000000,65157.99000000,64906.85000000,64950.00000000,716.12782000
2026-07-24T11:00:00+00:00,BTC/USDT,1h,64950.01000000,65099.99000000,64857.14000000,65083.43000000,751.17375000
2026-07-24T12:00:00+00:00,BTC/USDT,1h,65083.42000000,65133.99000000,64766.00000000,64780.01000000,507.45117000
2026-07-24T13:00:00+00:00,BTC/USDT,1h,64780.00000000,64802.00000000,63920.01000000,64155.46000000,2007.68582000
2026-07-24T14:00:00+00:00,BTC/USDT,1h,64155.47000000,64198.30000000,63739.75000000,64055.12000000,1591.08926000
2026-07-24T15:00:00+00:00,BTC/USDT,1h,64055.11000000,64333.33000000,63858.00000000,64093.85000000,1939.18979000
2026-07-24T16:00:00+00:00,BTC/USDT,1h,64093.86000000,64200.00000000,63881.46000000,63958.00000000,529.35925000
2026-07-24T17:00:00+00:00,BTC/USDT,1h,63958.01000000,64202.91000000,63905.51000000,64180.00000000,525.47557000
2026-07-24T18:00:00+00:00,BTC/USDT,1h,64180.00000000,64290.10000000,64129.75000000,64272.00000000,390.98725000
2026-07-24T19:00:00+00:00,BTC/USDT,1h,64272.01000000,64292.44000000,64141.18000000,64225.32000000,579.59462000
2026-07-24T20:00:00+00:00,BTC/USDT,1h,64225.32000000,64288.02000000,64128.89000000,64170.23000000,214.82759000
2026-07-24T21:00:00+00:00,BTC/USDT,1h,64170.24000000,64258.73000000,64122.29000000,64155.00000000,651.81342000
2026-07-24T22:00:00+00:00,BTC/USDT,1h,64155.00000000,64216.27000000,64121.86000000,64169.01000000,587.59798000
2026-07-24T23:00:00+00:00,BTC/USDT,1h,64169.01000000,64187.40000000,64134.71000000,64139.99000000,412.95391000
2026-07-25T00:00:00+00:00,BTC/USDT,1h,64140.00000000,64179.03000000,64033.18000000,64073.61000000,386.54772000
2026-07-25T01:00:00+00:00,BTC/USDT,1h,64073.61000000,64160.00000000,64006.55000000,64068.01000000,493.07694000
2026-07-25T02:00:00+00:00,BTC/USDT,1h,64068.00000000,64099.99000000,64017.87000000,64052.00000000,479.58839000
2026-07-25T03:00:00+00:00,BTC/USDT,1h,64052.01000000,64105.61000000,64016.65000000,64085.36000000,469.51581000
2026-07-25T04:00:00+00:00,BTC/USDT,1h,64085.36000000,64205.67000000,64085.15000000,64181.46000000,171.38031000
2026-07-25T05:00:00+00:00,BTC/USDT,1h,64181.45000000,64199.76000000,63980.01000000,64024.00000000,245.62438000
2026-07-25T06:00:00+00:00,BTC/USDT,1h,64024.00000000,64063.37000000,63964.57000000,64010.00000000,248.54758000
2026-07-25T07:00:00+00:00,BTC/USDT,1h,64010.00000000,64038.52000000,64000.00000000,64003.20000000,408.36611000
2026-07-25T08:00:00+00:00,BTC/USDT,1h,64003.20000000,64010.01000000,63810.00000000,63876.06000000,507.52898000
2026-07-25T09:00:00+00:00,BTC/USDT,1h,63876.07000000,64024.72000000,63830.00000000,63999.99000000,1813.61210000
2026-07-25T10:00:00+00:00,BTC/USDT,1h,64000.00000000,64070.00000000,63996.00000000,64070.00000000,200.57959000
2026-07-25T11:00:00+00:00,BTC/USDT,1h,64069.99000000,64113.00000000,64047.09000000,64064.01000000,226.46632000
2026-07-25T12:00:00+00:00,BTC/USDT,1h,64064.01000000,64123.80000000,64043.00000000,64123.80000000,179.41020000
2026-07-25T13:00:00+00:00,BTC/USDT,1h,64123.80000000,64267.78000000,64106.74000000,64172.00000000,285.46591000
2026-07-25T14:00:00+00:00,BTC/USDT,1h,64172.01000000,64217.09000000,64126.00000000,64214.04000000,270.20323000
2026-07-25T15:00:00+00:00,BTC/USDT,1h,64214.05000000,64272.00000000,64169.99000000,64182.00000000,193.98029000
2026-07-25T16:00:00+00:00,BTC/USDT,1h,64182.01000000,64241.71000000,64123.00000000,64206.60000000,126.61028000
2026-07-25T17:00:00+00:00,BTC/USDT,1h,64206.61000000,64356.00000000,64194.37000000,64267.40000000,187.81706000
2026-07-25T18:00:00+00:00,BTC/USDT,1h,64267.41000000,64475.28000000,64267.41000000,64415.99000000,314.52068000
2026-07-25T19:00:00+00:00,BTC/USDT,1h,64415.99000000,64438.12000000,64388.38000000,64388.38000000,219.49730000
2026-07-25T20:00:00+00:00,BTC/USDT,1h,64388.39000000,64392.74000000,64313.00000000,64339.75000000,213.90166000
2026-07-25T21:00:00+00:00,BTC/USDT,1h,64339.75000000,64430.00000000,64263.03000000,64344.02000000,177.06463000
2026-07-25T22:00:00+00:00,BTC/USDT,1h,64344.02000000,64426.00000000,64344.01000000,64412.00000000,625.93723000
2026-07-25T23:00:00+00:00,BTC/USDT,1h,64412.01000000,64429.38000000,64363.00000000,64375.00000000,417.80760000
2026-07-26T00:00:00+00:00,BTC/USDT,1h,64375.01000000,64507.00000000,64350.00000000,64506.99000000,256.73658000
2026-07-26T01:00:00+00:00,BTC/USDT,1h,64506.99000000,64541.66000000,64456.67000000,64462.00000000,277.18148000
2026-07-26T02:00:00+00:00,BTC/USDT,1h,64462.00000000,64527.59000000,64427.59000000,64527.56000000,117.02260000
2026-07-26T03:00:00+00:00,BTC/USDT,1h,64527.57000000,64582.00000000,64488.73000000,64557.00000000,304.96319000
2026-07-26T04:00:00+00:00,BTC/USDT,1h,64557.00000000,64599.95000000,64491.73000000,64530.06000000,425.16453000
2026-07-26T05:00:00+00:00,BTC/USDT,1h,64530.06000000,64530.07000000,64403.95000000,64417.69000000,131.14508000
2026-07-26T06:00:00+00:00,BTC/USDT,1h,64417.68000000,64457.55000000,64293.81000000,64438.00000000,408.23581000
2026-07-26T07:00:00+00:00,BTC/USDT,1h,64438.01000000,64460.00000000,64341.99000000,64370.00000000,273.49735000
2026-07-26T08:00:00+00:00,BTC/USDT,1h,64370.00000000,64493.99000000,64353.00000000,64480.01000000,204.14991000
2026-07-26T09:00:00+00:00,BTC/USDT,1h,64480.02000000,64549.02000000,64478.38000000,64538.00000000,164.82486000
2026-07-26T10:00:00+00:00,BTC/USDT,1h,64538.01000000,64573.73000000,64497.62000000,64515.40000000,137.04740000
2026-07-26T11:00:00+00:00,BTC/USDT,1h,64515.39000000,64535.99000000,64495.17000000,64507.35000000,174.84399000
2026-07-26T12:00:00+00:00,BTC/USDT,1h,64507.36000000,64662.99000000,64434.00000000,64466.67000000,319.29329000
2026-07-26T13:00:00+00:00,BTC/USDT,1h,64466.68000000,64571.42000000,64414.00000000,64518.00000000,319.15410000
2026-07-26T14:00:00+00:00,BTC/USDT,1h,64517.99000000,64768.23000000,64517.99000000,64712.99000000,504.24215000
2026-07-26T15:00:00+00:00,BTC/USDT,1h,64713.00000000,64827.00000000,64673.42000000,64768.00000000,313.86895000
2026-07-26T16:00:00+00:00,BTC/USDT,1h,64768.00000000,64940.51000000,64703.23000000,64734.17000000,420.05042000
2026-07-26T17:00:00+00:00,BTC/USDT,1h,64734.17000000,64794.45000000,64668.91000000,64697.20000000,347.81315000
2026-07-26T18:00:00+00:00,BTC/USDT,1h,64697.21000000,64769.99000000,64668.91000000,64734.38000000,114.76281000
2026-07-26T19:00:00+00:00,BTC/USDT,1h,64734.39000000,64753.00000000,64671.91000000,64695.52000000,369.55718000
2026-07-26T20:00:00+00:00,BTC/USDT,1h,64695.52000000,64703.36000000,64631.57000000,64649.04000000,120.01782000
2026-07-26T21:00:00+00:00,BTC/USDT,1h,64649.04000000,64924.00000000,64649.03000000,64858.02000000,268.26505000
2026-07-26T22:00:00+00:00,BTC/USDT,1h,64858.03000000,65502.60000000,64858.03000000,65412.68000000,1331.07392000
2026-07-26T23:00:00+00:00,BTC/USDT,1h,65412.69000000,65577.00000000,65273.76000000,65399.99000000,630.14927000
2026-07-27T00:00:00+00:00,BTC/USDT,1h,65400.00000000,65418.81000000,65065.46000000,65131.95000000,465.77387000
2026-07-27T01:00:00+00:00,BTC/USDT,1h,65131.96000000,65225.75000000,64892.03000000,65206.21000000,478.78723000
2026-07-27T02:00:00+00:00,BTC/USDT,1h,65206.21000000,65281.64000000,65118.08000000,65172.00000000,475.81825000
2026-07-27T03:00:00+00:00,BTC/USDT,1h,65172.02000000,65367.73000000,65161.99000000,65284.00000000,519.18282000
2026-07-27T04:00:00+00:00,BTC/USDT,1h,65284.00000000,65500.00000000,65242.69000000,65282.80000000,331.55981000
2026-07-27T05:00:00+00:00,BTC/USDT,1h,65282.81000000,65493.38000000,65282.80000000,65468.38000000,284.79372000
2026-07-27T06:00:00+00:00,BTC/USDT,1h,65468.38000000,65744.60000000,65404.90000000,65416.76000000,867.34730000
2026-07-27T07:00:00+00:00,BTC/USDT,1h,65416.77000000,65447.02000000,65217.16000000,65221.99000000,1066.09119000
2026-07-27T08:00:00+00:00,BTC/USDT,1h,65221.99000000,65258.00000000,65128.85000000,65162.98000000,724.97518000
2026-07-27T09:00:00+00:00,BTC/USDT,1h,65162.98000000,65348.17000000,65100.00000000,65262.17000000,1478.16072000
2026-07-27T10:00:00+00:00,BTC/USDT,1h,65262.18000000,65432.00000000,65230.01000000,65333.35000000,412.29993000
2026-07-27T11:00:00+00:00,BTC/USDT,1h,65333.35000000,65333.36000000,65092.00000000,65100.79000000,287.15002000
2026-07-27T12:00:00+00:00,BTC/USDT,1h,65100.79000000,65255.76000000,64836.00000000,65086.00000000,587.73231000
2026-07-27T13:00:00+00:00,BTC/USDT,1h,65086.00000000,65718.00000000,64913.12000000,65217.37000000,1076.54142000
2026-07-27T14:00:00+00:00,BTC/USDT,1h,65217.38000000,65431.90000000,64459.82000000,64687.45000000,1132.47674000
2026-07-27T15:00:00+00:00,BTC/USDT,1h,64687.45000000,64776.00000000,64418.01000000,64554.01000000,596.28993000
2026-07-27T16:00:00+00:00,BTC/USDT,1h,64554.00000000,64970.93000000,64517.78000000,64898.52000000,473.37301000
2026-07-27T17:00:00+00:00,BTC/USDT,1h,64898.53000000,65090.00000000,64794.37000000,65019.81000000,404.49207000
2026-07-27T18:00:00+00:00,BTC/USDT,1h,65019.81000000,65058.32000000,64755.67000000,64878.00000000,323.26344000
2026-07-27T19:00:00+00:00,BTC/USDT,1h,64878.00000000,65078.00000000,64810.90000000,64984.00000000,291.82434000
2026-07-27T20:00:00+00:00,BTC/USDT,1h,64983.99000000,65056.00000000,64908.01000000,64960.65000000,197.69959000
2026-07-27T21:00:00+00:00,BTC/USDT,1h,64960.64000000,64960.65000000,64790.28000000,64821.25000000,238.07403000
2026-07-27T22:00:00+00:00,BTC/USDT,1h,64821.26000000,64821.26000000,63792.00000000,63792.00000000,1130.54656000
2026-07-27T23:00:00+00:00,BTC/USDT,1h,63792.01000000,63940.27000000,63605.56000000,63755.86000000,947.65195000
2026-07-28T00:00:00+00:00,BTC/USDT,1h,63755.86000000,63827.49000000,63469.30000000,63487.88000000,711.04544000
2026-07-28T01:00:00+00:00,BTC/USDT,1h,63487.88000000,63529.89000000,63059.39000000,63230.83000000,1245.20979000
2026-07-28T02:00:00+00:00,BTC/USDT,1h,63230.82000000,63305.94000000,63108.00000000,63185.59000000,429.21894000
2026-07-28T03:00:00+00:00,BTC/USDT,1h,63185.59000000,63375.39000000,63168.01000000,63343.83000000,728.50056000
2026-07-28T04:00:00+00:00,BTC/USDT,1h,63343.82000000,63361.85000000,63221.26000000,63350.95000000,343.17382000
2026-07-28T05:00:00+00:00,BTC/USDT,1h,63350.95000000,63623.50000000,63323.09000000,63451.61000000,390.51839000
2026-07-28T06:00:00+00:00,BTC/USDT,1h,63451.62000000,63660.72000000,63395.13000000,63640.63000000,460.72288000
2026-07-28T07:00:00+00:00,BTC/USDT,1h,63640.63000000,63668.71000000,63455.58000000,63505.99000000,985.98530000
2026-07-28T08:00:00+00:00,BTC/USDT,1h,63506.00000000,63546.36000000,63406.11000000,63428.08000000,281.48766000
2026-07-28T09:00:00+00:00,BTC/USDT,1h,63428.07000000,63581.33000000,63368.81000000,63393.99000000,315.43759000
2026-07-28T10:00:00+00:00,BTC/USDT,1h,63393.99000000,63555.18000000,63294.00000000,63473.47000000,416.03570000
2026-07-28T11:00:00+00:00,BTC/USDT,1h,63473.48000000,63593.00000000,63352.00000000,63450.00000000,405.45329000
2026-07-28T12:00:00+00:00,BTC/USDT,1h,63449.99000000,63570.00000000,63364.96000000,63546.65000000,440.98415000
2026-07-28T13:00:00+00:00,BTC/USDT,1h,63546.65000000,63588.00000000,62742.47000000,63104.00000000,1615.91422000
2026-07-28T14:00:00+00:00,BTC/USDT,1h,63104.00000000,63550.00000000,62965.38000000,63412.45000000,868.98588000
2026-07-28T15:00:00+00:00,BTC/USDT,1h,63412.45000000,64026.62000000,63269.28000000,63928.47000000,945.11572000
2026-07-28T16:00:00+00:00,BTC/USDT,1h,63928.46000000,64100.00000000,63773.65000000,64043.26000000,517.94749000
2026-07-28T17:00:00+00:00,BTC/USDT,1h,64043.27000000,64043.27000000,63504.00000000,63685.88000000,527.24876000
2026-07-28T18:00:00+00:00,BTC/USDT,1h,63685.88000000,63849.09000000,63672.26000000,63734.49000000,311.51290000
2026-07-28T19:00:00+00:00,BTC/USDT,1h,63734.49000000,63904.00000000,63675.93000000,63904.00000000,333.27009000
2026-07-28T20:00:00+00:00,BTC/USDT,1h,63904.00000000,64018.39000000,63880.00000000,63917.55000000,300.22119000
2026-07-28T21:00:00+00:00,BTC/USDT,1h,63917.55000000,64073.30000000,63892.00000000,63972.44000000,227.23863000
2026-07-28T22:00:00+00:00,BTC/USDT,1h,63972.44000000,64020.76000000,63768.47000000,63783.71000000,319.67019000
2026-07-28T23:00:00+00:00,BTC/USDT,1h,63783.72000000,63956.40000000,63562.00000000,63915.00000000,768.93138000
2026-07-29T00:00:00+00:00,BTC/USDT,1h,63915.00000000,64200.00000000,63873.54000000,63953.99000000,862.01004000
2026-07-29T01:00:00+00:00,BTC/USDT,1h,63954.00000000,63999.00000000,63690.00000000,63705.06000000,643.74129000
2026-07-29T02:00:00+00:00,BTC/USDT,1h,63705.07000000,64132.42000000,63658.00000000,63979.96000000,459.75103000
2026-07-29T03:00:00+00:00,BTC/USDT,1h,63979.96000000,64002.00000000,63710.00000000,63753.03000000,381.54189000
2026-07-29T04:00:00+00:00,BTC/USDT,1h,63753.04000000,63970.92000000,63598.00000000,63968.34000000,635.48596000
2026-07-29T05:00:00+00:00,BTC/USDT,1h,63968.34000000,64094.20000000,63890.07000000,64067.32000000,612.17163000
2026-07-29T06:00:00+00:00,BTC/USDT,1h,64067.32000000,64471.00000000,64026.64000000,64435.62000000,959.62083000
2026-07-29T07:00:00+00:00,BTC/USDT,1h,64435.63000000,64575.99000000,64402.67000000,64561.00000000,512.31101000
2026-07-29T08:00:00+00:00,BTC/USDT,1h,64561.01000000,64588.00000000,64283.83000000,64417.31000000,442.88681000
2026-07-29T09:00:00+00:00,BTC/USDT,1h,64417.31000000,64744.81000000,64386.94000000,64698.00000000,689.93306000
2026-07-29T10:00:00+00:00,BTC/USDT,1h,64698.01000000,64718.00000000,64410.24000000,64469.83000000,337.46395000
2026-07-29T11:00:00+00:00,BTC/USDT,1h,64469.84000000,64591.73000000,64422.50000000,64507.54000000,317.77588000
2026-07-29T12:00:00+00:00,BTC/USDT,1h,64507.53000000,64507.54000000,64215.93000000,64276.81000000,475.51580000
2026-07-29T13:00:00+00:00,BTC/USDT,1h,64276.82000000,64667.18000000,64139.68000000,64664.70000000,795.56970000
2026-07-29T14:00:00+00:00,BTC/USDT,1h,64664.69000000,64718.87000000,64047.71000000,64108.01000000,736.50705000
2026-07-29T15:00:00+00:00,BTC/USDT,1h,64108.01000000,64195.00000000,63886.00000000,63964.01000000,727.70384000
2026-07-29T16:00:00+00:00,BTC/USDT,1h,63964.01000000,64146.53000000,63624.15000000,63808.33000000,758.02868000
2026-07-29T17:00:00+00:00,BTC/USDT,1h,63808.33000000,64286.71000000,63709.19000000,64269.83000000,486.13508000
2026-07-29T18:00:00+00:00,BTC/USDT,1h,64269.83000000,64648.79000000,63758.00000000,64501.52000000,1896.70634000
2026-07-29T19:00:00+00:00,BTC/USDT,1h,64501.52000000,64600.00000000,63511.00000000,63589.46000000,1453.05091000
2026-07-29T20:00:00+00:00,BTC/USDT,1h,63589.46000000,63746.42000000,63378.09000000,63522.01000000,788.59239000
2026-07-29T21:00:00+00:00,BTC/USDT,1h,63522.01000000,63860.00000000,63267.34000000,63860.00000000,771.02443000
2026-07-29T22:00:00+00:00,BTC/USDT,1h,63860.00000000,64131.44000000,63859.99000000,63942.50000000,704.70887000
2026-07-29T23:00:00+00:00,BTC/USDT,1h,63942.50000000,64067.12000000,63899.00000000,63984.28000000,331.88265000
2026-07-30T00:00:00+00:00,BTC/USDT,1h,63984.29000000,64125.61000000,63603.92000000,63696.72000000,649.94769000
2026-07-30T01:00:00+00:00,BTC/USDT,1h,63696.73000000,64370.00000000,63690.00000000,64266.00000000,686.07285000
2026-07-30T02:00:00+00:00,BTC/USDT,1h,64266.01000000,64411.76000000,64159.63000000,64189.99000000,575.17340000
2026-07-30T03:00:00+00:00,BTC/USDT,1h,64190.00000000,64300.91000000,64133.99000000,64161.98000000,422.82640000
2026-07-30T04:00:00+00:00,BTC/USDT,1h,64161.98000000,64180.00000000,64008.50000000,64023.99000000,927.45873000
2026-07-30T05:00:00+00:00,BTC/USDT,1h,64024.00000000,64182.00000000,63907.85000000,64033.89000000,766.12333000
2026-07-30T06:00:00+00:00,BTC/USDT,1h,64033.90000000,64080.00000000,63957.20000000,64002.00000000,642.99866000
2026-07-30T07:00:00+00:00,BTC/USDT,1h,64001.99000000,64144.06000000,63943.29000000,64026.00000000,710.04842000
2026-07-30T08:00:00+00:00,BTC/USDT,1h,64026.00000000,64358.99000000,63980.54000000,64308.01000000,1143.21426000
2026-07-30T09:00:00+00:00,BTC/USDT,1h,64308.01000000,64641.37000000,64283.80000000,64567.56000000,2560.14823000
2026-07-30T10:00:00+00:00,BTC/USDT,1h,64567.55000000,64631.99000000,64562.00000000,64570.72000000,459.04462000
2026-07-30T11:00:00+00:00,BTC/USDT,1h,64570.72000000,64885.18000000,64542.73000000,64788.00000000,630.38864000
2026-07-30T12:00:00+00:00,BTC/USDT,1h,64788.01000000,65043.94000000,64788.00000000,64925.00000000,819.62205000
2026-07-30T13:00:00+00:00,BTC/USDT,1h,64925.00000000,65176.60000000,64689.02000000,65022.01000000,1173.19736000
2026-07-30T14:00:00+00:00,BTC/USDT,1h,65022.00000000,65042.00000000,64620.00000000,64683.97000000,1065.79722000
2026-07-30T15:00:00+00:00,BTC/USDT,1h,64683.97000000,64888.00000000,64607.31000000,64730.30000000,678.51535000
2026-07-30T16:00:00+00:00,BTC/USDT,1h,64730.29000000,64963.64000000,64729.56000000,64818.01000000,615.24584000
2026-07-30T17:00:00+00:00,BTC/USDT,1h,64818.01000000,64988.00000000,64772.00000000,64872.00000000,452.46770000
2026-07-30T18:00:00+00:00,BTC/USDT,1h,64871.99000000,64899.80000000,64688.00000000,64702.80000000,263.98820000
2026-07-30T19:00:00+00:00,BTC/USDT,1h,64702.80000000,64904.00000000,64702.79000000,64800.00000000,356.88836000
2026-07-30T20:00:00+00:00,BTC/USDT,1h,64800.00000000,64936.00000000,64752.12000000,64777.37000000,330.42092000
2026-07-30T21:00:00+00:00,BTC/USDT,1h,64777.38000000,64802.48000000,64700.34000000,64735.53000000,227.76045000
2026-07-30T22:00:00+00:00,BTC/USDT,1h,64735.53000000,65029.29000000,64668.91000000,64851.16000000,482.45748000
2026-07-30T23:00:00+00:00,BTC/USDT,1h,64851.16000000,65086.40000000,64740.00000000,64780.02000000,491.77870000
2026-07-31T00:00:00+00:00,BTC/USDT,1h,64780.03000000,64901.55000000,64690.29000000,64724.91000000,660.43090000
2026-07-31T01:00:00+00:00,BTC/USDT,1h,64724.92000000,65409.56000000,64480.44000000,64564.01000000,1217.00276000
2026-07-31T02:00:00+00:00,BTC/USDT,1h,64564.00000000,64614.00000000,64203.58000000,64297.79000000,855.65776000
2026-07-31T03:00:00+00:00,BTC/USDT,1h,64297.79000000,64439.81000000,64172.00000000,64370.00000000,548.04563000
2026-07-31T04:00:00+00:00,BTC/USDT,1h,64370.00000000,64438.00000000,64236.00000000,64300.00000000,391.13431000
2026-07-31T05:00:00+00:00,BTC/USDT,1h,64299.99000000,64421.68000000,64268.47000000,64363.06000000,529.40293000
2026-07-31T06:00:00+00:00,BTC/USDT,1h,64363.06000000,64496.64000000,64196.08000000,64231.97000000,503.77566000
2026-07-31T07:00:00+00:00,BTC/USDT,1h,64231.97000000,64245.57000000,63878.11000000,63950.01000000,3088.95651000
2026-07-31T08:00:00+00:00,BTC/USDT,1h,63950.01000000,63987.36000000,63784.67000000,63834.01000000,734.18718000
2026-07-31T09:00:00+00:00,BTC/USDT,1h,63834.01000000,63847.13000000,63638.18000000,63715.90000000,562.33026000
2026-07-31T10:00:00+00:00,BTC/USDT,1h,63715.91000000,63951.77000000,63610.00000000,63918.67000000,422.39058000
2026-07-31T11:00:00+00:00,BTC/USDT,1h,63918.68000000,64011.99000000,63792.01000000,63805.51000000,287.14604000
2026-07-31T12:00:00+00:00,BTC/USDT,1h,63805.50000000,63830.62000000,63627.66000000,63754.01000000,516.25828000
2026-07-31T13:00:00+00:00,BTC/USDT,1h,63754.01000000,63849.19000000,63241.71000000,63270.73000000,1511.53534000
2026-07-31T14:00:00+00:00,BTC/USDT,1h,63270.72000000,63310.00000000,62466.00000000,62682.06000000,3628.40429000
2026-07-31T15:00:00+00:00,BTC/USDT,1h,62682.05000000,62769.36000000,62490.24000000,62716.57000000,965.95557000
2026-07-31T16:00:00+00:00,BTC/USDT,1h,62716.57000000,62931.79000000,62709.01000000,62870.88000000,857.24803000
2026-07-31T17:00:00+00:00,BTC/USDT,1h,62870.87000000,63301.68000000,62800.00000000,63245.44000000,856.72938000
2026-07-31T18:00:00+00:00,BTC/USDT,1h,63245.44000000,63302.00000000,62966.00000000,63097.57000000,753.45664000
2026-07-31T19:00:00+00:00,BTC/USDT,1h,63097.57000000,63158.00000000,62936.29000000,62972.00000000,304.88916000
2026-07-31T20:00:00+00:00,BTC/USDT,1h,62972.00000000,63034.00000000,62928.35000000,62953.70000000,318.42027000
2026-07-31T21:00:00+00:00,BTC/USDT,1h,62953.70000000,63062.47000000,62846.00000000,62947.78000000,334.75985000
2026-07-31T22:00:00+00:00,BTC/USDT,1h,62947.77000000,63020.00000000,62870.01000000,62950.00000000,440.99494000
2026-07-31T23:00:00+00:00,BTC/USDT,1h,62950.01000000,63013.52000000,62860.64000000,62887.88000000,186.49459000
2026-08-01T00:00:00+00:00,BTC/USDT,1h,62887.88000000,63024.04000000,62887.87000000,62938.01000000,517.26897000
2026-08-01T01:00:00+00:00,BTC/USDT,1h,62938.01000000,62990.00000000,62923.47000000,62975.01000000,386.71985000
2026-08-01T02:00:00+00:00,BTC/USDT,1h,62975.00000000,63106.55000000,62975.00000000,63075.07000000,348.67082000
2026-08-01T03:00:00+00:00,BTC/USDT,1h,63075.08000000,63075.08000000,62970.65000000,63004.48000000,388.95582000
2026-08-01T04:00:00+00:00,BTC/USDT,1h,63004.47000000,63115.37000000,62993.20000000,63115.01000000,223.92941000
2026-08-01T05:00:00+00:00,BTC/USDT,1h,63115.00000000,63142.85000000,63000.85000000,63020.00000000,458.27671000
2026-08-01T06:00:00+00:00,BTC/USDT,1h,63020.00000000,63086.65000000,62992.82000000,63080.64000000,434.87477000
2026-08-01T07:00:00+00:00,BTC/USDT,1h,63080.65000000,63110.89000000,63034.00000000,63050.46000000,150.69173000
2026-08-01T08:00:00+00:00,BTC/USDT,1h,63050.45000000,63150.00000000,63050.45000000,63126.25000000,106.02817000
2026-08-01T09:00:00+00:00,BTC/USDT,1h,63126.25000000,63139.54000000,63046.33000000,63053.17000000,228.45152000
2026-08-01T10:00:00+00:00,BTC/USDT,1h,63053.17000000,63111.09000000,62986.31000000,63056.00000000,321.04349000
2026-08-01T11:00:00+00:00,BTC/USDT,1h,63055.99000000,63091.97000000,63037.72000000,63076.00000000,179.08594000
2026-08-01T12:00:00+00:00,BTC/USDT,1h,63076.00000000,63119.40000000,63076.00000000,63103.68000000,320.18632000
2026-08-01T13:00:00+00:00,BTC/USDT,1h,63103.68000000,63106.83000000,63051.00000000,63069.32000000,187.46878000
2026-08-01T14:00:00+00:00,BTC/USDT,1h,63069.31000000,63127.07000000,63069.31000000,63126.52000000,385.79335000
2026-08-01T15:00:00+00:00,BTC/USDT,1h,63126.53000000,63126.53000000,63007.05000000,63007.06000000,164.42533000
2026-08-01T16:00:00+00:00,BTC/USDT,1h,63007.06000000,63027.65000000,62874.00000000,62932.32000000,327.87182000
2026-08-01T17:00:00+00:00,BTC/USDT,1h,62932.32000000,62996.00000000,62666.00000000,62708.07000000,359.17517000
2026-08-01T18:00:00+00:00,BTC/USDT,1h,62708.06000000,62734.00000000,62275.00000000,62580.56000000,931.42897000
2026-08-01T19:00:00+00:00,BTC/USDT,1h,62580.55000000,62624.00000000,62461.17000000,62529.82000000,312.52626000
2026-08-01T20:00:00+00:00,BTC/USDT,1h,62529.81000000,62674.98000000,62482.99000000,62662.13000000,183.46966000
2026-08-01T21:00:00+00:00,BTC/USDT,1h,62662.14000000,62864.00000000,62662.13000000,62812.75000000,229.38386000
2026-08-01T22:00:00+00:00,BTC/USDT,1h,62812.76000000,62866.62000000,62794.17000000,62831.28000000,129.54917000
2026-08-01T23:00:00+00:00,BTC/USDT,1h,62831.29000000,62862.80000000,62769.97000000,62823.64000000,287.81315000
2026-08-02T00:00:00+00:00,BTC/USDT,1h,62823.65000000,62979.99000000,62806.58000000,62833.99000000,397.27424000
2026-08-02T01:00:00+00:00,BTC/USDT,1h,62834.00000000,63088.00000000,62834.00000000,62981.87000000,215.77694000
2026-08-02T02:00:00+00:00,BTC/USDT,1h,62981.87000000,63547.70000000,62958.54000000,63451.58000000,1068.41906000
2026-08-02T03:00:00+00:00,BTC/USDT,1h,63451.58000000,63550.00000000,63380.00000000,63461.95000000,388.55462000
2026-08-02T04:00:00+00:00,BTC/USDT,1h,63461.95000000,63612.00000000,63461.95000000,63590.00000000,302.37117000
2026-08-02T05:00:00+00:00,BTC/USDT,1h,63590.00000000,63634.00000000,63415.26000000,63453.27000000,261.31562000
2026-08-02T06:00:00+00:00,BTC/USDT,1h,63453.27000000,63498.15000000,63435.99000000,63482.49000000,160.39885000
2026-08-02T07:00:00+00:00,BTC/USDT,1h,63482.49000000,63544.51000000,63480.00000000,63506.24000000,412.11258000
2026-08-02T08:00:00+00:00,BTC/USDT,1h,63506.23000000,63530.00000000,63172.00000000,63193.99000000,542.79786000
2026-08-02T09:00:00+00:00,BTC/USDT,1h,63194.00000000,63320.00000000,63094.00000000,63273.94000000,277.11141000
2026-08-02T10:00:00+00:00,BTC/USDT,1h,63273.94000000,63273.94000000,63125.06000000,63205.03000000,200.27510000
2026-08-02T11:00:00+00:00,BTC/USDT,1h,63205.03000000,63206.00000000,62982.38000000,63031.99000000,373.06149000
2026-08-02T12:00:00+00:00,BTC/USDT,1h,63031.99000000,63231.67000000,63031.99000000,63125.49000000,247.99863000
2026-08-02T13:00:00+00:00,BTC/USDT,1h,63125.49000000,63146.89000000,63010.00000000,63126.92000000,262.12825000
2026-08-02T14:00:00+00:00,BTC/USDT,1h,63126.92000000,63186.00000000,63062.00000000,63069.37000000,314.22912000
2026-08-02T15:00:00+00:00,BTC/USDT,1h,63069.37000000,63186.00000000,63050.00000000,63109.14000000,191.05332000
2026-08-02T16:00:00+00:00,BTC/USDT,1h,63109.13000000,63273.49000000,63064.01000000,63180.36000000,267.96361000
2026-08-02T17:00:00+00:00,BTC/USDT,1h,63180.36000000,63342.00000000,63152.00000000,63300.28000000,318.39177000
2026-08-02T18:00:00+00:00,BTC/USDT,1h,63300.00000000,63610.01000000,63290.00000000,63382.01000000,518.81545000
2026-08-02T19:00:00+00:00,BTC/USDT,1h,63382.01000000,63479.85000000,63323.89000000,63456.01000000,247.35839000
2026-08-02T20:00:00+00:00,BTC/USDT,1h,63456.00000000,63501.48000000,63404.69000000,63494.52000000,140.51262000
2026-08-02T21:00:00+00:00,BTC/USDT,1h,63494.51000000,63785.00000000,63479.45000000,63578.00000000,457.27756000
2026-08-02T22:00:00+00:00,BTC/USDT,1h,63578.01000000,63796.33000000,63376.71000000,63424.58000000,484.14090000
2026-08-02T23:00:00+00:00,BTC/USDT,1h,63424.58000000,63596.00000000,63344.00000000,63570.00000000,337.67298000
2026-08-03T00:00:00+00:00,BTC/USDT,1h,63570.01000000,63596.00000000,63208.30000000,63317.60000000,357.32342000
2026-08-03T01:00:00+00:00,BTC/USDT,1h,63317.61000000,63350.00000000,63111.10000000,63212.16000000,372.31318000
2026-08-03T02:00:00+00:00,BTC/USDT,1h,63212.16000000,63286.00000000,63100.00000000,63141.40000000,334.18959000
2026-08-03T03:00:00+00:00,BTC/USDT,1h,63141.39000000,63168.44000000,62786.04000000,62870.49000000,516.46423000
2026-08-03T04:00:00+00:00,BTC/USDT,1h,62870.48000000,63001.77000000,62770.37000000,62790.00000000,320.41763000
2026-08-03T05:00:00+00:00,BTC/USDT,1h,62790.00000000,62875.02000000,62751.30000000,62827.17000000,546.69206000
2026-08-03T06:00:00+00:00,BTC/USDT,1h,62827.17000000,62872.58000000,62613.00000000,62623.60000000,396.31841000
2026-08-03T07:00:00+00:00,BTC/USDT,1h,62623.60000000,62700.00000000,62552.04000000,62621.10000000,1264.72827000
2026-08-03T08:00:00+00:00,BTC/USDT,1h,62621.10000000,62647.69000000,62300.00000000,62541.50000000,657.33122000
2026-08-03T09:00:00+00:00,BTC/USDT,1h,62541.50000000,62863.10000000,62520.00000000,62837.40000000,585.41075000
2026-08-03T10:00:00+00:00,BTC/USDT,1h,62837.40000000,62860.00000000,62615.11000000,62742.01000000,443.80935000
2026-08-03T11:00:00+00:00,BTC/USDT,1h,62742.01000000,62778.92000000,62540.95000000,62560.01000000,282.26451000
2026-08-03T12:00:00+00:00,BTC/USDT,1h,62560.01000000,62799.30000000,62445.26000000,62700.00000000,437.23263000
2026-08-03T13:00:00+00:00,BTC/USDT,1h,62700.01000000,63390.00000000,62562.42000000,63351.09000000,1121.39133000
2026-08-03T14:00:00+00:00,BTC/USDT,1h,63351.09000000,63992.71000000,63136.00000000,63967.19000000,2387.82383000
2026-08-03T15:00:00+00:00,BTC/USDT,1h,63967.19000000,63989.75000000,63646.59000000,63694.91000000,1368.53804000
2026-08-03T16:00:00+00:00,BTC/USDT,1h,63694.90000000,63939.99000000,63664.00000000,63776.46000000,800.07950000
2026-08-03T17:00:00+00:00,BTC/USDT,1h,63776.46000000,64059.75000000,63714.55000000,63906.00000000,628.10660000
2026-08-03T18:00:00+00:00,BTC/USDT,1h,63905.99000000,64000.00000000,63768.00000000,63870.87000000,368.04477000
2026-08-03T19:00:00+00:00,BTC/USDT,1h,63870.87000000,64080.00000000,63846.00000000,63869.38000000,545.18183000
2026-08-03T20:00:00+00:00,BTC/USDT,1h,63869.38000000,64023.61000000,63769.92000000,63775.43000000,498.99360000
2026-08-03T21:00:00+00:00,BTC/USDT,1h,63775.43000000,63791.98000000,63548.00000000,63590.15000000,427.95014000
2026-08-03T22:00:00+00:00,BTC/USDT,1h,63590.15000000,63680.00000000,63392.01000000,63618.00000000,422.48287000
2026-08-03T23:00:00+00:00,BTC/USDT,1h,63618.01000000,63621.35000000,63465.43000000,63520.00000000,460.20967000
2026-08-04T00:00:00+00:00,BTC/USDT,1h,63520.00000000,63585.09000000,63322.01000000,63361.99000000,536.23408000
2026-08-04T01:00:00+00:00,BTC/USDT,1h,63362.00000000,63927.99000000,63361.99000000,63847.93000000,808.63269000
2026-08-04T02:00:00+00:00,BTC/USDT,1h,63847.92000000,63972.00000000,63686.44000000,63822.44000000,596.20908000
2026-08-04T03:00:00+00:00,BTC/USDT,1h,63822.45000000,63860.00000000,63649.00000000,63800.01000000,343.13285000
2026-08-04T04:00:00+00:00,BTC/USDT,1h,63800.01000000,64243.81000000,63762.00000000,64029.00000000,795.09044000
2026-08-04T05:00:00+00:00,BTC/USDT,1h,64029.01000000,64056.00000000,63788.23000000,63818.48000000,306.74636000
2026-08-04T06:00:00+00:00,BTC/USDT,1h,63818.47000000,63859.71000000,63654.16000000,63670.00000000,321.82249000
2026-08-04T07:00:00+00:00,BTC/USDT,1h,63670.00000000,63763.63000000,63506.78000000,63685.74000000,779.79552000
2026-08-04T08:00:00+00:00,BTC/USDT,1h,63685.73000000,63748.22000000,63564.99000000,63588.94000000,412.14854000
2026-08-04T09:00:00+00:00,BTC/USDT,1h,63589.04000000,63610.00000000,63516.43000000,63603.73000000,356.68509000
2026-08-04T10:00:00+00:00,BTC/USDT,1h,63603.73000000,63842.00000000,63451.80000000,63764.00000000,613.83340000
2026-08-04T11:00:00+00:00,BTC/USDT,1h,63763.99000000,63950.00000000,63712.00000000,63926.00000000,457.77198000
2026-08-04T12:00:00+00:00,BTC/USDT,1h,63926.00000000,64062.46000000,63788.00000000,63906.41000000,546.54537000
2026-08-04T13:00:00+00:00,BTC/USDT,1h,63906.41000000,64097.74000000,63656.00000000,63683.94000000,1052.90355000
2026-08-04T14:00:00+00:00,BTC/USDT,1h,63683.95000000,64193.54000000,63615.38000000,64128.72000000,879.92592000
2026-08-04T15:00:00+00:00,BTC/USDT,1h,64128.73000000,64238.00000000,63814.29000000,64125.14000000,876.11780000
2026-08-04T16:00:00+00:00,BTC/USDT,1h,64125.14000000,64130.00000000,63897.22000000,63950.93000000,546.40306000
2026-08-04T17:00:00+00:00,BTC/USDT,1h,63950.94000000,64184.00000000,63892.00000000,63972.09000000,719.77508000
2026-08-04T18:00:00+00:00,BTC/USDT,1h,63972.09000000,64400.00000000,63965.73000000,64305.99000000,693.34672000
2026-08-04T19:00:00+00:00,BTC/USDT,1h,64305.99000000,64413.21000000,64193.57000000,64233.36000000,534.82384000
2026-08-04T20:00:00+00:00,BTC/USDT,1h,64233.35000000,64420.00000000,64001.68000000,64341.00000000,558.35238000
2026-08-04T21:00:00+00:00,BTC/USDT,1h,64341.00000000,64341.99000000,64175.52000000,64194.00000000,220.73608000
2026-08-04T22:00:00+00:00,BTC/USDT,1h,64193.99000000,64293.91000000,64140.00000000,64270.61000000,181.53234000
2026-08-04T23:00:00+00:00,BTC/USDT,1h,64270.62000000,64549.16000000,64081.26000000,64106.56000000,551.91443000
2026-08-05T00:00:00+00:00,BTC/USDT,1h,64106.55000000,64193.25000000,63978.44000000,63988.00000000,649.78599000
2026-08-05T01:00:00+00:00,BTC/USDT,1h,63988.00000000,64346.00000000,63950.00000000,64333.84000000,393.02738000
2026-08-05T02:00:00+00:00,BTC/USDT,1h,64333.85000000,64504.00000000,64322.59000000,64368.26000000,562.72054000
2026-08-05T03:00:00+00:00,BTC/USDT,1h,64368.27000000,64446.00000000,64046.00000000,64183.27000000,445.73851000
2026-08-05T04:00:00+00:00,BTC/USDT,1h,64183.27000000,64218.00000000,64088.01000000,64176.70000000,184.21473000
2026-08-05T05:00:00+00:00,BTC/USDT,1h,64176.69000000,64525.97000000,64163.36000000,64330.87000000,480.37923000
2026-08-05T06:00:00+00:00,BTC/USDT,1h,64330.86000000,64373.31000000,64229.34000000,64253.58000000,396.58374000
2026-08-05T07:00:00+00:00,BTC/USDT,1h,64253.59000000,64272.00000000,63995.89000000,64163.99000000,577.00898000
2026-08-05T08:00:00+00:00,BTC/USDT,1h,64164.00000000,64280.00000000,64098.00000000,64120.81000000,335.28683000
2026-08-05T09:00:00+00:00,BTC/USDT,1h,64120.81000000,64210.83000000,64102.95000000,64155.05000000,184.00109000
2026-08-05T10:00:00+00:00,BTC/USDT,1h,64155.06000000,64242.93000000,64020.00000000,64062.23000000,387.90421000
2026-08-05T11:00:00+00:00,BTC/USDT,1h,64062.23000000,64150.00000000,64044.50000000,64075.28000000,258.58817000
2026-08-05T12:00:00+00:00,BTC/USDT,1h,64075.28000000,64581.43000000,64050.00000000,64332.43000000,1037.97436000
2026-08-05T13:00:00+00:00,BTC/USDT,1h,64332.43000000,64412.00000000,63880.00000000,64407.99000000,1022.29322000
2026-08-05T14:00:00+00:00,BTC/USDT,1h,64407.99000000,64578.00000000,64300.00000000,64476.39000000,1047.50709000
2026-08-05T15:00:00+00:00,BTC/USDT,1h,64476.40000000,64744.00000000,64385.49000000,64388.01000000,986.83874000
2026-08-05T16:00:00+00:00,BTC/USDT,1h,64388.01000000,64760.99000000,64388.00000000,64661.99000000,538.93440000
2026-08-05T17:00:00+00:00,BTC/USDT,1h,64661.99000000,64804.00000000,64541.71000000,64770.00000000,480.07544000
2026-08-05T18:00:00+00:00,BTC/USDT,1h,64770.00000000,64844.99000000,64670.01000000,64799.10000000,509.17226000
2026-08-05T19:00:00+00:00,BTC/USDT,1h,64799.10000000,64936.18000000,64781.79000000,64840.28000000,466.98679000
2026-08-05T20:00:00+00:00,BTC/USDT,1h,64840.27000000,65025.22000000,64806.46000000,64822.89000000,498.38900000
2026-08-05T21:00:00+00:00,BTC/USDT,1h,64822.88000000,64825.78000000,64657.69000000,64733.13000000,467.37291000
2026-08-05T22:00:00+00:00,BTC/USDT,1h,64733.13000000,64783.84000000,64629.81000000,64636.00000000,271.07045000
2026-08-05T23:00:00+00:00,BTC/USDT,1h,64636.00000000,64749.99000000,64579.15000000,64665.23000000,561.00122000
2026-08-06T00:00:00+00:00,BTC/USDT,1h,64665.24000000,64724.38000000,64572.00000000,64644.99000000,476.99340000
2026-08-06T01:00:00+00:00,BTC/USDT,1h,64644.92000000,64659.65000000,64498.00000000,64580.07000000,393.93990000
2026-08-06T02:00:00+00:00,BTC/USDT,1h,64580.08000000,64650.62000000,64439.34000000,64579.36000000,432.25507000
2026-08-06T03:00:00+00:00,BTC/USDT,1h,64579.36000000,64583.63000000,64493.20000000,64531.03000000,197.99261000
2026-08-06T04:00:00+00:00,BTC/USDT,1h,64531.03000000,64755.72000000,64496.27000000,64734.65000000,354.38235000
2026-08-06T05:00:00+00:00,BTC/USDT,1h,64734.65000000,64996.00000000,64730.26000000,64908.09000000,515.23827000
2026-08-06T06:00:00+00:00,BTC/USDT,1h,64908.10000000,64908.10000000,64745.69000000,64860.00000000,233.29381000
2026-08-06T07:00:00+00:00,BTC/USDT,1h,64860.00000000,64965.66000000,64776.00000000,64809.70000000,679.84082000
2026-08-06T08:00:00+00:00,BTC/USDT,1h,64809.70000000,64999.00000000,64760.00000000,64941.99000000,323.50568000
2026-08-06T09:00:00+00:00,BTC/USDT,1h,64942.00000000,64944.00000000,64630.00000000,64683.62000000,404.08385000
2026-08-06T10:00:00+00:00,BTC/USDT,1h,64683.62000000,64685.05000000,64581.21000000,64615.95000000,207.88310000
2026-08-06T11:00:00+00:00,BTC/USDT,1h,64615.95000000,64661.26000000,64503.54000000,64622.09000000,372.14171000
2026-08-06T12:00:00+00:00,BTC/USDT,1h,64622.08000000,64637.68000000,64381.96000000,64424.00000000,336.45805000
2026-08-06T13:00:00+00:00,BTC/USDT,1h,64424.01000000,64524.21000000,64172.00000000,64434.01000000,870.19548000
2026-08-06T14:00:00+00:00,BTC/USDT,1h,64434.01000000,64850.00000000,64362.00000000,64778.00000000,781.12724000
2026-08-06T15:00:00+00:00,BTC/USDT,1h,64778.01000000,64987.26000000,64624.29000000,64631.87000000,772.83402000
2026-08-06T16:00:00+00:00,BTC/USDT,1h,64631.88000000,64778.00000000,64592.37000000,64757.99000000,370.31723000
2026-08-06T17:00:00+00:00,BTC/USDT,1h,64758.00000000,64834.00000000,64548.81000000,64621.69000000,293.75208000
2026-08-06T18:00:00+00:00,BTC/USDT,1h,64621.68000000,64621.69000000,64378.67000000,64418.47000000,347.29306000
2026-08-06T19:00:00+00:00,BTC/USDT,1h,64418.48000000,64474.71000000,64365.00000000,64446.00000000,449.59357000
2026-08-06T20:00:00+00:00,BTC/USDT,1h,64446.01000000,64536.32000000,64439.70000000,64439.70000000,195.47529000
2026-08-06T21:00:00+00:00,BTC/USDT,1h,64439.71000000,64513.99000000,64404.74000000,64440.74000000,249.73283000
2026-08-06T22:00:00+00:00,BTC/USDT,1h,64440.74000000,64450.00000000,64330.40000000,64351.49000000,210.70667000
2026-08-06T23:00:00+00:00,BTC/USDT,1h,64351.48000000,64360.01000000,64200.00000000,64323.61000000,395.39675000
2026-08-07T00:00:00+00:00,BTC/USDT,1h,64323.61000000,64410.00000000,64230.59000000,64317.99000000,285.45231000
2026-08-07T01:00:00+00:00,BTC/USDT,1h,64318.00000000,64476.78000000,64300.00000000,64422.55000000,351.02167000
2026-08-07T02:00:00+00:00,BTC/USDT,1h,64422.54000000,64544.00000000,64252.09000000,64399.87000000,388.69448000
2026-08-07T03:00:00+00:00,BTC/USDT,1h,64399.88000000,64407.73000000,64260.00000000,64289.99000000,199.96303000
2026-08-07T04:00:00+00:00,BTC/USDT,1h,64289.99000000,64364.08000000,64166.00000000,64255.13000000,222.89749000
2026-08-07T05:00:00+00:00,BTC/USDT,1h,64255.14000000,64400.00000000,64177.62000000,64336.43000000,321.20596000
2026-08-07T06:00:00+00:00,BTC/USDT,1h,64336.42000000,64463.75000000,64283.91000000,64304.12000000,452.26837000
2026-08-07T07:00:00+00:00,BTC/USDT,1h,64304.12000000,64436.13000000,64264.00000000,64319.84000000,382.39149000
2026-08-07T08:00:00+00:00,BTC/USDT,1h,64319.84000000,64672.10000000,64304.22000000,64600.00000000,433.22408000
2026-08-07T09:00:00+00:00,BTC/USDT,1h,64600.00000000,64965.00000000,64599.99000000,64839.32000000,917.15159000
2026-08-07T10:00:00+00:00,BTC/USDT,1h,64839.32000000,64916.00000000,64802.00000000,64893.98000000,362.71626000
2026-08-07T11:00:00+00:00,BTC/USDT,1h,64893.99000000,65213.33000000,64893.64000000,65029.98000000,652.67441000
2026-08-07T12:00:00+00:00,BTC/USDT,1h,65029.98000000,65390.99000000,64986.26000000,65292.32000000,1412.76360000
2026-08-07T13:00:00+00:00,BTC/USDT,1h,65292.31000000,65338.00000000,64984.68000000,65009.24000000,1271.25225000
2026-08-07T14:00:00+00:00,BTC/USDT,1h,65009.23000000,65275.03000000,64788.00000000,64957.98000000,982.58571000
2026-08-07T15:00:00+00:00,BTC/USDT,1h,64957.98000000,65136.17000000,64894.83000000,64912.72000000,468.02790000
2026-08-07T16:00:00+00:00,BTC/USDT,1h,64912.71000000,65072.31000000,64814.00000000,64814.00000000,485.33624000
2026-08-07T17:00:00+00:00,BTC/USDT,1h,64814.01000000,64828.82000000,64525.00000000,64764.33000000,603.65716000
2026-08-07T18:00:00+00:00,BTC/USDT,1h,64764.33000000,64881.13000000,64676.00000000,64735.51000000,225.44204000
2026-08-07T19:00:00+00:00,BTC/USDT,1h,64735.52000000,65039.42000000,64735.52000000,64960.47000000,398.55222000
2026-08-07T20:00:00+00:00,BTC/USDT,1h,64960.46000000,65053.56000000,64948.00000000,64972.00000000,238.49651000
2026-08-07T21:00:00+00:00,BTC/USDT,1h,64972.00000000,65102.00000000,64928.00000000,64928.01000000,187.58406000
2026-08-07T22:00:00+00:00,BTC/USDT,1h,64928.02000000,64947.70000000,64846.00000000,64888.00000000,304.11479000
2026-08-07T23:00:00+00:00,BTC/USDT,1h,64888.00000000,64923.20000000,64869.99000000,64923.19000000,259.93041000
2026-08-08T00:00:00+00:00,BTC/USDT,1h,64923.20000000,64954.00000000,64784.19000000,64929.01000000,432.59470000
2026-08-08T01:00:00+00:00,BTC/USDT,1h,64929.01000000,64965.00000000,64908.97000000,64911.79000000,283.12303000
2026-08-08T02:00:00+00:00,BTC/USDT,1h,64911.80000000,64957.47000000,64894.49000000,64923.97000000,317.46111000
2026-08-08T03:00:00+00:00,BTC/USDT,1h,64923.98000000,65074.18000000,64918.28000000,65033.00000000,277.39242000
2026-08-08T04:00:00+00:00,BTC/USDT,1h,65033.00000000,65071.15000000,64971.18000000,65013.58000000,199.83614000
2026-08-08T05:00:00+00:00,BTC/USDT,1h,65013.58000000,65018.64000000,64976.00000000,64995.39000000,118.91329000
2026-08-08T06:00:00+00:00,BTC/USDT,1h,64995.39000000,65014.00000000,64959.81000000,65006.61000000,298.35674000
2026-08-08T07:00:00+00:00,BTC/USDT,1h,65006.61000000,65006.61000000,64951.34000000,64960.00000000,169.03379000
2026-08-08T08:00:00+00:00,BTC/USDT,1h,64959.99000000,65020.50000000,64948.56000000,64993.87000000,150.80437000
2026-08-08T09:00:00+00:00,BTC/USDT,1h,64993.88000000,65050.00000000,64992.98000000,64994.31000000,303.53576000
2026-08-08T10:00:00+00:00,BTC/USDT,1h,64994.31000000,65022.43000000,64994.31000000,65005.87000000,144.30853000
2026-08-08T11:00:00+00:00,BTC/USDT,1h,65005.88000000,65024.10000000,64957.00000000,64967.35000000,178.16146000
2026-08-08T12:00:00+00:00,BTC/USDT,1h,64967.36000000,65050.55000000,64924.00000000,65008.34000000,234.45077000
2026-08-08T13:00:00+00:00,BTC/USDT,1h,65008.33000000,65018.00000000,65000.00000000,65015.27000000,187.85749000
2026-08-08T14:00:00+00:00,BTC/USDT,1h,65015.27000000,65192.54000000,65015.27000000,65129.02000000,356.35929000
2026-08-08T15:00:00+00:00,BTC/USDT,1h,65129.01000000,65149.57000000,65061.31000000,65080.82000000,186.58480000
2026-08-08T16:00:00+00:00,BTC/USDT,1h,65080.83000000,65116.82000000,65039.00000000,65086.45000000,128.83529000
2026-08-08T17:00:00+00:00,BTC/USDT,1h,65086.46000000,65150.00000000,65075.46000000,65119.75000000,187.72596000
2026-08-08T18:00:00+00:00,BTC/USDT,1h,65119.75000000,65119.75000000,65025.54000000,65044.07000000,168.52013000
2026-08-08T19:00:00+00:00,BTC/USDT,1h,65044.08000000,65093.70000000,65017.39000000,65075.41000000,205.39734000
2026-08-08T20:00:00+00:00,BTC/USDT,1h,65075.40000000,65100.61000000,65060.00000000,65082.41000000,382.31735000
2026-08-08T21:00:00+00:00,BTC/USDT,1h,65082.42000000,65082.42000000,65000.53000000,65012.96000000,216.53129000
2026-08-08T22:00:00+00:00,BTC/USDT,1h,65012.95000000,65038.00000000,64948.17000000,64950.61000000,427.30382000
2026-08-08T23:00:00+00:00,BTC/USDT,1h,64950.62000000,64975.99000000,64936.01000000,64962.60000000,204.73811000
2026-08-09T00:00:00+00:00,BTC/USDT,1h,64962.60000000,64991.93000000,64958.17000000,64973.65000000,214.05253000
2026-08-09T01:00:00+00:00,BTC/USDT,1h,64973.65000000,65002.00000000,64838.33000000,64861.46000000,330.74593000
2026-08-09T02:00:00+00:00,BTC/USDT,1h,64861.46000000,64863.16000000,64777.92000000,64820.01000000,255.40052000
2026-08-09T03:00:00+00:00,BTC/USDT,1h,64820.01000000,64820.01000000,64730.08000000,64788.80000000,153.75776000
2026-08-09T04:00:00+00:00,BTC/USDT,1h,64788.80000000,64826.13000000,64785.00000000,64785.00000000,156.31772000
2026-08-09T05:00:00+00:00,BTC/USDT,1h,64785.01000000,64801.58000000,64777.00000000,64801.58000000,194.39306000
2026-08-09T06:00:00+00:00,BTC/USDT,1h,64801.57000000,64867.11000000,64801.57000000,64849.99000000,216.36529000
2026-08-09T07:00:00+00:00,BTC/USDT,1h,64850.00000000,64860.01000000,64826.14000000,64826.14000000,338.38864000
2026-08-09T08:00:00+00:00,BTC/USDT,1h,64826.15000000,64960.06000000,64792.10000000,64824.16000000,328.93534000
2026-08-09T09:00:00+00:00,BTC/USDT,1h,64824.17000000,64877.86000000,64809.68000000,64877.85000000,149.22124000
2026-08-09T10:00:00+00:00,BTC/USDT,1h,64877.86000000,64994.07000000,64877.85000000,64959.86000000,249.48898000
2026-08-09T11:00:00+00:00,BTC/USDT,1h,64959.87000000,65000.00000000,64950.00000000,64950.00000000,150.77221000
2026-08-09T12:00:00+00:00,BTC/USDT,1h,64950.01000000,64962.41000000,64914.73000000,64960.11000000,166.88575000
2026-08-09T13:00:00+00:00,BTC/USDT,1h,64960.12000000,65266.00000000,64960.11000000,65219.78000000,406.90586000
2026-08-09T14:00:00+00:00,BTC/USDT,1h,65219.78000000,65300.00000000,65150.95000000,65260.01000000,280.80750000
2026-08-09T15:00:00+00:00,BTC/USDT,1h,65260.01000000,65264.00000000,65214.00000000,65228.68000000,364.18640000
2026-08-09T16:00:00+00:00,BTC/USDT,1h,65228.68000000,65266.06000000,65182.36000000,65232.14000000,289.41282000
2026-08-09T17:00:00+00:00,BTC/USDT,1h,65232.15000000,65239.18000000,65198.68000000,65198.68000000,130.05099000
2026-08-09T18:00:00+00:00,BTC/USDT,1h,65198.68000000,65220.00000000,65192.00000000,65199.68000000,83.21999000
2026-08-09T19:00:00+00:00,BTC/USDT,1h,65199.69000000,65210.00000000,65179.72000000,65180.66000000,257.63120000
2026-08-09T20:00:00+00:00,BTC/USDT,1h,65180.66000000,65181.99000000,65046.25000000,65137.96000000,465.99754000
2026-08-09T21:00:00+00:00,BTC/USDT,1h,65137.96000000,65250.00000000,65115.05000000,65192.99000000,485.32235000
2026-08-09T22:00:00+00:00,BTC/USDT,1h,65192.99000000,65474.46000000,64971.41000000,65077.13000000,941.55321000
2026-08-09T23:00:00+00:00,BTC/USDT,1h,65077.13000000,65108.00000000,64842.59000000,64901.59000000,421.42323000
2026-08-10T00:00:00+00:00,BTC/USDT,1h,64901.59000000,65322.58000000,64826.78000000,64968.01000000,556.44925000
2026-08-10T01:00:00+00:00,BTC/USDT,1h,64968.21000000,65391.14000000,64900.00000000,65189.99000000,410.26148000
2026-08-10T02:00:00+00:00,BTC/USDT,1h,65190.00000000,65220.00000000,64903.54000000,65099.99000000,432.71320000
2026-08-10T03:00:00+00:00,BTC/USDT,1h,65099.99000000,65172.00000000,64904.99000000,64982.01000000,335.63049000
2026-08-10T04:00:00+00:00,BTC/USDT,1h,64982.00000000,65100.00000000,64924.00000000,65006.73000000,333.49313000
2026-08-10T05:00:00+00:00,BTC/USDT,1h,65006.74000000,65159.25000000,64979.88000000,65134.00000000,299.63603000
2026-08-10T06:00:00+00:00,BTC/USDT,1h,65134.00000000,65339.70000000,65130.01000000,65299.40000000,433.93661000
2026-08-10T07:00:00+00:00,BTC/USDT,1h,65299.40000000,65379.13000000,65196.53000000,65202.73000000,554.01187000
2026-08-10T08:00:00+00:00,BTC/USDT,1h,65202.72000000,65328.73000000,65192.00000000,65245.58000000,316.81156000
2026-08-10T09:00:00+00:00,BTC/USDT,1h,65245.59000000,65245.59000000,64958.87000000,64967.24000000,389.34609000
2026-08-10T10:00:00+00:00,BTC/USDT,1h,64967.25000000,65074.61000000,64967.24000000,65013.06000000,428.49610000
2026-08-10T11:00:00+00:00,BTC/USDT,1h,65013.07000000,65130.16000000,64977.93000000,65125.98000000,160.33730000
2026-08-10T12:00:00+00:00,BTC/USDT,1h,65125.99000000,65237.80000000,64850.00000000,64870.75000000,596.12387000
2026-08-10T13:00:00+00:00,BTC/USDT,1h,64870.74000000,64973.72000000,64518.01000000,64561.98000000,1297.24239000
2026-08-10T14:00:00+00:00,BTC/USDT,1h,64561.98000000,64888.32000000,64544.01000000,64625.77000000,650.29814000
2026-08-10T15:00:00+00:00,BTC/USDT,1h,64625.77000000,64711.43000000,64203.15000000,64299.99000000,1096.33991000
2026-08-10T16:00:00+00:00,BTC/USDT,1h,64299.99000000,64354.00000000,63830.57000000,63904.65000000,1498.06925000
2026-08-10T17:00:00+00:00,BTC/USDT,1h,63904.65000000,64027.12000000,63832.00000000,63953.04000000,1290.55418000
2026-08-10T18:00:00+00:00,BTC/USDT,1h,63953.04000000,64020.64000000,63806.27000000,63889.39000000,944.06538000
2026-08-10T19:00:00+00:00,BTC/USDT,1h,63889.39000000,64101.34000000,63888.01000000,64045.70000000,543.26284000
2026-08-10T20:00:00+00:00,BTC/USDT,1h,64045.70000000,64215.21000000,64023.06000000,64158.50000000,286.34235000
2026-08-10T21:00:00+00:00,BTC/USDT,1h,64158.49000000,64158.50000000,63987.00000000,63987.00000000,239.68387000
2026-08-10T22:00:00+00:00,BTC/USDT,1h,63987.00000000,64055.95000000,63944.00000000,64016.00000000,216.96727000
2026-08-10T23:00:00+00:00,BTC/USDT,1h,64015.99000000,64020.00000000,63920.69000000,63970.01000000,328.33621000
2026-08-11T00:00:00+00:00,BTC/USDT,1h,63970.01000000,64058.00000000,63895.64000000,64040.00000000,690.26826000
2026-08-11T01:00:00+00:00,BTC/USDT,1h,64040.01000000,64080.10000000,63958.20000000,64060.80000000,355.07512000
2026-08-11T02:00:00+00:00,BTC/USDT,1h,64060.80000000,64086.00000000,64030.00000000,64044.59000000,263.24469000
2026-08-11T03:00:00+00:00,BTC/USDT,1h,64044.60000000,64176.00000000,64044.59000000,64155.01000000,524.13513000
2026-08-11T04:00:00+00:00,BTC/USDT,1h,64155.00000000,64159.65000000,64021.02000000,64023.51000000,360.17249000
2026-08-11T05:00:00+00:00,BTC/USDT,1h,64023.51000000,64051.93000000,63964.00000000,64000.00000000,217.31247000
2026-08-11T06:00:00+00:00,BTC/USDT,1h,64000.00000000,64050.43000000,63852.00000000,63969.28000000,681.87714000
2026-08-11T07:00:00+00:00,BTC/USDT,1h,63969.29000000,64108.00000000,63911.09000000,64065.99000000,380.83043000
2026-08-11T08:00:00+00:00,BTC/USDT,1h,64066.00000000,64148.78000000,64044.72000000,64136.41000000,168.66039000
2026-08-11T09:00:00+00:00,BTC/USDT,1h,64136.41000000,64300.00000000,64121.51000000,64300.00000000,453.24003000
2026-08-11T10:00:00+00:00,BTC/USDT,1h,64300.00000000,64312.70000000,64200.00000000,64233.23000000,408.12036000
2026-08-11T11:00:00+00:00,BTC/USDT,1h,64233.23000000,64400.00000000,64233.23000000,64389.57000000,538.09782000
2026-08-11T12:00:00+00:00,BTC/USDT,1h,64389.58000000,64515.43000000,64274.57000000,64330.01000000,714.43565000
2026-08-11T13:00:00+00:00,BTC/USDT,1h,64330.00000000,64368.42000000,64050.00000000,64200.28000000,1390.74790000
2026-08-11T14:00:00+00:00,BTC/USDT,1h,64200.29000000,64263.83000000,63714.75000000,63770.03000000,985.02313000
2026-08-11T15:00:00+00:00,BTC/USDT,1h,63770.03000000,63868.00000000,63451.00000000,63609.87000000,1286.57237000
2026-08-11T16:00:00+00:00,BTC/USDT,1h,63609.86000000,63660.00000000,63459.54000000,63512.59000000,740.82749000
2026-08-11T17:00:00+00:00,BTC/USDT,1h,63512.59000000,63632.94000000,63461.88000000,63607.88000000,482.84238000
2026-08-11T18:00:00+00:00,BTC/USDT,1h,63607.87000000,63626.03000000,63251.59000000,63373.07000000,749.01907000
2026-08-11T19:00:00+00:00,BTC/USDT,1h,63373.07000000,63536.00000000,63238.00000000,63536.00000000,452.04779000
2026-08-11T20:00:00+00:00,BTC/USDT,1h,63536.00000000,63748.37000000,63536.00000000,63740.00000000,321.55720000
2026-08-11T21:00:00+00:00,BTC/USDT,1h,63740.00000000,63768.58000000,63622.00000000,63672.73000000,269.41700000
2026-08-11T22:00:00+00:00,BTC/USDT,1h,63672.73000000,63768.00000000,63626.25000000,63668.49000000,253.27935000
2026-08-11T23:00:00+00:00,BTC/USDT,1h,63668.50000000,63668.50000000,63543.55000000,63600.00000000,204.82882000
2026-08-12T00:00:00+00:00,BTC/USDT,1h,63600.01000000,63745.53000000,63534.01000000,63742.07000000,247.42097000
2026-08-12T01:00:00+00:00,BTC/USDT,1h,63742.07000000,63855.50000000,63698.18000000,63813.80000000,499.92358000
2026-08-12T02:00:00+00:00,BTC/USDT,1h,63813.80000000,63908.01000000,63730.72000000,63749.76000000,612.29132000
2026-08-12T03:00:00+00:00,BTC/USDT,1h,63749.77000000,63845.91000000,63709.85000000,63835.59000000,538.85374000
2026-08-12T04:00:00+00:00,BTC/USDT,1h,63835.58000000,63891.42000000,63739.99000000,63769.58000000,568.35931000
2026-08-12T05:00:00+00:00,BTC/USDT,1h,63769.58000000,63869.56000000,63724.25000000,63849.94000000,540.46560000
2026-08-12T06:00:00+00:00,BTC/USDT,1h,63849.94000000,63849.94000000,63606.15000000,63711.97000000,563.28705000
2026-08-12T07:00:00+00:00,BTC/USDT,1h,63711.97000000,63838.00000000,63644.10000000,63837.99000000,458.43036000
2026-08-12T08:00:00+00:00,BTC/USDT,1h,63838.00000000,63867.20000000,63773.98000000,63794.94000000,303.11959000
2026-08-12T09:00:00+00:00,BTC/USDT,1h,63794.95000000,64130.47000000,63768.01000000,64108.81000000,553.52986000
2026-08-12T10:00:00+00:00,BTC/USDT,1h,64108.82000000,64218.00000000,64059.99000000,64143.36000000,996.13758000
2026-08-12T11:00:00+00:00,BTC/USDT,1h,64143.36000000,64249.50000000,64113.50000000,64240.04000000,414.30431000
2026-08-12T12:00:00+00:00,BTC/USDT,1h,64240.04000000,64500.00000000,63976.37000000,64119.71000000,1297.05947000
2026-08-12T13:00:00+00:00,BTC/USDT,1h,64119.72000000,64159.36000000,63840.00000000,63840.00000000,727.44098000
2026-08-12T14:00:00+00:00,BTC/USDT,1h,63840.00000000,63926.13000000,63362.74000000,63363.39000000,1163.88428000
2026-08-12T15:00:00+00:00,BTC/USDT,1h,63363.39000000,63570.01000000,63316.00000000,63441.47000000,771.05562000
2026-08-12T16:00:00+00:00,BTC/USDT,1h,63441.48000000,63578.00000000,63368.35000000,63492.12000000,487.79219000
2026-08-12T17:00:00+00:00,BTC/USDT,1h,63492.12000000,63556.00000000,63416.40000000,63471.00000000,292.36777000
2026-08-12T18:00:00+00:00,BTC/USDT,1h,63470.99000000,63522.56000000,63373.97000000,63386.59000000,396.92257000
2026-08-12T19:00:00+00:00,BTC/USDT,1h,63386.58000000,63465.13000000,63310.34000000,63421.11000000,381.53313000
2026-08-12T20:00:00+00:00,BTC/USDT,1h,63421.11000000,63600.00000000,63421.11000000,63599.99000000,307.26199000
2026-08-12T21:00:00+00:00,BTC/USDT,1h,63600.00000000,63661.24000000,63421.61000000,63469.83000000,267.57645000
2026-08-12T22:00:00+00:00,BTC/USDT,1h,63469.84000000,63536.00000000,63370.00000000,63432.28000000,240.00896000
2026-08-12T23:00:00+00:00,BTC/USDT,1h,63432.28000000,63482.89000000,63378.23000000,63479.99000000,998.04154000
2026-08-13T00:00:00+00:00,BTC/USDT,1h,63479.99000000,63717.31000000,63460.32000000,63556.92000000,406.77009000
2026-08-13T01:00:00+00:00,BTC/USDT,1h,63556.91000000,63631.67000000,63382.45000000,63456.11000000,317.88444000
2026-08-13T02:00:00+00:00,BTC/USDT,1h,63456.10000000,63582.00000000,63380.00000000,63550.01000000,458.16490000
2026-08-13T03:00:00+00:00,BTC/USDT,1h,63550.01000000,63686.40000000,63514.21000000,63646.99000000,401.71819000
2026-08-13T04:00:00+00:00,BTC/USDT,1h,63647.00000000,63778.00000000,63591.56000000,63693.74000000,223.42484000
2026-08-13T05:00:00+00:00,BTC/USDT,1h,63693.73000000,64010.00000000,63671.64000000,63878.00000000,500.10882000
2026-08-13T06:00:00+00:00,BTC/USDT,1h,63878.01000000,63942.36000000,63757.47000000,63942.35000000,256.03719000
2026-08-13T07:00:00+00:00,BTC/USDT,1h,63942.36000000,63947.09000000,63856.13000000,63865.84000000,533.09585000
2026-08-13T08:00:00+00:00,BTC/USDT,1h,63865.84000000,63915.00000000,63742.00000000,63766.80000000,439.81868000
2026-08-13T09:00:00+00:00,BTC/USDT,1h,63766.80000000,63786.49000000,63587.99000000,63782.64000000,337.82326000
2026-08-13T10:00:00+00:00,BTC/USDT,1h,63782.65000000,63818.16000000,63586.00000000,63651.19000000,317.79982000
2026-08-13T11:00:00+00:00,BTC/USDT,1h,63651.20000000,63660.76000000,63350.00000000,63484.30000000,355.63538000
2026-08-13T12:00:00+00:00,BTC/USDT,1h,63484.31000000,63710.00000000,63450.00000000,63697.76000000,384.47294000
2026-08-13T13:00:00+00:00,BTC/USDT,1h,63697.76000000,63850.00000000,63566.00000000,63724.00000000,561.86509000
2026-08-13T14:00:00+00:00,BTC/USDT,1h,63723.99000000,63999.00000000,63686.00000000,63859.45000000,669.38212000
2026-08-13T15:00:00+00:00,BTC/USDT,1h,63859.46000000,63940.08000000,63420.00000000,63420.01000000,505.15868000
2026-08-13T16:00:00+00:00,BTC/USDT,1h,63420.01000000,63568.97000000,62802.27000000,63160.13000000,1752.37181000
2026-08-13T17:00:00+00:00,BTC/USDT,1h,63160.13000000,63294.61000000,63074.44000000,63144.38000000,644.48394000
2026-08-13T18:00:00+00:00,BTC/USDT,1h,63144.37000000,63369.63000000,63105.44000000,63310.00000000,325.89181000
2026-08-13T19:00:00+00:00,BTC/USDT,1h,63310.00000000,63519.39000000,63310.00000000,63407.99000000,349.14796000
2026-08-13T20:00:00+00:00,BTC/USDT,1h,63408.00000000,63474.34000000,63368.00000000,63415.55000000,239.68311000
2026-08-13T21:00:00+00:00,BTC/USDT,1h,63415.56000000,63500.00000000,63390.00000000,63474.00000000,188.33344000
2026-08-13T22:00:00+00:00,BTC/USDT,1h,63474.00000000,63640.00000000,63473.99000000,63530.01000000,226.97651000
2026-08-13T23:00:00+00:00,BTC/USDT,1h,63530.01000000,63539.03000000,63400.00000000,63490.86000000,397.80966000
2026-08-14T00:00:00+00:00,BTC/USDT,1h,63490.86000000,63552.99000000,63410.00000000,63541.45000000,377.80366000
2026-08-14T01:00:00+00:00,BTC/USDT,1h,63541.45000000,63585.92000000,63458.00000000,63575.86000000,310.91391000
2026-08-14T02:00:00+00:00,BTC/USDT,1h,63575.86000000,63617.45000000,63465.38000000,63465.39000000,489.39475000
2026-08-14T03:00:00+00:00,BTC/USDT,1h,63465.39000000,63576.00000000,63301.58000000,63310.00000000,296.84163000
2026-08-14T04:00:00+00:00,BTC/USDT,1h,63310.00000000,63472.50000000,63276.00000000,63372.56000000,530.66039000
2026-08-14T05:00:00+00:00,BTC/USDT,1h,63372.56000000,63400.30000000,63286.67000000,63379.83000000,201.71573000
2026-08-14T06:00:00+00:00,BTC/USDT,1h,63379.83000000,63379.83000000,62942.00000000,62974.14000000,627.73261000
2026-08-14T07:00:00+00:00,BTC/USDT,1h,62974.14000000,63110.00000000,62920.00000000,62920.78000000,730.23378000
2026-08-14T08:00:00+00:00,BTC/USDT,1h,62920.78000000,62997.83000000,62700.00000000,62940.01000000,892.48443000
2026-08-14T09:00:00+00:00,BTC/USDT,1h,62940.01000000,62940.01000000,62744.00000000,62792.75000000,501.14919000
2026-08-14T10:00:00+00:00,BTC/USDT,1h,62792.75000000,62946.00000000,62739.98000000,62814.14000000,598.55074000
2026-08-14T11:00:00+00:00,BTC/USDT,1h,62814.14000000,62936.82000000,62814.00000000,62868.83000000,444.92265000
2026-08-14T12:00:00+00:00,BTC/USDT,1h,62868.83000000,62913.30000000,62726.26000000,62741.69000000,486.51649000
2026-08-14T13:00:00+00:00,BTC/USDT,1h,62741.68000000,62822.33000000,62605.00000000,62668.00000000,987.78817000
2026-08-14T14:00:00+00:00,BTC/USDT,1h,62668.00000000,62797.88000000,62535.24000000,62620.01000000,998.23888000
2026-08-14T15:00:00+00:00,BTC/USDT,1h,62620.01000000,63089.18000000,62612.00000000,62990.95000000,988.09918000
2026-08-14T16:00:00+00:00,BTC/USDT,1h,62990.94000000,63215.58000000,62966.86000000,63133.48000000,566.22185000
2026-08-14T17:00:00+00:00,BTC/USDT,1h,63133.49000000,63247.05000000,63000.00000000,63013.69000000,454.05828000
2026-08-14T18:00:00+00:00,BTC/USDT,1h,63013.70000000,63088.21000000,62894.85000000,62930.01000000,367.77038000
2026-08-14T19:00:00+00:00,BTC/USDT,1h,62930.01000000,62996.00000000,62830.00000000,62968.05000000,394.98545000
2026-08-14T20:00:00+00:00,BTC/USDT,1h,62968.06000000,63020.74000000,62896.85000000,62907.59000000,359.43765000
2026-08-14T21:00:00+00:00,BTC/USDT,1h,62907.59000000,62937.22000000,62873.25000000,62928.49000000,179.64600000
2026-08-14T22:00:00+00:00,BTC/USDT,1h,62928.49000000,62957.28000000,62800.00000000,62886.88000000,226.57205000
2026-08-14T23:00:00+00:00,BTC/USDT,1h,62886.87000000,63066.13000000,62865.03000000,63043.56000000,329.09114000
2026-08-15T00:00:00+00:00,BTC/USDT,1h,63043.56000000,63059.50000000,62992.91000000,63019.88000000,208.64233000
2026-08-15T01:00:00+00:00,BTC/USDT,1h,63019.89000000,63051.78000000,62993.57000000,63045.13000000,485.23532000
2026-08-15T02:00:00+00:00,BTC/USDT,1h,63045.14000000,63134.82000000,63035.95000000,63134.41000000,243.54429000
2026-08-15T03:00:00+00:00,BTC/USDT,1h,63134.41000000,63187.98000000,63039.99000000,63051.25000000,184.46775000
2026-08-15T04:00:00+00:00,BTC/USDT,1h,63051.25000000,63151.65000000,63051.25000000,63122.00000000,172.30243000
2026-08-15T05:00:00+00:00,BTC/USDT,1h,63122.01000000,63155.76000000,63039.99000000,63089.00000000,213.28052000
2026-08-15T06:00:00+00:00,BTC/USDT,1h,63089.00000000,63134.84000000,63027.89000000,63114.68000000,373.75318000
2026-08-15T07:00:00+00:00,BTC/USDT,1h,63114.68000000,63134.83000000,63042.00000000,63075.43000000,688.73174000
2026-08-15T08:00:00+00:00,BTC/USDT,1h,63075.43000000,63085.80000000,62933.71000000,62935.72000000,177.99645000
2026-08-15T09:00:00+00:00,BTC/USDT,1h,62935.72000000,63045.83000000,62920.00000000,63030.38000000,183.99371000
2026-08-15T10:00:00+00:00,BTC/USDT,1h,63030.39000000,63051.74000000,63002.12000000,63046.10000000,79.58111000
2026-08-15T11:00:00+00:00,BTC/USDT,1h,63046.10000000,63054.69000000,62996.85000000,63022.01000000,175.71191000
2026-08-15T12:00:00+00:00,BTC/USDT,1h,63022.01000000,63055.36000000,62946.58000000,63050.13000000,109.73402000
2026-08-15T13:00:00+00:00,BTC/USDT,1h,63050.12000000,63080.88000000,63028.11000000,63060.35000000,132.29680000
2026-08-15T14:00:00+00:00,BTC/USDT,1h,63060.34000000,63060.35000000,62996.77000000,63040.00000000,244.03751000
2026-08-15T15:00:00+00:00,BTC/USDT,1h,63040.01000000,63120.09000000,63032.00000000,63100.55000000,214.37562000
2026-08-15T16:00:00+00:00,BTC/USDT,1h,63100.55000000,63124.99000000,63066.73000000,63096.63000000,202.83972000
2026-08-15T17:00:00+00:00,BTC/USDT,1h,63096.62000000,63100.69000000,63066.21000000,63070.50000000,96.56413000
2026-08-15T18:00:00+00:00,BTC/USDT,1h,63070.49000000,63115.58000000,63044.37000000,63057.58000000,294.79086000
2026-08-15T19:00:00+00:00,BTC/USDT,1h,63057.58000000,63127.40000000,63057.57000000,63126.08000000,516.06271000
2026-08-15T20:00:00+00:00,BTC/USDT,1h,63126.07000000,63126.08000000,63076.96000000,63103.29000000,55.31906000
2026-08-15T21:00:00+00:00,BTC/USDT,1h,63103.29000000,63168.95000000,63103.29000000,63159.04000000,170.99952000
2026-08-15T22:00:00+00:00,BTC/USDT,1h,63159.04000000,63175.00000000,63135.52000000,63135.52000000,95.56932000
2026-08-15T23:00:00+00:00,BTC/USDT,1h,63135.52000000,63139.96000000,63086.00000000,63086.01000000,85.33037000
2026-08-16T00:00:00+00:00,BTC/USDT,1h,63086.01000000,63086.01000000,63061.47000000,63085.82000000,94.57372000
2026-08-16T01:00:00+00:00,BTC/USDT,1h,63085.81000000,63085.82000000,63012.00000000,63084.78000000,180.55557000
2026-08-16T02:00:00+00:00,BTC/USDT,1h,63084.78000000,63151.59000000,63024.22000000,63121.91000000,245.34897000
2026-08-16T03:00:00+00:00,BTC/USDT,1h,63121.92000000,63130.01000000,63115.61000000,63130.00000000,105.94774000
2026-08-16T04:00:00+00:00,BTC/USDT,1h,63130.01000000,63158.80000000,63090.00000000,63090.01000000,130.32114000
2026-08-16T05:00:00+00:00,BTC/USDT,1h,63090.00000000,63094.00000000,63040.00000000,63069.43000000,235.12057000
2026-08-16T06:00:00+00:00,BTC/USDT,1h,63069.43000000,63083.79000000,63043.21000000,63069.31000000,280.31849000
2026-08-16T07:00:00+00:00,BTC/USDT,1h,63069.32000000,63069.32000000,63054.34000000,63061.02000000,146.93998000
2026-08-16T08:00:00+00:00,BTC/USDT,1h,63061.03000000,63079.76000000,63061.02000000,63072.42000000,108.92210000
2026-08-16T09:00:00+00:00,BTC/USDT,1h,63072.43000000,63072.43000000,62968.45000000,62992.69000000,290.93169000
2026-08-16T10:00:00+00:00,BTC/USDT,1h,62992.68000000,63013.62000000,62968.45000000,63008.57000000,133.29459000
2026-08-16T11:00:00+00:00,BTC/USDT,1h,63008.56000000,63013.66000000,62981.93000000,63013.66000000,213.61707000
2026-08-16T12:00:00+00:00,BTC/USDT,1h,63013.66000000,63025.42000000,62997.77000000,63021.98000000,78.74312000
2026-08-16T13:00:00+00:00,BTC/USDT,1h,63021.99000000,63070.05000000,63021.98000000,63060.01000000,146.76198000
2026-08-16T14:00:00+00:00,BTC/USDT,1h,63060.01000000,63102.86000000,63060.00000000,63102.85000000,159.23473000
2026-08-16T15:00:00+00:00,BTC/USDT,1h,63102.86000000,63146.40000000,63102.86000000,63146.39000000,173.39340000
2026-08-16T16:00:00+00:00,BTC/USDT,1h,63146.39000000,63390.00000000,63137.35000000,63260.01000000,394.04188000
2026-08-16T17:00:00+00:00,BTC/USDT,1h,63260.00000000,63276.61000000,63120.22000000,63159.30000000,190.81967000
2026-08-16T18:00:00+00:00,BTC/USDT,1h,63159.31000000,63173.71000000,63120.00000000,63140.06000000,89.92171000
2026-08-16T19:00:00+00:00,BTC/USDT,1h,63140.05000000,63230.00000000,63100.89000000,63108.81000000,186.29170000
2026-08-16T20:00:00+00:00,BTC/USDT,1h,63108.80000000,63140.00000000,63027.60000000,63067.79000000,122.98382000
2026-08-16T21:00:00+00:00,BTC/USDT,1h,63067.79000000,63085.15000000,62754.00000000,62929.61000000,328.59983000
2026-08-16T22:00:00+00:00,BTC/USDT,1h,62929.61000000,62954.00000000,62716.00000000,62913.70000000,453.88740000
2026-08-16T23:00:00+00:00,BTC/USDT,1h,62913.70000000,62993.77000000,62830.00000000,62900.00000000,246.66048000
2026-08-17T00:00:00+00:00,BTC/USDT,1h,62900.00000000,62956.00000000,62751.10000000,62917.54000000,577.24276000
2026-08-17T01:00:00+00:00,BTC/USDT,1h,62917.54000000,63246.91000000,62896.00000000,63116.12000000,495.52019000
2026-08-17T02:00:00+00:00,BTC/USDT,1h,63116.12000000,63500.00000000,63037.09000000,63403.34000000,459.80516000
2026-08-17T03:00:00+00:00,BTC/USDT,1h,63403.33000000,63520.00000000,63339.78000000,63429.21000000,637.65934000
2026-08-17T04:00:00+00:00,BTC/USDT,1h,63429.21000000,63580.00000000,63429.21000000,63532.44000000,714.19197000
2026-08-17T05:00:00+00:00,BTC/USDT,1h,63532.43000000,63594.76000000,63446.59000000,63520.18000000,770.70619000
2026-08-17T06:00:00+00:00,BTC/USDT,1h,63520.18000000,63717.17000000,63477.95000000,63667.99000000,312.69187000
2026-08-17T07:00:00+00:00,BTC/USDT,1h,63668.00000000,63668.00000000,63500.00000000,63514.45000000,696.41924000
2026-08-17T08:00:00+00:00,BTC/USDT,1h,63514.45000000,63545.08000000,63350.00000000,63380.84000000,520.36494000
2026-08-17T09:00:00+00:00,BTC/USDT,1h,63380.83000000,63428.00000000,63295.00000000,63323.96000000,311.26926000
2026-08-17T10:00:00+00:00,BTC/USDT,1h,63323.97000000,63694.26000000,63300.25000000,63692.21000000,683.00101000
2026-08-17T11:00:00+00:00,BTC/USDT,1h,63692.20000000,63781.69000000,63587.05000000,63631.10000000,428.28018000
2026-08-17T12:00:00+00:00,BTC/USDT,1h,63631.11000000,63680.00000000,63533.06000000,63554.69000000,405.66003000
2026-08-17T13:00:00+00:00,BTC/USDT,1h,63554.70000000,63799.64000000,63444.17000000,63672.36000000,585.29579000
2026-08-17T14:00:00+00:00,BTC/USDT,1h,63672.37000000,63904.76000000,63588.00000000,63902.63000000,583.47166000
2026-08-17T15:00:00+00:00,BTC/USDT,1h,63902.63000000,64227.27000000,63812.35000000,64200.00000000,1356.14350000
2026-08-17T16:00:00+00:00,BTC/USDT,1h,64200.00000000,64216.42000000,64058.00000000,64115.76000000,671.84426000
2026-08-17T17:00:00+00:00,BTC/USDT,1h,64115.76000000,64425.00000000,63979.30000000,64325.99000000,1418.98310000
2026-08-17T18:00:00+00:00,BTC/USDT,1h,64325.99000000,64610.01000000,64280.49000000,64428.87000000,1040.45275000
2026-08-17T19:00:00+00:00,BTC/USDT,1h,64428.88000000,64428.88000000,64288.35000000,64309.96000000,452.68874000
2026-08-17T20:00:00+00:00,BTC/USDT,1h,64309.95000000,64434.00000000,64266.00000000,64392.73000000,244.13801000
2026-08-17T21:00:00+00:00,BTC/USDT,1h,64392.72000000,64434.76000000,64296.00000000,64382.02000000,218.14648000
2026-08-17T22:00:00+00:00,BTC/USDT,1h,64382.02000000,64416.00000000,64283.49000000,64291.25000000,321.62233000
2026-08-17T23:00:00+00:00,BTC/USDT,1h,64291.26000000,64578.00000000,64288.24000000,64532.10000000,350.04837000
2026-08-18T00:00:00+00:00,BTC/USDT,1h,64532.11000000,64568.46000000,64367.27000000,64383.71000000,332.90310000
2026-08-18T01:00:00+00:00,BTC/USDT,1h,64383.72000000,64387.71000000,64156.00000000,64200.06000000,378.48537000
2026-08-18T02:00:00+00:00,BTC/USDT,1h,64200.06000000,64272.00000000,64048.00000000,64103.22000000,442.34864000
2026-08-18T03:00:00+00:00,BTC/USDT,1h,64103.22000000,64195.45000000,64047.73000000,64185.01000000,577.49413000
2026-08-18T04:00:00+00:00,BTC/USDT,1h,64185.00000000,64250.69000000,64090.00000000,64210.32000000,739.25374000
2026-08-18T05:00:00+00:00,BTC/USDT,1h,64210.33000000,64276.00000000,64140.00000000,64242.76000000,1323.90812000
2026-08-18T06:00:00+00:00,BTC/USDT,1h,64242.76000000,64446.00000000,64170.00000000,64318.03000000,694.76570000
2026-08-18T07:00:00+00:00,BTC/USDT,1h,64318.03000000,64350.00000000,64164.00000000,64198.97000000,394.05527000
2026-08-18T08:00:00+00:00,BTC/USDT,1h,64198.97000000,64336.00000000,64087.98000000,64296.02000000,402.40674000
2026-08-18T09:00:00+00:00,BTC/USDT,1h,64296.01000000,64296.01000000,64140.00000000,64171.95000000,269.49893000
2026-08-18T10:00:00+00:00,BTC/USDT,1h,64171.95000000,64216.00000000,64123.42000000,64202.80000000,219.75251000
2026-08-18T11:00:00+00:00,BTC/USDT,1h,64202.81000000,64402.35000000,64192.42000000,64351.19000000,310.52659000
2026-08-18T12:00:00+00:00,BTC/USDT,1h,64351.18000000,64355.64000000,64218.45000000,64230.02000000,236.94493000
2026-08-18T13:00:00+00:00,BTC/USDT,1h,64230.02000000,64284.00000000,64027.85000000,64219.99000000,1179.78725000
2026-08-18T14:00:00+00:00,BTC/USDT,1h,64219.99000000,65058.81000000,64219.99000000,64714.16000000,1757.31459000
2026-08-18T15:00:00+00:00,BTC/USDT,1h,64714.16000000,64888.00000000,64652.00000000,64855.06000000,513.17463000
2026-08-18T16:00:00+00:00,BTC/USDT,1h,64855.06000000,64891.81000000,64675.50000000,64840.00000000,419.07089000
2026-08-18T17:00:00+00:00,BTC/USDT,1h,64840.00000000,64840.01000000,64670.02000000,64670.02000000,400.18777000
2026-08-18T18:00:00+00:00,BTC/USDT,1h,64670.02000000,64822.00000000,64656.00000000,64772.00000000,219.38960000
2026-08-18T19:00:00+00:00,BTC/USDT,1h,64771.99000000,64796.00000000,64642.36000000,64643.26000000,185.09854000
2026-08-18T20:00:00+00:00,BTC/USDT,1h,64643.27000000,64654.87000000,64568.00000000,64582.39000000,191.92081000
2026-08-18T21:00:00+00:00,BTC/USDT,1h,64582.38000000,64653.97000000,64571.48000000,64604.58000000,187.67225000
2026-08-18T22:00:00+00:00,BTC/USDT,1h,64604.58000000,64648.00000000,64562.25000000,64634.00000000,200.09422000
2026-08-18T23:00:00+00:00,BTC/USDT,1h,64634.00000000,64780.00000000,64631.15000000,64725.42000000,213.85880000
2026-08-19T00:00:00+00:00,BTC/USDT,1h,64725.42000000,64736.27000000,64488.00000000,64488.00000000,247.80518000
2026-08-19T01:00:00+00:00,BTC/USDT,1h,64488.00000000,64551.47000000,64389.27000000,64400.48000000,314.28140000
2026-08-19T02:00:00+00:00,BTC/USDT,1h,64400.47000000,64414.65000000,64350.00000000,64351.90000000,547.93834000
2026-08-19T03:00:00+00:00,BTC/USDT,1h,64351.86000000,64414.00000000,64278.00000000,64330.71000000,258.70445000
2026-08-19T04:00:00+00:00,BTC/USDT,1h,64330.70000000,64391.80000000,64293.43000000,64316.22000000,402.06932000
2026-08-19T05:00:00+00:00,BTC/USDT,1h,64316.22000000,64409.93000000,64236.00000000,64236.01000000,258.31718000
2026-08-19T06:00:00+00:00,BTC/USDT,1h,64236.01000000,64344.00000000,64166.00000000,64339.80000000,531.39508000
2026-08-19T07:00:00+00:00,BTC/USDT,1h,64339.80000000,64395.78000000,64271.78000000,64296.00000000,630.66386000
2026-08-19T08:00:00+00:00,BTC/USDT,1h,64296.01000000,64510.95000000,64255.00000000,64413.95000000,381.23164000
2026-08-19T09:00:00+00:00,BTC/USDT,1h,64413.95000000,64470.66000000,64360.70000000,64427.06000000,228.19510000
2026-08-19T10:00:00+00:00,BTC/USDT,1h,64427.07000000,64456.71000000,64373.24000000,64456.71000000,262.84871000
2026-08-19T11:00:00+00:00,BTC/USDT,1h,64456.71000000,64539.05000000,64454.99000000,64515.63000000,286.02228000
2026-08-19T12:00:00+00:00,BTC/USDT,1h,64515.62000000,64988.00000000,64474.86000000,64882.15000000,785.09851000
2026-08-19T13:00:00+00:00,BTC/USDT,1h,64882.15000000,65217.86000000,64793.29000000,65012.12000000,1619.46727000
2026-08-19T14:00:00+00:00,BTC/USDT,1h,65012.12000000,65970.00000000,65012.11000000,65923.21000000,2365.56793000
2026-08-19T15:00:00+00:00,BTC/USDT,1h,65923.21000000,69500.00000000,65892.00000000,68554.00000000,9262.86965000
2026-08-19T16:00:00+00:00,BTC/USDT,1h,68554.00000000,68997.00000000,68416.36000000,68465.27000000,2013.58518000
2026-08-19T17:00:00+00:00,BTC/USDT,1h,68465.26000000,68546.22000000,67825.03000000,68197.29000000,1708.46485000
2026-08-19T18:00:00+00:00,BTC/USDT,1h,68197.30000000,68453.43000000,68042.00000000,68395.99000000,626.01288000
2026-08-19T19:00:00+00:00,BTC/USDT,1h,68396.00000000,68483.52000000,68103.71000000,68429.44000000,730.52396000
2026-08-19T20:00:00+00:00,BTC/USDT,1h,68429.44000000,69579.99000000,68390.00000000,69048.06000000,1419.23549000
2026-08-19T21:00:00+00:00,BTC/USDT,1h,69048.06000000,70000.00000000,68984.78000000,69709.46000000,2102.52662000
2026-08-19T22:00:00+00:00,BTC/USDT,1h,69709.47000000,69833.99000000,68980.00000000,69258.90000000,1240.65644000
2026-08-19T23:00:00+00:00,BTC/USDT,1h,69258.90000000,69453.88000000,69160.00000000,69334.79000000,830.81844000
2026-08-20T00:00:00+00:00,BTC/USDT,1h,69334.78000000,69793.21000000,69314.01000000,69420.00000000,1392.50902000
2026-08-20T01:00:00+00:00,BTC/USDT,1h,69420.00000000,69894.50000000,69283.25000000,69721.92000000,864.23959000
2026-08-20T02:00:00+00:00,BTC/USDT,1h,69721.92000000,69824.00000000,69268.00000000,69301.27000000,929.59108000
2026-08-20T03:00:00+00:00,BTC/USDT,1h,69301.27000000,69340.00000000,68902.22000000,69195.64000000,941.77624000
2026-08-20T04:00:00+00:00,BTC/USDT,1h,69195.64000000,69599.01000000,69166.00000000,69492.01000000,712.36152000
2026-08-20T05:00:00+00:00,BTC/USDT,1h,69492.00000000,69668.00000000,69349.16000000,69406.54000000,1261.47615000
2026-08-20T06:00:00+00:00,BTC/USDT,1h,69406.53000000,69927.97000000,69336.97000000,69851.99000000,1346.47743000
2026-08-20T07:00:00+00:00,BTC/USDT,1h,69851.99000000,70022.00000000,69506.91000000,69816.45000000,2107.14536000
2026-08-20T08:00:00+00:00,BTC/USDT,1h,69816.45000000,71826.26000000,69772.36000000,71592.10000000,4173.84476000
2026-08-20T09:00:00+00:00,BTC/USDT,1h,71592.11000000,72067.46000000,71500.00000000,71789.97000000,3166.23325000
2026-08-20T10:00:00+00:00,BTC/USDT,1h,71789.97000000,72490.00000000,71686.58000000,71995.99000000,2350.96460000
2026-08-20T11:00:00+00:00,BTC/USDT,1h,71995.99000000,72322.00000000,71820.00000000,71927.07000000,1357.58479000
2026-08-20T12:00:00+00:00,BTC/USDT,1h,71927.07000000,72015.42000000,71501.00000000,71952.04000000,1576.86402000
2026-08-20T13:00:00+00:00,BTC/USDT,1h,71952.04000000,72108.80000000,71132.00000000,71691.99000000,2151.90860000
2026-08-20T14:00:00+00:00,BTC/USDT,1h,71692.00000000,71990.09000000,71364.01000000,71826.85000000,1441.04171000
2026-08-20T15:00:00+00:00,BTC/USDT,1h,71826.85000000,72830.00000000,71789.01000000,72470.83000000,2926.73520000
2026-08-20T16:00:00+00:00,BTC/USDT,1h,72470.84000000,72905.00000000,72205.88000000,72837.15000000,1324.40386000
2026-08-20T17:00:00+00:00,BTC/USDT,1h,72837.15000000,72966.00000000,72534.71000000,72737.50000000,1268.41951000
2026-08-20T18:00:00+00:00,BTC/USDT,1h,72737.51000000,72810.00000000,72394.00000000,72431.36000000,968.00662000
2026-08-20T19:00:00+00:00,BTC/USDT,1h,72431.35000000,72774.00000000,72330.00000000,72690.76000000,818.65084000
2026-08-20T20:00:00+00:00,BTC/USDT,1h,72690.76000000,73110.70000000,72594.00000000,72671.75000000,871.61952000
2026-08-20T21:00:00+00:00,BTC/USDT,1h,72671.76000000,72848.00000000,72557.00000000,72741.81000000,501.87504000
2026-08-20T22:00:00+00:00,BTC/USDT,1h,72741.81000000,72878.00000000,72498.00000000,72676.22000000,520.26326000
2026-08-20T23:00:00+00:00,BTC/USDT,1h,72676.23000000,73400.00000000,72664.56000000,73025.15000000,930.80090000
2026-08-21T00:00:00+00:00,BTC/USDT,1h,73027.02000000,73990.00000000,73027.02000000,73708.02000000,1919.94005000
2026-08-21T01:00:00+00:00,BTC/USDT,1h,73707.82000000,75785.82000000,73668.00000000,75129.23000000,3173.32947000
2026-08-21T02:00:00+00:00,BTC/USDT,1h,75129.23000000,75197.08000000,74384.63000000,74439.74000000,1716.15486000
2026-08-21T03:00:00+00:00,BTC/USDT,1h,74439.75000000,74882.24000000,74247.46000000,74510.77000000,1039.80072000
2026-08-21T04:00:00+00:00,BTC/USDT,1h,74510.77000000,75054.46000000,74510.77000000,75026.00000000,825.51685000
2026-08-21T05:00:00+00:00,BTC/USDT,1h,75026.00000000,75500.00000000,74918.79000000,75472.73000000,1138.68225000
2026-08-21T06:00:00+00:00,BTC/USDT,1h,75472.73000000,75753.00000000,75104.00000000,75646.21000000,1382.10073000
2026-08-21T07:00:00+00:00,BTC/USDT,1h,75646.20000000,76916.95000000,75620.00000000,76308.65000000,3775.56433000
2026-08-21T08:00:00+00:00,BTC/USDT,1h,76308.66000000,79500.00000000,76235.76000000,79258.03000000,4366.47306000
2026-08-21T09:00:00+00:00,BTC/USDT,1h,79258.02000000,79363.79000000,77251.00000000,77910.71000000,4167.07817000
2026-08-21T10:00:00+00:00,BTC/USDT,1h,77910.71000000,78250.00000000,77621.80000000,77810.02000000,1604.18384000
2026-08-21T11:00:00+00:00,BTC/USDT,1h,77810.01000000,77855.78000000,76411.38000000,76722.32000000,2387.74046000
2026-08-21T12:00:00+00:00,BTC/USDT,1h,76722.31000000,77477.24000000,76538.00000000,77223.66000000,2680.17653000
2026-08-21T13:00:00+00:00,BTC/USDT,1h,77223.66000000,77700.00000000,76243.04000000,77266.87000000,2022.51306000
2026-08-21T14:00:00+00:00,BTC/USDT,1h,77266.88000000,77448.26000000,76552.74000000,77384.68000000,1855.76373000
2026-08-21T15:00:00+00:00,BTC/USDT,1h,77384.69000000,77871.33000000,77170.00000000,77221.98000000,1316.36575000
2026-08-21T16:00:00+00:00,BTC/USDT,1h,77221.98000000,77563.53000000,76784.81000000,77486.01000000,1368.21973000
2026-08-21T17:00:00+00:00,BTC/USDT,1h,77486.01000000,77722.12000000,77189.95000000,77392.68000000,1099.33856000
2026-08-21T18:00:00+00:00,BTC/USDT,1h,77392.69000000,77550.00000000,76643.72000000,77146.00000000,1247.39698000
2026-08-21T19:00:00+00:00,BTC/USDT,1h,77145.99000000,77360.00000000,76856.20000000,77028.94000000,1151.33799000
2026-08-21T20:00:00+00:00,BTC/USDT,1h,77028.94000000,77548.99000000,76863.56000000,77520.19000000,905.49008000
2026-08-21T21:00:00+00:00,BTC/USDT,1h,77520.19000000,78675.10000000,77388.00000000,78505.15000000,1351.97974000
2026-08-21T22:00:00+00:00,BTC/USDT,1h,78505.14000000,78760.68000000,78081.80000000,78460.14000000,1022.82210000
2026-08-21T23:00:00+00:00,BTC/USDT,1h,78460.13000000,78720.00000000,78100.26000000,78338.03000000,821.59664000
2026-08-22T00:00:00+00:00,BTC/USDT,1h,78338.03000000,78500.00000000,77683.37000000,77953.30000000,822.10615000
2026-08-22T01:00:00+00:00,BTC/USDT,1h,77953.30000000,78234.00000000,77816.66000000,77830.01000000,612.96043000
2026-08-22T02:00:00+00:00,BTC/USDT,1h,77830.01000000,78563.83000000,77791.19000000,78470.00000000,965.16893000
2026-08-22T03:00:00+00:00,BTC/USDT,1h,78470.00000000,78828.15000000,78372.00000000,78410.98000000,734.80310000
2026-08-22T04:00:00+00:00,BTC/USDT,1h,78410.98000000,78818.00000000,78207.61000000,78470.00000000,738.35305000
2026-08-22T05:00:00+00:00,BTC/USDT,1h,78470.00000000,78584.00000000,76500.00000000,77380.75000000,3816.35200000
2026-08-22T06:00:00+00:00,BTC/USDT,1h,77380.75000000,77572.16000000,76985.14000000,77486.09000000,838.31259000
2026-08-22T07:00:00+00:00,BTC/USDT,1h,77486.09000000,77669.28000000,77220.00000000,77289.18000000,634.34953000
2026-08-22T08:00:00+00:00,BTC/USDT,1h,77289.18000000,77445.60000000,77037.42000000,77210.55000000,870.47609000
2026-08-22T09:00:00+00:00,BTC/USDT,1h,77210.55000000,77395.04000000,76851.25000000,77061.99000000,1089.30988000
2026-08-22T10:00:00+00:00,BTC/USDT,1h,77062.00000000,77187.46000000,76533.87000000,76976.00000000,1058.83574000
2026-08-22T11:00:00+00:00,BTC/USDT,1h,76976.01000000,77204.68000000,76772.05000000,77130.02000000,729.38003000
2026-08-22T12:00:00+00:00,BTC/USDT,1h,77130.01000000,77387.99000000,77073.86000000,77300.27000000,529.84412000
2026-08-22T13:00:00+00:00,BTC/USDT,1h,77300.27000000,77362.03000000,77116.00000000,77288.62000000,471.58740000
2026-08-22T14:00:00+00:00,BTC/USDT,1h,77288.62000000,77305.14000000,76930.00000000,77003.62000000,534.05012000
2026-08-22T15:00:00+00:00,BTC/USDT,1h,77003.62000000,77100.77000000,76880.00000000,76978.83000000,465.28762000
2026-08-22T16:00:00+00:00,BTC/USDT,1h,76978.83000000,77547.96000000,76956.36000000,77288.01000000,537.52059000
2026-08-22T17:00:00+00:00,BTC/USDT,1h,77288.01000000,77369.99000000,77066.66000000,77278.01000000,367.89271000
2026-08-22T18:00:00+00:00,BTC/USDT,1h,77278.01000000,77360.92000000,77138.00000000,77257.86000000,246.33381000
2026-08-22T19:00:00+00:00,BTC/USDT,1h,77257.87000000,77469.64000000,77206.53000000,77418.25000000,260.41653000
2026-08-22T20:00:00+00:00,BTC/USDT,1h,77418.26000000,77467.53000000,77258.00000000,77311.69000000,351.69043000
2026-08-22T21:00:00+00:00,BTC/USDT,1h,77311.69000000,77311.69000000,76828.78000000,76856.01000000,472.54194000
2026-08-22T22:00:00+00:00,BTC/USDT,1h,76856.00000000,77155.46000000,76772.00000000,76997.76000000,933.98314000
2026-08-22T23:00:00+00:00,BTC/USDT,1h,76997.77000000,77126.53000000,76900.00000000,77074.93000000,442.95254000
2026-08-23T00:00:00+00:00,BTC/USDT,1h,77074.94000000,77359.53000000,77042.91000000,77302.65000000,422.64795000
2026-08-23T01:00:00+00:00,BTC/USDT,1h,77302.65000000,77400.00000000,77158.00000000,77190.29000000,315.93460000
2026-08-23T02:00:00+00:00,BTC/USDT,1h,77190.29000000,77232.55000000,77005.88000000,77079.46000000,272.44621000
2026-08-23T03:00:00+00:00,BTC/USDT,1h,77079.46000000,77136.78000000,76837.00000000,76927.87000000,542.03792000
2026-08-23T04:00:00+00:00,BTC/USDT,1h,76927.87000000,77036.58000000,76477.04000000,76602.00000000,1142.31377000
2026-08-23T05:00:00+00:00,BTC/USDT,1h,76602.00000000,76730.99000000,75545.67000000,76053.37000000,2021.52468000
2026-08-23T06:00:00+00:00,BTC/USDT,1h,76053.38000000,76357.51000000,75872.89000000,76096.95000000,788.44492000
2026-08-23T07:00:00+00:00,BTC/USDT,1h,76096.96000000,76345.31000000,75907.82000000,76007.13000000,498.42122000
2026-08-23T08:00:00+00:00,BTC/USDT,1h,76007.12000000,76654.78000000,75952.09000000,76486.49000000,773.49224000
2026-08-23T09:00:00+00:00,BTC/USDT,1h,76486.49000000,76640.21000000,76467.00000000,76549.98000000,346.37256000
2026-08-23T10:00:00+00:00,BTC/USDT,1h,76549.99000000,76924.29000000,76542.00000000,76790.35000000,533.71157000
2026-08-23T11:00:00+00:00,BTC/USDT,1h,76790.35000000,77400.00000000,76744.94000000,77311.02000000,784.82342000
2026-08-23T12:00:00+00:00,BTC/USDT,1h,77311.02000000,77311.99000000,76975.63000000,77206.00000000,446.59889000
2026-08-23T13:00:00+00:00,BTC/USDT,1h,77206.01000000,77765.80000000,77192.21000000,77487.62000000,955.92825000
2026-08-23T14:00:00+00:00,BTC/USDT,1h,77487.62000000,77640.58000000,76802.00000000,77186.00000000,1015.68445000
2026-08-23T15:00:00+00:00,BTC/USDT,1h,77186.00000000,77336.93000000,76913.49000000,77156.13000000,562.15936000
2026-08-23T16:00:00+00:00,BTC/USDT,1h,77156.14000000,77475.00000000,77156.13000000,77429.88000000,303.23960000
2026-08-23T17:00:00+00:00,BTC/USDT,1h,77429.87000000,77443.95000000,77148.20000000,77176.41000000,396.15987000
2026-08-23T18:00:00+00:00,BTC/USDT,1h,77176.41000000,77415.33000000,77116.00000000,77341.98000000,670.17194000
2026-08-23T19:00:00+00:00,BTC/USDT,1h,77341.99000000,77487.04000000,77255.99000000,77346.01000000,294.93858000
2026-08-23T20:00:00+00:00,BTC/USDT,1h,77346.00000000,77460.00000000,77200.03000000,77401.60000000,169.97755000
2026-08-23T21:00:00+00:00,BTC/USDT,1h,77401.59000000,78052.85000000,77401.59000000,77833.23000000,861.63202000
2026-08-23T22:00:00+00:00,BTC/USDT,1h,77833.23000000,77979.00000000,77560.02000000,77598.88000000,587.36494000
2026-08-23T23:00:00+00:00,BTC/USDT,1h,77598.87000000,77829.70000000,77290.22000000,77734.00000000,661.20534000
2026-08-24T00:00:00+00:00,BTC/USDT,1h,77734.00000000,77742.00000000,77142.85000000,77679.50000000,630.62998000
2026-08-24T01:00:00+00:00,BTC/USDT,1h,77679.51000000,77717.28000000,76918.00000000,76922.10000000,853.47221000
2026-08-24T02:00:00+00:00,BTC/USDT,1h,76922.11000000,77545.08000000,76883.61000000,77478.69000000,732.44390000
2026-08-24T03:00:00+00:00,BTC/USDT,1h,77478.70000000,77532.37000000,76933.00000000,76933.02000000,1447.49069000
2026-08-24T04:00:00+00:00,BTC/USDT,1h,76933.02000000,77247.12000000,76670.01000000,76897.44000000,1191.36747000
2026-08-24T05:00:00+00:00,BTC/USDT,1h,76897.44000000,77226.93000000,76842.72000000,77149.40000000,884.51745000
2026-08-24T06:00:00+00:00,BTC/USDT,1h,77149.39000000,77525.09000000,77071.00000000,77464.33000000,745.98390000
2026-08-24T07:00:00+00:00,BTC/USDT,1h,77464.33000000,77790.19000000,77281.68000000,77307.15000000,681.33125000
2026-08-24T08:00:00+00:00,BTC/USDT,1h,77307.14000000,77414.88000000,76838.00000000,77041.47000000,921.46444000
2026-08-24T09:00:00+00:00,BTC/USDT,1h,77041.46000000,77602.80000000,77028.00000000,77554.08000000,523.00977000
2026-08-24T10:00:00+00:00,BTC/USDT,1h,77554.08000000,78017.00000000,77534.09000000,77617.22000000,1113.08488000
2026-08-24T11:00:00+00:00,BTC/USDT,1h,77617.23000000,78600.00000000,77450.00000000,78443.65000000,1324.46087000
2026-08-24T12:00:00+00:00,BTC/USDT,1h,78443.65000000,79326.48000000,77982.00000000,79159.99000000,1858.84351000
2026-08-24T13:00:00+00:00,BTC/USDT,1h,79159.98000000,79450.00000000,77851.90000000,78597.99000000,3300.58408000
2026-08-24T14:00:00+00:00,BTC/USDT,1h,78597.99000000,79841.12000000,78597.99000000,79510.92000000,3230.14333000
2026-08-24T15:00:00+00:00,BTC/USDT,1h,79510.93000000,80000.00000000,78824.78000000,79100.01000000,3666.17565000
2026-08-24T16:00:00+00:00,BTC/USDT,1h,79100.01000000,79877.87000000,78901.10000000,79047.60000000,1877.28842000
2026-08-24T17:00:00+00:00,BTC/USDT,1h,79047.61000000,79198.00000000,78468.61000000,78761.14000000,1637.93002000
2026-08-24T18:00:00+00:00,BTC/USDT,1h,78761.14000000,79084.22000000,78718.01000000,78928.35000000,783.83103000
2026-08-24T19:00:00+00:00,BTC/USDT,1h,78928.35000000,79118.42000000,78600.00000000,78758.00000000,1063.06502000
2026-08-24T20:00:00+00:00,BTC/USDT,1h,78757.99000000,78996.00000000,78560.00000000,78932.33000000,421.20967000
2026-08-24T21:00:00+00:00,BTC/USDT,1h,78932.33000000,79049.40000000,78853.43000000,78984.23000000,302.47665000
2026-08-24T22:00:00+00:00,BTC/USDT,1h,78984.23000000,78988.00000000,78692.00000000,78740.00000000,351.77026000
2026-08-24T23:00:00+00:00,BTC/USDT,1h,78740.00000000,79017.76000000,78622.13000000,78992.75000000,636.71946000
2026-08-25T00:00:00+00:00,BTC/USDT,1h,78992.76000000,79888.00000000,78715.63000000,79739.99000000,1133.49463000
2026-08-25T01:00:00+00:00,BTC/USDT,1h,79739.99000000,79985.41000000,79478.00000000,79828.00000000,1067.23419000
2026-08-25T02:00:00+00:00,BTC/USDT,1h,79828.00000000,81272.62000000,79742.00000000,80649.63000000,3314.90532000
2026-08-25T03:00:00+00:00,BTC/USDT,1h,80649.62000000,80956.00000000,80314.31000000,80488.01000000,1359.49076000
2026-08-25T04:00:00+00:00,BTC/USDT,1h,80488.01000000,80608.00000000,80150.00000000,80363.73000000,898.81211000
2026-08-25T05:00:00+00:00,BTC/USDT,1h,80363.74000000,80821.53000000,80322.00000000,80731.90000000,994.03992000
2026-08-25T06:00:00+00:00,BTC/USDT,1h,80731.90000000,80923.69000000,80420.00000000,80574.09000000,745.39881000
2026-08-25T07:00:00+00:00,BTC/USDT,1h,80574.09000000,80819.67000000,79369.17000000,79705.79000000,1307.68383000
2026-08-25T08:00:00+00:00,BTC/USDT,1h,79705.79000000,80249.00000000,79622.00000000,79930.77000000,788.31559000
2026-08-25T09:00:00+00:00,BTC/USDT,1h,79930.76000000,79958.00000000,78888.00000000,79187.20000000,1475.28510000
2026-08-25T10:00:00+00:00,BTC/USDT,1h,79187.20000000,79484.01000000,78992.00000000,79309.63000000,836.94668000
2026-08-25T11:00:00+00:00,BTC/USDT,1h,79309.63000000,79463.59000000,79044.18000000,79117.99000000,617.29432000
2026-08-25T12:00:00+00:00,BTC/USDT,1h,79118.00000000,79171.88000000,78640.00000000,78980.00000000,1007.34070000
2026-08-25T13:00:00+00:00,BTC/USDT,1h,78980.01000000,79222.00000000,78120.74000000,78647.99000000,1734.12220000
2026-08-25T14:00:00+00:00,BTC/USDT,1h,78648.00000000,79386.94000000,78531.55000000,79235.99000000,1216.06528000
2026-08-25T15:00:00+00:00,BTC/USDT,1h,79236.00000000,79527.09000000,79020.04000000,79502.01000000,794.08262000
2026-08-25T16:00:00+00:00,BTC/USDT,1h,79502.01000000,79563.71000000,79067.72000000,79156.02000000,676.17870000
2026-08-25T17:00:00+00:00,BTC/USDT,1h,79156.02000000,79256.08000000,78752.06000000,79240.01000000,747.28203000
2026-08-25T18:00:00+00:00,BTC/USDT,1h,79240.02000000,79380.00000000,79048.44000000,79128.00000000,469.50082000
2026-08-25T19:00:00+00:00,BTC/USDT,1h,79128.01000000,79233.57000000,78728.35000000,78925.95000000,702.86873000
2026-08-25T20:00:00+00:00,BTC/USDT,1h,78925.96000000,78976.00000000,78165.27000000,78206.13000000,777.55096000
2026-08-25T21:00:00+00:00,BTC/USDT,1h,78206.14000000,78664.00000000,77851.00000000,78570.00000000,840.88883000
2026-08-25T22:00:00+00:00,BTC/USDT,1h,78569.99000000,79000.00000000,78569.99000000,78889.51000000,577.33833000
2026-08-25T23:00:00+00:00,BTC/USDT,1h,78889.51000000,78977.49000000,78396.88000000,78539.14000000,690.39348000
2026-08-26T00:00:00+00:00,BTC/USDT,1h,78539.13000000,78721.48000000,78312.00000000,78631.79000000,680.65038000
2026-08-26T01:00:00+00:00,BTC/USDT,1h,78631.70000000,78960.00000000,78607.29000000,78815.13000000,572.39774000
2026-08-26T02:00:00+00:00,BTC/USDT,1h,78815.13000000,79251.60000000,78748.56000000,79108.00000000,505.52805000
2026-08-26T03:00:00+00:00,BTC/USDT,1h,79108.01000000,79184.00000000,78900.00000000,79088.62000000,453.50631000
2026-08-26T04:00:00+00:00,BTC/USDT,1h,79088.61000000,79200.00000000,78790.68000000,78826.00000000,482.93427000
2026-08-26T05:00:00+00:00,BTC/USDT,1h,78826.00000000,79143.62000000,78638.00000000,79085.98000000,515.23689000
2026-08-26T06:00:00+00:00,BTC/USDT,1h,79085.98000000,79206.00000000,78816.00000000,78947.92000000,459.35770000
2026-08-26T07:00:00+00:00,BTC/USDT,1h,78947.92000000,79096.00000000,78867.00000000,78925.56000000,516.24118000
2026-08-26T08:00:00+00:00,BTC/USDT,1h,78925.57000000,79119.37000000,78600.00000000,78707.59000000,995.42693000
2026-08-26T09:00:00+00:00,BTC/USDT,1h,78707.59000000,78877.02000000,78244.83000000,78444.49000000,553.36821000
2026-08-26T10:00:00+00:00,BTC/USDT,1h,78444.50000000,78879.75000000,78291.09000000,78727.45000000,367.28381000
2026-08-26T11:00:00+00:00,BTC/USDT,1h,78727.46000000,78782.00000000,78317.00000000,78487.26000000,413.44093000
2026-08-26T12:00:00+00:00,BTC/USDT,1h,78487.26000000,78713.79000000,77918.25000000,78319.59000000,1022.94925000
2026-08-26T13:00:00+00:00,BTC/USDT,1h,78319.58000000,78554.00000000,77913.19000000,78448.66000000,943.22287000
2026-08-26T14:00:00+00:00,BTC/USDT,1h,78448.66000000,78603.41000000,77774.00000000,77790.48000000,1051.14695000
2026-08-26T15:00:00+00:00,BTC/USDT,1h,77790.48000000,78167.26000000,77632.58000000,78011.65000000,712.24119000
2026-08-26T16:00:00+00:00,BTC/USDT,1h,78011.64000000,78161.73000000,77858.00000000,77991.30000000,600.54786000
2026-08-26T17:00:00+00:00,BTC/USDT,1h,77991.29000000,78603.00000000,77991.29000000,78442.83000000,585.12324000
2026-08-26T18:00:00+00:00,BTC/USDT,1h,78442.84000000,78650.26000000,78280.01000000,78472.41000000,337.24489000
2026-08-26T19:00:00+00:00,BTC/USDT,1h,78472.41000000,78572.00000000,78292.00000000,78475.49000000,466.85134000
2026-08-26T20:00:00+00:00,BTC/USDT,1h,78475.49000000,78521.70000000,78200.00000000,78452.04000000,322.22426000
2026-08-26T21:00:00+00:00,BTC/USDT,1h,78452.04000000,78845.06000000,78392.19000000,78724.01000000,428.48439000
2026-08-26T22:00:00+00:00,BTC/USDT,1h,78724.00000000,78975.85000000,78554.00000000,78700.00000000,931.26213000
2026-08-26T23:00:00+00:00,BTC/USDT,1h,78700.00000000,79174.12000000,78654.00000000,79023.75000000,697.08810000
2026-08-27T00:00:00+00:00,BTC/USDT,1h,79023.75000000,79028.49000000,78690.01000000,78690.01000000,527.82725000
2026-08-27T01:00:00+00:00,BTC/USDT,1h,78690.02000000,79017.99000000,78546.13000000,78898.67000000,520.71745000
2026-08-27T02:00:00+00:00,BTC/USDT,1h,78898.68000000,78978.00000000,78704.62000000,78717.76000000,429.02181000
2026-08-27T03:00:00+00:00,BTC/USDT,1h,78717.76000000,78990.00000000,78643.23000000,78830.68000000,357.29079000
2026-08-27T04:00:00+00:00,BTC/USDT,1h,78830.68000000,78900.00000000,78684.18000000,78783.99000000,181.61392000
2026-08-27T05:00:00+00:00,BTC/USDT,1h,78783.99000000,78928.00000000,78600.00000000,78912.55000000,297.32854000
2026-08-27T06:00:00+00:00,BTC/USDT,1h,78912.54000000,78912.55000000,78604.78000000,78817.49000000,399.15003000
2026-08-27T07:00:00+00:00,BTC/USDT,1h,78817.50000000,79095.99000000,78754.00000000,79082.17000000,345.94116000
2026-08-27T08:00:00+00:00,BTC/USDT,1h,79082.18000000,80022.00000000,79048.00000000,79755.99000000,1705.62217000
2026-08-27T09:00:00+00:00,BTC/USDT,1h,79756.00000000,80520.00000000,79683.09000000,79986.00000000,1131.87984000
2026-08-27T10:00:00+00:00,BTC/USDT,1h,79986.00000000,80158.15000000,79342.00000000,79626.00000000,684.67175000
2026-08-27T11:00:00+00:00,BTC/USDT,1h,79625.99000000,79766.30000000,79172.65000000,79477.67000000,621.11446000
2026-08-27T12:00:00+00:00,BTC/USDT,1h,79477.66000000,79596.00000000,79266.00000000,79282.31000000,505.96518000
2026-08-27T13:00:00+00:00,BTC/USDT,1h,79282.31000000,79568.00000000,78920.00000000,79533.15000000,1143.32188000
2026-08-27T14:00:00+00:00,BTC/USDT,1h,79533.16000000,80388.00000000,79354.47000000,80204.05000000,1464.19180000
2026-08-27T15:00:00+00:00,BTC/USDT,1h,80204.06000000,80799.91000000,80094.00000000,80302.32000000,1415.34964000
2026-08-27T16:00:00+00:00,BTC/USDT,1h,80302.32000000,80624.00000000,80189.39000000,80374.00000000,957.98058000
2026-08-27T17:00:00+00:00,BTC/USDT,1h,80374.00000000,80848.74000000,80230.00000000,80442.46000000,973.76075000
2026-08-27T18:00:00+00:00,BTC/USDT,1h,80442.47000000,80442.47000000,79749.70000000,80150.69000000,662.82544000
2026-08-27T19:00:00+00:00,BTC/USDT,1h,80150.69000000,80294.11000000,79886.00000000,79910.19000000,514.60852000
2026-08-27T20:00:00+00:00,BTC/USDT,1h,79910.19000000,80120.00000000,79882.86000000,80096.00000000,282.87253000
2026-08-27T21:00:00+00:00,BTC/USDT,1h,80096.00000000,80184.00000000,79975.74000000,80184.00000000,278.41542000
2026-08-27T22:00:00+00:00,BTC/USDT,1h,80184.00000000,80432.36000000,80150.00000000,80303.21000000,534.24073000
2026-08-27T23:00:00+00:00,BTC/USDT,1h,80303.21000000,80393.60000000,80134.00000000,80249.58000000,329.82531000
2026-08-28T00:00:00+00:00,BTC/USDT,1h,80249.59000000,80705.37000000,80153.99000000,80576.00000000,516.59696000
2026-08-28T01:00:00+00:00,BTC/USDT,1h,80575.99000000,81478.87000000,80434.15000000,80500.38000000,1463.05089000
2026-08-28T02:00:00+00:00,BTC/USDT,1h,80500.38000000,80500.38000000,79723.02000000,79926.11000000,1190.20509000
2026-08-28T03:00:00+00:00,BTC/USDT,1h,79926.11000000,80060.01000000,79775.61000000,79810.49000000,530.69453000
2026-08-28T04:00:00+00:00,BTC/USDT,1h,79810.48000000,79970.50000000,79603.81000000,79643.81000000,562.86792000
2026-08-28T05:00:00+00:00,BTC/USDT,1h,79643.80000000,79872.60000000,79558.11000000,79686.00000000,326.58104000
2026-08-28T06:00:00+00:00,BTC/USDT,1h,79686.00000000,79999.00000000,79685.99000000,79904.21000000,359.13230000
2026-08-28T07:00:00+00:00,BTC/USDT,1h,79904.21000000,79904.21000000,79573.36000000,79660.00000000,1018.10642000
2026-08-28T08:00:00+00:00,BTC/USDT,1h,79660.00000000,79840.00000000,79480.00000000,79516.78000000,526.20796000
2026-08-28T09:00:00+00:00,BTC/USDT,1h,79516.77000000,79516.78000000,79259.43000000,79285.19000000,541.74443000
2026-08-28T10:00:00+00:00,BTC/USDT,1h,79285.19000000,79571.99000000,79001.01000000,79565.89000000,548.77151000
2026-08-28T11:00:00+00:00,BTC/USDT,1h,79565.90000000,79770.29000000,79555.22000000,79604.13000000,394.07937000
2026-08-28T12:00:00+00:00,BTC/USDT,1h,79604.12000000,79727.36000000,79306.11000000,79421.05000000,400.05317000
2026-08-28T13:00:00+00:00,BTC/USDT,1h,79421.04000000,79635.01000000,79034.56000000,79330.75000000,843.22470000
2026-08-28T14:00:00+00:00,BTC/USDT,1h,79330.34000000,79706.64000000,78423.03000000,79542.44000000,2930.13002000
2026-08-28T15:00:00+00:00,BTC/USDT,1h,79542.44000000,79838.73000000,78312.64000000,78331.13000000,1255.01594000
2026-08-28T16:00:00+00:00,BTC/USDT,1h,78331.13000000,78404.00000000,76888.00000000,77788.46000000,2955.61638000
2026-08-28T17:00:00+00:00,BTC/USDT,1h,77788.45000000,78131.86000000,77642.78000000,77904.00000000,722.76014000
2026-08-28T18:00:00+00:00,BTC/USDT,1h,77904.00000000,77935.50000000,77270.00000000,77554.00000000,575.36359000
2026-08-28T19:00:00+00:00,BTC/USDT,1h,77554.00000000,77797.35000000,77376.00000000,77580.03000000,501.05200000
2026-08-28T20:00:00+00:00,BTC/USDT,1h,77580.03000000,77609.83000000,77310.24000000,77407.34000000,264.10726000
2026-08-28T21:00:00+00:00,BTC/USDT,1h,77407.34000000,77537.33000000,77255.69000000,77364.00000000,392.38715000
2026-08-28T22:00:00+00:00,BTC/USDT,1h,77364.00000000,77773.20000000,77342.00000000,77758.69000000,339.14252000
2026-08-28T23:00:00+00:00,BTC/USDT,1h,77758.69000000,77846.72000000,77640.74000000,77845.87000000,599.54517000
2026-08-29T00:00:00+00:00,BTC/USDT,1h,77845.88000000,77963.92000000,77722.00000000,77733.63000000,321.80979000
2026-08-29T01:00:00+00:00,BTC/USDT,1h,77733.63000000,77849.29000000,77631.28000000,77794.11000000,235.06968000
2026-08-29T02:00:00+00:00,BTC/USDT,1h,77794.11000000,77829.72000000,77584.53000000,77671.18000000,367.62079000
2026-08-29T03:00:00+00:00,BTC/USDT,1h,77671.18000000,77731.43000000,77507.16000000,77507.17000000,238.89187000
2026-08-29T04:00:00+00:00,BTC/USDT,1h,77507.17000000,77678.67000000,77507.17000000,77648.91000000,229.90598000
2026-08-29T05:00:00+00:00,BTC/USDT,1h,77648.91000000,77716.12000000,77604.06000000,77632.53000000,195.32253000
2026-08-29T06:00:00+00:00,BTC/USDT,1h,77632.52000000,77632.53000000,77382.37000000,77466.82000000,305.02922000
2026-08-29T07:00:00+00:00,BTC/USDT,1h,77466.83000000,77672.00000000,77438.01000000,77626.01000000,933.89852000
2026-08-29T08:00:00+00:00,BTC/USDT,1h,77626.01000000,77634.00000000,77487.73000000,77633.99000000,281.67849000
2026-08-29T09:00:00+00:00,BTC/USDT,1h,77634.00000000,77754.23000000,77566.01000000,77650.03000000,212.52791000
2026-08-29T10:00:00+00:00,BTC/USDT,1h,77650.02000000,77732.00000000,77526.00000000,77635.17000000,228.16206000
2026-08-29T11:00:00+00:00,BTC/USDT,1h,77635.17000000,77724.99000000,77573.32000000,77584.67000000,269.60514000
2026-08-29T12:00:00+00:00,BTC/USDT,1h,77584.66000000,77657.99000000,77506.63000000,77583.74000000,316.37633000
2026-08-29T13:00:00+00:00,BTC/USDT,1h,77583.74000000,77722.00000000,77559.45000000,77704.32000000,195.58499000
2026-08-29T14:00:00+00:00,BTC/USDT,1h,77704.32000000,78150.00000000,77663.83000000,78014.37000000,456.42164000
2026-08-29T15:00:00+00:00,BTC/USDT,1h,78014.37000000,78014.37000000,77806.90000000,77865.36000000,314.87544000
2026-08-29T16:00:00+00:00,BTC/USDT,1h,77865.36000000,78130.43000000,77858.29000000,78027.17000000,330.48346000
2026-08-29T17:00:00+00:00,BTC/USDT,1h,78027.17000000,78100.00000000,77896.00000000,78100.00000000,210.10626000
2026-08-29T18:00:00+00:00,BTC/USDT,1h,78099.99000000,78250.00000000,78018.02000000,78158.01000000,252.93546000
2026-08-29T19:00:00+00:00,BTC/USDT,1h,78158.01000000,78330.00000000,78138.87000000,78182.00000000,231.34566000
2026-08-29T20:00:00+00:00,BTC/USDT,1h,78181.99000000,78298.00000000,78117.95000000,78129.92000000,132.29288000
2026-08-29T21:00:00+00:00,BTC/USDT,1h,78129.92000000,78198.00000000,78062.00000000,78161.63000000,132.03751000
2026-08-29T22:00:00+00:00,BTC/USDT,1h,78161.62000000,78239.40000000,78086.00000000,78228.34000000,298.22816000
2026-08-29T23:00:00+00:00,BTC/USDT,1h,78228.33000000,78283.70000000,78190.00000000,78230.00000000,326.09280000
2026-08-30T00:00:00+00:00,BTC/USDT,1h,78230.00000000,78330.00000000,78147.17000000,78179.86000000,185.20224000
2026-08-30T01:00:00+00:00,BTC/USDT,1h,78179.86000000,78190.00000000,77994.02000000,78081.50000000,257.05271000
2026-08-30T02:00:00+00:00,BTC/USDT,1h,78081.49000000,78178.02000000,78014.74000000,78106.01000000,119.64466000
2026-08-30T03:00:00+00:00,BTC/USDT,1h,78106.00000000,78233.70000000,78065.99000000,78144.68000000,254.40453000
2026-08-30T04:00:00+00:00,BTC/USDT,1h,78144.68000000,78220.00000000,77990.00000000,78109.75000000,215.53426000
2026-08-30T05:00:00+00:00,BTC/USDT,1h,78109.74000000,78214.00000000,78109.74000000,78127.71000000,161.29313000
2026-08-30T06:00:00+00:00,BTC/USDT,1h,78127.72000000,78310.71000000,78106.07000000,78280.34000000,208.68022000
2026-08-30T07:00:00+00:00,BTC/USDT,1h,78280.34000000,78291.27000000,78118.00000000,78118.00000000,137.50550000
2026-08-30T08:00:00+00:00,BTC/USDT,1h,78118.00000000,78207.22000000,78034.00000000,78074.01000000,143.67594000
2026-08-30T09:00:00+00:00,BTC/USDT,1h,78074.01000000,78118.87000000,77986.00000000,78000.01000000,165.26795000
2026-08-30T10:00:00+00:00,BTC/USDT,1h,78000.01000000,78145.29000000,77962.49000000,78145.29000000,168.30514000
2026-08-30T11:00:00+00:00,BTC/USDT,1h,78145.29000000,78242.00000000,78117.11000000,78166.00000000,172.04094000
2026-08-30T12:00:00+00:00,BTC/USDT,1h,78165.99000000,78850.81000000,78165.99000000,78785.06000000,814.10982000
2026-08-30T13:00:00+00:00,BTC/USDT,1h,78785.06000000,78966.76000000,78590.14000000,78860.00000000,488.82020000
2026-08-30T14:00:00+00:00,BTC/USDT,1h,78860.01000000,78945.94000000,78722.00000000,78783.71000000,439.32977000
2026-08-30T15:00:00+00:00,BTC/USDT,1h,78783.70000000,78912.94000000,78626.00000000,78823.63000000,553.82108000
2026-08-30T16:00:00+00:00,BTC/USDT,1h,78823.62000000,79400.00000000,78750.00000000,79337.93000000,667.56388000
2026-08-30T17:00:00+00:00,BTC/USDT,1h,79337.93000000,79337.93000000,78774.85000000,79021.02000000,460.72685000
2026-08-30T18:00:00+00:00,BTC/USDT,1h,79021.02000000,79181.99000000,78776.00000000,79036.69000000,293.77870000
2026-08-30T19:00:00+00:00,BTC/USDT,1h,79036.68000000,79041.96000000,78721.98000000,78856.39000000,232.19118000
2026-08-30T20:00:00+00:00,BTC/USDT,1h,78856.39000000,78931.49000000,78438.23000000,78597.33000000,294.21340000
2026-08-30T21:00:00+00:00,BTC/USDT,1h,78597.32000000,78733.77000000,78229.82000000,78653.00000000,461.41088000
2026-08-30T22:00:00+00:00,BTC/USDT,1h,78653.00000000,78804.00000000,78280.00000000,78422.01000000,390.42367000
2026-08-30T23:00:00+00:00,BTC/USDT,1h,78422.01000000,78454.00000000,77000.00000000,77682.00000000,1800.42740000
2026-08-31T00:00:00+00:00,BTC/USDT,1h,77682.00000000,78185.89000000,77436.40000000,77937.04000000,711.43379000
2026-08-31T01:00:00+00:00,BTC/USDT,1h,77937.03000000,77993.03000000,77565.08000000,77640.94000000,567.26058000
2026-08-31T02:00:00+00:00,BTC/USDT,1h,77640.93000000,78000.00000000,77392.00000000,77473.99000000,573.39934000
2026-08-31T03:00:00+00:00,BTC/USDT,1h,77474.00000000,77872.00000000,77394.00000000,77756.71000000,278.92536000
2026-08-31T04:00:00+00:00,BTC/USDT,1h,77756.70000000,77769.11000000,77458.83000000,77622.28000000,550.02773000
2026-08-31T05:00:00+00:00,BTC/USDT,1h,77622.29000000,78156.78000000,77514.00000000,78016.00000000,511.92091000
2026-08-31T06:00:00+00:00,BTC/USDT,1h,78016.01000000,78156.77000000,77864.16000000,78093.87000000,968.02210000
2026-08-31T07:00:00+00:00,BTC/USDT,1h,78093.88000000,78322.56000000,78034.01000000,78196.01000000,716.03378000
2026-08-31T08:00:00+00:00,BTC/USDT,1h,78196.01000000,78521.89000000,77982.00000000,78480.80000000,782.74546000
2026-08-31T09:00:00+00:00,BTC/USDT,1h,78480.79000000,78802.00000000,78396.35000000,78511.03000000,624.76686000
2026-08-31T10:00:00+00:00,BTC/USDT,1h,78511.03000000,78732.00000000,78316.91000000,78710.01000000,576.71834000
2026-08-31T11:00:00+00:00,BTC/USDT,1h,78710.02000000,78710.02000000,78302.00000000,78315.43000000,482.35572000
2026-08-31T12:00:00+00:00,BTC/USDT,1h,78315.43000000,78543.86000000,77675.04000000,77930.39000000,816.61258000
2026-08-31T13:00:00+00:00,BTC/USDT,1h,77930.40000000,78282.00000000,77716.75000000,77867.39000000,1083.27160000
2026-08-31T14:00:00+00:00,BTC/USDT,1h,77867.39000000,78686.94000000,77746.60000000,78600.14000000,1368.66274000
2026-08-31T15:00:00+00:00,BTC/USDT,1h,78601.93000000,78777.90000000,78212.30000000,78580.42000000,1119.65651000
2026-08-31T16:00:00+00:00,BTC/USDT,1h,78580.43000000,78884.48000000,78524.00000000,78639.57000000,576.26452000
2026-08-31T17:00:00+00:00,BTC/USDT,1h,78639.57000000,79019.86000000,78494.00000000,78897.36000000,604.69852000
2026-08-31T18:00:00+00:00,BTC/USDT,1h,78897.35000000,79212.00000000,78779.24000000,79016.00000000,473.51591000
2026-08-31T19:00:00+00:00,BTC/USDT,1h,79016.01000000,79250.00000000,78851.93000000,78898.06000000,423.46335000
2026-08-31T20:00:00+00:00,BTC/USDT,1h,78898.06000000,79172.00000000,78784.32000000,78864.72000000,366.68341000
2026-08-31T21:00:00+00:00,BTC/USDT,1h,78864.73000000,79071.12000000,78732.22000000,78964.32000000,404.71113000
2026-08-31T22:00:00+00:00,BTC/USDT,1h,78964.33000000,79015.83000000,78579.30000000,78593.15000000,346.21313000
2026-08-31T23:00:00+00:00,BTC/USDT,1h,78593.15000000,78593.61000000,78405.01000000,78581.29000000,376.54265000
2026-09-01T00:00:00+00:00,BTC/USDT,1h,78581.30000000,78900.01000000,78562.00000000,78652.00000000,522.70913000
